<?xml version="1.0" encoding="UTF-8" standalone="yes"?>
<w:document xmlns:wpc="http://schemas.microsoft.com/office/word/2010/wordprocessingCanvas" xmlns:cx="http://schemas.microsoft.com/office/drawing/2014/chartex" xmlns:cx1="http://schemas.microsoft.com/office/drawing/2015/9/8/chartex" xmlns:cx2="http://schemas.microsoft.com/office/drawing/2015/10/21/chartex" xmlns:cx3="http://schemas.microsoft.com/office/drawing/2016/5/9/chartex" xmlns:cx4="http://schemas.microsoft.com/office/drawing/2016/5/10/chartex" xmlns:cx5="http://schemas.microsoft.com/office/drawing/2016/5/11/chartex" xmlns:cx6="http://schemas.microsoft.com/office/drawing/2016/5/12/chartex" xmlns:cx7="http://schemas.microsoft.com/office/drawing/2016/5/13/chartex" xmlns:cx8="http://schemas.microsoft.com/office/drawing/2016/5/14/chartex" xmlns:mc="http://schemas.openxmlformats.org/markup-compatibility/2006" xmlns:aink="http://schemas.microsoft.com/office/drawing/2016/ink" xmlns:am3d="http://schemas.microsoft.com/office/drawing/2017/model3d" xmlns:o="urn:schemas-microsoft-com:office:office" xmlns:r="http://schemas.openxmlformats.org/officeDocument/2006/relationships" xmlns:m="http://schemas.openxmlformats.org/officeDocument/2006/math" xmlns:v="urn:schemas-microsoft-com:vml" xmlns:wp14="http://schemas.microsoft.com/office/word/2010/wordprocessingDrawing" xmlns:wp="http://schemas.openxmlformats.org/drawingml/2006/wordprocessingDrawing" xmlns:w10="urn:schemas-microsoft-com:office:word" xmlns:w="http://schemas.openxmlformats.org/wordprocessingml/2006/main" xmlns:w14="http://schemas.microsoft.com/office/word/2010/wordml" xmlns:w15="http://schemas.microsoft.com/office/word/2012/wordml" xmlns:w16cid="http://schemas.microsoft.com/office/word/2016/wordml/cid" xmlns:w16se="http://schemas.microsoft.com/office/word/2015/wordml/symex" xmlns:wpg="http://schemas.microsoft.com/office/word/2010/wordprocessingGroup" xmlns:wpi="http://schemas.microsoft.com/office/word/2010/wordprocessingInk" xmlns:wne="http://schemas.microsoft.com/office/word/2006/wordml" xmlns:wps="http://schemas.microsoft.com/office/word/2010/wordprocessingShape" mc:Ignorable="w14 w15 w16se w16cid wp14"><w:body><w:tbl><w:tblPr><w:tblW w:w="10998" w:type="dxa"/><w:tblBorders><w:top w:val="single" w:sz="4" w:space="0" w:color="auto"/><w:left w:val="single" w:sz="4" w:space="0" w:color="auto"/><w:bottom w:val="single" w:sz="4" w:space="0" w:color="auto"/><w:right w:val="single" w:sz="4" w:space="0" w:color="auto"/><w:insideH w:val="single" w:sz="4" w:space="0" w:color="auto"/><w:insideV w:val="single" w:sz="4" w:space="0" w:color="auto"/></w:tblBorders><w:tblLayout w:type="fixed"/><w:tblLook w:val="0000" w:firstRow="0" w:lastRow="0" w:firstColumn="0" w:lastColumn="0" w:noHBand="0" w:noVBand="0"/></w:tblPr><w:tblGrid><w:gridCol w:w="2160"/><w:gridCol w:w="5148"/><w:gridCol w:w="3690"/></w:tblGrid><w:tr w:rsidR="00BA7C49" w14:paraId="181C25C1" w14:textId="77777777" w:rsidTr="009C56FD"><w:trPr><w:cantSplit/><w:trHeight w:val="917"/></w:trPr><w:tc><w:tcPr><w:tcW w:w="2160" w:type="dxa"/><w:vAlign w:val="center"/></w:tcPr><w:p w14:paraId="4620CB24" w14:textId="77777777" w:rsidR="00BA7C49" w:rsidRPr="004A2170" w:rsidRDefault="00BA7C49" w:rsidP="005220EE"><w:pPr><w:pStyle w:val="cell"/><w:spacing w:after="40" w:line="220" w:lineRule="exact"/><w:ind w:right="-138"/><w:rPr><w:bCs/></w:rPr></w:pPr><w:r w:rsidRPr="004A2170"><w:rPr><w:bCs/></w:rPr><w:t>Enter the name of the county in which the garnishment was filed.</w:t></w:r></w:p></w:tc><w:tc><w:tcPr><w:tcW w:w="5148" w:type="dxa"/><w:tcBorders><w:top w:val="nil"/><w:bottom w:val="nil"/><w:right w:val="nil"/></w:tcBorders><w:vAlign w:val="bottom"/></w:tcPr><w:p w14:paraId="731E1178" w14:textId="77777777" w:rsidR="00BA7C49" w:rsidRDefault="00BA7C49" w:rsidP="00A64C9D"><w:pPr><w:pStyle w:val="Header"/><w:keepNext/><w:keepLines/><w:tabs><w:tab w:val="clear" w:pos="4320"/><w:tab w:val="clear" w:pos="8640"/><w:tab w:val="left" w:pos="5712"/></w:tabs><w:spacing w:line="280" w:lineRule="exact"/><w:rPr><w:b/><w:bCs/></w:rPr></w:pPr><w:r><w:rPr><w:b/><w:bCs/></w:rPr><w:t xml:space="preserve">STATE OF </w:t></w:r><w:smartTag w:uri="urn:schemas-microsoft-com:office:smarttags" w:element="State"><w:smartTag w:uri="urn:schemas-microsoft-com:office:smarttags" w:element="place"><w:r><w:rPr><w:b/><w:bCs/></w:rPr><w:t>WISCONSIN</w:t></w:r></w:smartTag></w:smartTag><w:r><w:rPr><w:b/><w:bCs/></w:rPr><w:t xml:space="preserve">, CIRCUIT COURT, </w:t></w:r></w:p><w:p w14:paraId="63913049" w14:textId="5157C723" w:rsidR="00BA7C49" w:rsidRDefault="0067147D" w:rsidP="00473E19"><w:pPr><w:pStyle w:val="Header"/><w:keepNext/><w:keepLines/><w:tabs><w:tab w:val="clear" w:pos="4320"/><w:tab w:val="clear" w:pos="8640"/><w:tab w:val="left" w:pos="3960"/></w:tabs><w:spacing w:line="280" w:lineRule="exact"/><w:rPr><w:b/><w:bCs/><w:i/><w:sz w:val="24"/><w:u w:val="single"/></w:rPr></w:pPr><w:r><w:rPr><w:b/><w:bCs/><w:u w:val="single"/></w:rPr><w:t>JCOUNTY</w:t></w:r><w:bookmarkStart w:id="0" w:name="_GoBack"/><w:bookmarkEnd w:id="0"/><w:r w:rsidR="00BA7C49"><w:rPr><w:b/><w:bCs/><w:u w:val="single"/></w:rPr><w:tab/></w:r><w:r w:rsidR="00BA7C49"><w:rPr><w:b/><w:bCs/></w:rPr><w:t xml:space="preserve"> COUNTY</w:t></w:r></w:p><w:p w14:paraId="53F65EEC" w14:textId="77777777" w:rsidR="00BA7C49" w:rsidRDefault="00BA7C49" w:rsidP="00A64C9D"><w:pPr><w:pStyle w:val="Header"/><w:keepNext/><w:keepLines/><w:tabs><w:tab w:val="clear" w:pos="4320"/><w:tab w:val="clear" w:pos="8640"/><w:tab w:val="left" w:pos="5712"/></w:tabs><w:rPr><w:b/><w:bCs/><w:i/><w:sz w:val="24"/><w:u w:val="single"/></w:rPr></w:pPr></w:p></w:tc><w:tc><w:tcPr><w:tcW w:w="3690" w:type="dxa"/><w:vMerge w:val="restart"/><w:tcBorders><w:top w:val="nil"/><w:right w:val="nil"/></w:tcBorders></w:tcPr><w:p w14:paraId="2DA46DFC" w14:textId="77777777" w:rsidR="00BA7C49" w:rsidRPr="003A3201" w:rsidRDefault="00BA7C49" w:rsidP="00A64C9D"><w:pPr><w:pStyle w:val="Heading3"/><w:rPr><w:sz w:val="18"/><w:szCs w:val="18"/></w:rPr></w:pPr></w:p></w:tc></w:tr><w:tr w:rsidR="00BA7C49" w14:paraId="5D1AFEE3" w14:textId="77777777" w:rsidTr="009C56FD"><w:trPr><w:cantSplit/><w:trHeight w:val="1070"/></w:trPr><w:tc><w:tcPr><w:tcW w:w="2160" w:type="dxa"/><w:vAlign w:val="center"/></w:tcPr><w:p w14:paraId="0AE1225A" w14:textId="77777777" w:rsidR="00BA7C49" w:rsidRPr="004A2170" w:rsidRDefault="00BA7C49" w:rsidP="005220EE"><w:pPr><w:pStyle w:val="Caption1"/><w:tabs><w:tab w:val="center" w:pos="2040"/></w:tabs><w:spacing w:line="200" w:lineRule="exact"/><w:ind w:right="-144"/><w:rPr><w:rFonts w:ascii="Times New Roman" w:hAnsi="Times New Roman"/><w:bCs/><w:position w:val="0"/><w:sz w:val="18"/></w:rPr></w:pPr><w:r w:rsidRPr="00E77AD2"><w:rPr><w:rFonts w:ascii="Times New Roman" w:hAnsi="Times New Roman"/><w:b/><w:bCs/><w:position w:val="0"/><w:sz w:val="18"/></w:rPr><w:t>Creditor</w:t></w:r><w:r><w:rPr><w:rFonts w:ascii="Times New Roman" w:hAnsi="Times New Roman"/><w:bCs/><w:position w:val="0"/><w:sz w:val="18"/></w:rPr><w:t xml:space="preserve"> is the person /business who is entitled to receive money. </w:t></w:r><w:r w:rsidRPr="004A2170"><w:rPr><w:rFonts w:ascii="Times New Roman" w:hAnsi="Times New Roman"/><w:bCs/><w:position w:val="0"/><w:sz w:val="18"/></w:rPr><w:t xml:space="preserve">Enter the </w:t></w:r><w:r w:rsidRPr="004A2170"><w:rPr><w:rFonts w:ascii="Times New Roman" w:hAnsi="Times New Roman"/><w:b/><w:position w:val="0"/><w:sz w:val="18"/></w:rPr><w:t>Creditor’s</w:t></w:r><w:r><w:rPr><w:rFonts w:ascii="Times New Roman" w:hAnsi="Times New Roman"/><w:bCs/><w:position w:val="0"/><w:sz w:val="18"/></w:rPr><w:t xml:space="preserve"> name and </w:t></w:r><w:r w:rsidRPr="004A2170"><w:rPr><w:rFonts w:ascii="Times New Roman" w:hAnsi="Times New Roman"/><w:bCs/><w:position w:val="0"/><w:sz w:val="18"/></w:rPr><w:t>address.</w:t></w:r></w:p></w:tc><w:tc><w:tcPr><w:tcW w:w="5148" w:type="dxa"/><w:vMerge w:val="restart"/><w:tcBorders><w:bottom w:val="nil"/></w:tcBorders></w:tcPr><w:p w14:paraId="79EF83E0" w14:textId="77777777" w:rsidR="00BA7C49" w:rsidRDefault="00BA7C49" w:rsidP="0011425E"><w:pPr><w:pStyle w:val="Caption1"/><w:tabs><w:tab w:val="center" w:pos="2040"/><w:tab w:val="left" w:pos="4327"/></w:tabs><w:spacing w:line="120" w:lineRule="exact"/><w:rPr><w:sz w:val="20"/></w:rPr></w:pPr></w:p><w:p w14:paraId="74A31684" w14:textId="00A8EE35" w:rsidR="00BA7C49" w:rsidRDefault="00BA7C49" w:rsidP="0011425E"><w:pPr><w:pStyle w:val="Caption1"/><w:tabs><w:tab w:val="left" w:pos="957"/><w:tab w:val="left" w:pos="4327"/><w:tab w:val="left" w:pos="4932"/></w:tabs><w:spacing w:line="240" w:lineRule="atLeast"/><w:rPr><w:rFonts w:ascii="Times New Roman" w:hAnsi="Times New Roman"/><w:sz w:val="20"/><w:u w:val="single"/></w:rPr></w:pPr><w:r><w:rPr><w:sz w:val="20"/></w:rPr><w:t>Creditor:</w:t></w:r><w:r><w:rPr><w:sz w:val="20"/></w:rPr><w:tab/></w:r><w:r w:rsidR="00580FD4"><w:rPr><w:rFonts w:ascii="Times New Roman" w:hAnsi="Times New Roman"/><w:sz w:val="20"/><w:u w:val="single"/></w:rPr><w:t>CREDNAME</w:t></w:r><w:r w:rsidRPr="001A33C9"><w:rPr><w:rFonts w:ascii="Times New Roman" w:hAnsi="Times New Roman"/><w:sz w:val="20"/><w:u w:val="single"/></w:rPr><w:tab/></w:r></w:p><w:p w14:paraId="2FA3C6C2" w14:textId="27BBC0F8" w:rsidR="00BA7C49" w:rsidRDefault="00BA7C49" w:rsidP="0011425E"><w:pPr><w:pStyle w:val="Caption1"/><w:tabs><w:tab w:val="left" w:pos="957"/><w:tab w:val="left" w:pos="1092"/><w:tab w:val="left" w:pos="4327"/><w:tab w:val="left" w:pos="4932"/><w:tab w:val="center" w:pos="4962"/></w:tabs><w:spacing w:line="240" w:lineRule="atLeast"/><w:rPr><w:rFonts w:ascii="Times New Roman" w:hAnsi="Times New Roman"/><w:sz w:val="20"/><w:u w:val="single"/></w:rPr></w:pPr><w:r w:rsidRPr="00DC0AA2"><w:rPr><w:sz w:val="20"/></w:rPr><w:t>Address:</w:t></w:r><w:r><w:rPr><w:sz w:val="20"/></w:rPr><w:tab/></w:r><w:r w:rsidR="00580FD4"><w:rPr><w:rFonts w:ascii="Times New Roman" w:hAnsi="Times New Roman"/><w:sz w:val="20"/><w:u w:val="single"/></w:rPr><w:t>CREDADD1</w:t></w:r><w:r w:rsidRPr="001A33C9"><w:rPr><w:rFonts w:ascii="Times New Roman" w:hAnsi="Times New Roman"/><w:sz w:val="20"/><w:u w:val="single"/></w:rPr><w:tab/></w:r></w:p><w:p w14:paraId="390CBD3F" w14:textId="2CB49B9E" w:rsidR="008E668C" w:rsidRPr="003F7BC1" w:rsidRDefault="00580FD4" w:rsidP="008E668C"><w:pPr><w:pStyle w:val="Caption1"/><w:tabs><w:tab w:val="left" w:pos="957"/><w:tab w:val="left" w:pos="1092"/><w:tab w:val="left" w:pos="4327"/><w:tab w:val="left" w:pos="4932"/><w:tab w:val="center" w:pos="4962"/></w:tabs><w:spacing w:line="240" w:lineRule="atLeast"/><w:ind w:firstLine="961"/><w:rPr><w:rFonts w:ascii="Times New Roman" w:hAnsi="Times New Roman"/><w:sz w:val="20"/></w:rPr></w:pPr><w:r><w:rPr><w:rFonts w:ascii="Times New Roman" w:hAnsi="Times New Roman"/><w:sz w:val="20"/><w:u w:val="single"/></w:rPr><w:t>CREDADD2</w:t></w:r><w:r w:rsidR="008E668C" w:rsidRPr="001A33C9"><w:rPr><w:rFonts w:ascii="Times New Roman" w:hAnsi="Times New Roman"/><w:sz w:val="20"/><w:u w:val="single"/></w:rPr><w:tab/></w:r></w:p><w:p w14:paraId="38C4D947" w14:textId="77777777" w:rsidR="00BA7C49" w:rsidRDefault="00473E19" w:rsidP="00473E19"><w:pPr><w:pStyle w:val="Caption1"/><w:tabs><w:tab w:val="left" w:pos="492"/><w:tab w:val="left" w:pos="957"/><w:tab w:val="left" w:pos="4327"/><w:tab w:val="left" w:pos="4932"/></w:tabs><w:spacing w:before="120" w:line="240" w:lineRule="atLeast"/><w:rPr><w:position w:val="12"/></w:rPr></w:pPr><w:r><w:rPr><w:sz w:val="20"/></w:rPr><w:t>-vs-</w:t></w:r></w:p><w:p w14:paraId="72D045E4" w14:textId="77777777" w:rsidR="00BA7C49" w:rsidRDefault="00BA7C49" w:rsidP="0011425E"><w:pPr><w:pStyle w:val="Caption1"/><w:tabs><w:tab w:val="left" w:pos="12"/><w:tab w:val="left" w:pos="957"/><w:tab w:val="left" w:pos="4092"/><w:tab w:val="left" w:pos="4327"/></w:tabs><w:spacing w:line="160" w:lineRule="exact"/><w:jc w:val="both"/><w:rPr><w:sz w:val="20"/></w:rPr></w:pPr></w:p><w:p w14:paraId="3B163882" w14:textId="4C4FE9F2" w:rsidR="00BA7C49" w:rsidRDefault="00BA7C49" w:rsidP="0011425E"><w:pPr><w:pStyle w:val="Caption1"/><w:tabs><w:tab w:val="left" w:pos="12"/><w:tab w:val="left" w:pos="957"/><w:tab w:val="left" w:pos="4327"/><w:tab w:val="left" w:pos="4962"/></w:tabs><w:spacing w:line="240" w:lineRule="atLeast"/><w:jc w:val="both"/></w:pPr><w:r><w:rPr><w:sz w:val="20"/></w:rPr><w:t>Debtor:</w:t></w:r><w:r><w:rPr><w:sz w:val="20"/></w:rPr><w:tab/></w:r><w:r w:rsidR="00580FD4"><w:rPr><w:rFonts w:ascii="Times New Roman" w:hAnsi="Times New Roman"/><w:sz w:val="20"/><w:u w:val="single"/></w:rPr><w:t>DEBTORNAME</w:t></w:r><w:r w:rsidRPr="001A33C9"><w:rPr><w:rFonts w:ascii="Times New Roman" w:hAnsi="Times New Roman"/><w:sz w:val="20"/><w:u w:val="single"/></w:rPr><w:tab/></w:r></w:p><w:p w14:paraId="5E82B6A8" w14:textId="34542BA9" w:rsidR="00BA7C49" w:rsidRDefault="00BA7C49" w:rsidP="0011425E"><w:pPr><w:pStyle w:val="Caption1"/><w:tabs><w:tab w:val="left" w:pos="12"/><w:tab w:val="left" w:pos="1002"/><w:tab w:val="left" w:pos="4327"/><w:tab w:val="left" w:pos="4962"/></w:tabs><w:spacing w:line="240" w:lineRule="atLeast"/><w:jc w:val="both"/><w:rPr><w:rFonts w:ascii="Times New Roman" w:hAnsi="Times New Roman"/><w:sz w:val="20"/><w:u w:val="single"/></w:rPr></w:pPr><w:r w:rsidRPr="003F7BC1"><w:rPr><w:rFonts w:cs="Arial"/><w:sz w:val="20"/></w:rPr><w:t>Address:</w:t></w:r><w:r><w:rPr><w:rFonts w:cs="Arial"/><w:sz w:val="20"/></w:rPr><w:tab/></w:r><w:r w:rsidR="008E668C"><w:rPr><w:rFonts w:ascii="Times New Roman" w:hAnsi="Times New Roman"/><w:sz w:val="20"/><w:u w:val="single"/></w:rPr><w:fldChar w:fldCharType="begin"/></w:r><w:r w:rsidR="008E668C"><w:rPr><w:rFonts w:ascii="Times New Roman" w:hAnsi="Times New Roman"/><w:sz w:val="20"/><w:u w:val="single"/></w:rPr><w:instrText xml:space="preserve"> MERGEFIELD DEF_AD_1 </w:instrText></w:r><w:r w:rsidR="008E668C"><w:rPr><w:rFonts w:ascii="Times New Roman" w:hAnsi="Times New Roman"/><w:sz w:val="20"/><w:u w:val="single"/></w:rPr><w:fldChar w:fldCharType="separate"/></w:r><w:r w:rsidR="00580FD4"><w:rPr><w:rFonts w:ascii="Times New Roman" w:hAnsi="Times New Roman"/><w:noProof/><w:sz w:val="20"/><w:u w:val="single"/></w:rPr><w:t>DEBTORADD1</w:t></w:r><w:r w:rsidR="008E668C"><w:rPr><w:rFonts w:ascii="Times New Roman" w:hAnsi="Times New Roman"/><w:sz w:val="20"/><w:u w:val="single"/></w:rPr><w:fldChar w:fldCharType="end"/></w:r><w:r w:rsidR="00580FD4" w:rsidRPr="001A33C9"><w:rPr><w:rFonts w:ascii="Times New Roman" w:hAnsi="Times New Roman"/><w:sz w:val="20"/><w:u w:val="single"/></w:rPr><w:t xml:space="preserve"> </w:t></w:r><w:r w:rsidRPr="001A33C9"><w:rPr><w:rFonts w:ascii="Times New Roman" w:hAnsi="Times New Roman"/><w:sz w:val="20"/><w:u w:val="single"/></w:rPr><w:tab/></w:r></w:p><w:p w14:paraId="57A6264B" w14:textId="441B2638" w:rsidR="008E668C" w:rsidRPr="003F7BC1" w:rsidRDefault="00580FD4" w:rsidP="008E668C"><w:pPr><w:pStyle w:val="Caption1"/><w:tabs><w:tab w:val="left" w:pos="12"/><w:tab w:val="left" w:pos="1002"/><w:tab w:val="left" w:pos="4327"/><w:tab w:val="left" w:pos="4962"/></w:tabs><w:spacing w:line="240" w:lineRule="atLeast"/><w:ind w:firstLine="961"/><w:jc w:val="both"/></w:pPr><w:r><w:rPr><w:rFonts w:ascii="Times New Roman" w:hAnsi="Times New Roman"/><w:sz w:val="20"/><w:u w:val="single"/></w:rPr><w:t>DEBTORADD2</w:t></w:r><w:r w:rsidR="008E668C" w:rsidRPr="001A33C9"><w:rPr><w:rFonts w:ascii="Times New Roman" w:hAnsi="Times New Roman"/><w:sz w:val="20"/><w:u w:val="single"/></w:rPr><w:tab/></w:r></w:p></w:tc><w:tc><w:tcPr><w:tcW w:w="3690" w:type="dxa"/><w:vMerge/><w:tcBorders><w:right w:val="nil"/></w:tcBorders></w:tcPr><w:p w14:paraId="1C17EE3B" w14:textId="77777777" w:rsidR="00BA7C49" w:rsidRDefault="00BA7C49" w:rsidP="00A64C9D"><w:pPr><w:pStyle w:val="Caption1"/></w:pPr></w:p></w:tc></w:tr><w:tr w:rsidR="00BA7C49" w14:paraId="376CD4C6" w14:textId="77777777" w:rsidTr="009C56FD"><w:trPr><w:cantSplit/><w:trHeight w:val="390"/></w:trPr><w:tc><w:tcPr><w:tcW w:w="2160" w:type="dxa"/><w:vMerge w:val="restart"/><w:vAlign w:val="center"/></w:tcPr><w:p w14:paraId="6FB11FCE" w14:textId="77777777" w:rsidR="00BA7C49" w:rsidRPr="00A07606" w:rsidRDefault="00BA7C49" w:rsidP="005220EE"><w:pPr><w:pStyle w:val="Caption1"/><w:tabs><w:tab w:val="center" w:pos="2610"/></w:tabs><w:spacing w:line="220" w:lineRule="exact"/><w:ind w:right="-144"/><w:rPr><w:rFonts w:ascii="Times New Roman" w:hAnsi="Times New Roman"/><w:sz w:val="18"/><w:szCs w:val="18"/></w:rPr></w:pPr><w:r w:rsidRPr="00E77AD2"><w:rPr><w:rFonts w:ascii="Times New Roman" w:hAnsi="Times New Roman"/><w:b/><w:sz w:val="18"/><w:szCs w:val="18"/></w:rPr><w:t>Debtor</w:t></w:r><w:r w:rsidRPr="00A07606"><w:rPr><w:rFonts w:ascii="Times New Roman" w:hAnsi="Times New Roman"/><w:sz w:val="18"/><w:szCs w:val="18"/></w:rPr><w:t xml:space="preserve"> is the person /business who owes the money. Enter the </w:t></w:r><w:r w:rsidRPr="00A07606"><w:rPr><w:rFonts w:ascii="Times New Roman" w:hAnsi="Times New Roman"/><w:b/><w:bCs/><w:sz w:val="18"/><w:szCs w:val="18"/></w:rPr><w:t>Debtor’s</w:t></w:r><w:r w:rsidRPr="00A07606"><w:rPr><w:rFonts w:ascii="Times New Roman" w:hAnsi="Times New Roman"/><w:sz w:val="18"/><w:szCs w:val="18"/></w:rPr><w:t xml:space="preserve"> name and address.</w:t></w:r></w:p></w:tc><w:tc><w:tcPr><w:tcW w:w="5148" w:type="dxa"/><w:vMerge/><w:tcBorders><w:bottom w:val="nil"/></w:tcBorders></w:tcPr><w:p w14:paraId="791E1DC4" w14:textId="77777777" w:rsidR="00BA7C49" w:rsidRDefault="00BA7C49" w:rsidP="0011425E"><w:pPr><w:pStyle w:val="Caption1"/><w:tabs><w:tab w:val="left" w:pos="4327"/></w:tabs></w:pPr></w:p></w:tc><w:tc><w:tcPr><w:tcW w:w="3690" w:type="dxa"/><w:vMerge/><w:tcBorders><w:right w:val="nil"/></w:tcBorders></w:tcPr><w:p w14:paraId="1368D2D4" w14:textId="77777777" w:rsidR="00BA7C49" w:rsidRDefault="00BA7C49" w:rsidP="00A64C9D"><w:pPr><w:pStyle w:val="Caption1"/></w:pPr></w:p></w:tc></w:tr><w:tr w:rsidR="00FC09BE" w14:paraId="298B54DE" w14:textId="77777777" w:rsidTr="009C56FD"><w:trPr><w:cantSplit/><w:trHeight w:val="512"/></w:trPr><w:tc><w:tcPr><w:tcW w:w="2160" w:type="dxa"/><w:vMerge/><w:tcBorders><w:top w:val="nil"/></w:tcBorders><w:vAlign w:val="center"/></w:tcPr><w:p w14:paraId="652B8DE3" w14:textId="77777777" w:rsidR="00FC09BE" w:rsidRPr="004A2170" w:rsidRDefault="00FC09BE" w:rsidP="005220EE"><w:pPr><w:pStyle w:val="Caption1"/><w:tabs><w:tab w:val="center" w:pos="2610"/></w:tabs><w:ind w:right="-138"/></w:pPr></w:p></w:tc><w:tc><w:tcPr><w:tcW w:w="5148" w:type="dxa"/><w:vMerge/><w:tcBorders><w:bottom w:val="nil"/><w:right w:val="nil"/></w:tcBorders></w:tcPr><w:p w14:paraId="52EF3520" w14:textId="77777777" w:rsidR="00FC09BE" w:rsidRDefault="00FC09BE" w:rsidP="0011425E"><w:pPr><w:pStyle w:val="Caption1"/><w:tabs><w:tab w:val="left" w:pos="4327"/></w:tabs></w:pPr></w:p></w:tc><w:tc><w:tcPr><w:tcW w:w="3690" w:type="dxa"/><w:vMerge w:val="restart"/><w:tcBorders><w:left w:val="nil"/><w:right w:val="nil"/></w:tcBorders></w:tcPr><w:p w14:paraId="3DD5E989" w14:textId="77777777" w:rsidR="00FC09BE" w:rsidRDefault="00FC09BE" w:rsidP="00A64C9D"><w:pPr><w:jc w:val="center"/><w:rPr><w:b/><w:sz w:val="24"/></w:rPr></w:pPr></w:p><w:p w14:paraId="526D0F99" w14:textId="77777777" w:rsidR="003A3201" w:rsidRDefault="003A3201" w:rsidP="00A64C9D"><w:pPr><w:jc w:val="center"/><w:rPr><w:b/><w:sz w:val="24"/></w:rPr></w:pPr></w:p><w:p w14:paraId="3CFC50D3" w14:textId="77777777" w:rsidR="00B431ED" w:rsidRDefault="003D7940" w:rsidP="009C56FD"><w:pPr><w:spacing w:line="280" w:lineRule="exact"/><w:jc w:val="center"/><w:rPr><w:b/><w:sz w:val="24"/></w:rPr></w:pPr><w:r><w:rPr><w:b/><w:sz w:val="24"/></w:rPr><w:t>Garnishee</w:t></w:r><w:r w:rsidR="00E402E5"><w:rPr><w:b/><w:sz w:val="24"/></w:rPr><w:t xml:space="preserve"> Answer</w:t></w:r><w:r w:rsidR="00AC1166"><w:rPr><w:b/><w:sz w:val="24"/></w:rPr><w:t xml:space="preserve"> to Creditor</w:t></w:r><w:r w:rsidR="00F837B6"><w:rPr><w:b/><w:sz w:val="24"/></w:rPr><w:t xml:space="preserve"> </w:t></w:r></w:p><w:p w14:paraId="36B58C3D" w14:textId="77777777" w:rsidR="009C56FD" w:rsidRDefault="00B431ED" w:rsidP="00B431ED"><w:pPr><w:spacing w:line="280" w:lineRule="exact"/><w:jc w:val="center"/><w:rPr><w:b/><w:sz w:val="24"/></w:rPr></w:pPr><w:r><w:rPr><w:b/><w:sz w:val="24"/></w:rPr><w:t>Earnings Garnishment</w:t></w:r><w:r w:rsidR="009C56FD"><w:rPr><w:b/><w:sz w:val="24"/></w:rPr><w:t xml:space="preserve"> </w:t></w:r></w:p><w:p w14:paraId="6DD1D4FA" w14:textId="77777777" w:rsidR="00FC09BE" w:rsidRDefault="009C56FD" w:rsidP="00B431ED"><w:pPr><w:spacing w:line="280" w:lineRule="exact"/><w:jc w:val="center"/></w:pPr><w:r><w:rPr><w:b/><w:sz w:val="24"/></w:rPr><w:t>(Small Claims)</w:t></w:r></w:p><w:p w14:paraId="25E46C57" w14:textId="77777777" w:rsidR="000F2FF3" w:rsidRDefault="000F2FF3" w:rsidP="00A64C9D"><w:pPr><w:ind w:left="342"/><w:rPr><w:b/><w:bCs/><w:noProof/></w:rPr></w:pPr></w:p><w:p w14:paraId="471D0046" w14:textId="77777777" w:rsidR="003A3201" w:rsidRDefault="003A3201" w:rsidP="00A64C9D"><w:pPr><w:ind w:left="342"/><w:rPr><w:b/><w:bCs/><w:noProof/></w:rPr></w:pPr></w:p><w:p w14:paraId="3EA05FE3" w14:textId="51AA86DD" w:rsidR="00FC09BE" w:rsidRDefault="00FC09BE" w:rsidP="00F10DFB"><w:pPr><w:tabs><w:tab w:val="left" w:pos="3221"/></w:tabs><w:ind w:left="252"/><w:rPr><w:u w:val="single"/></w:rPr></w:pPr><w:r><w:t xml:space="preserve">Case No. </w:t></w:r><w:r w:rsidR="00580FD4"><w:rPr><w:rFonts w:ascii="Times New Roman" w:hAnsi="Times New Roman"/><w:u w:val="single"/></w:rPr><w:t>CASENO</w:t></w:r><w:r w:rsidRPr="00F10DFB"><w:rPr><w:rFonts w:ascii="Times New Roman" w:hAnsi="Times New Roman"/><w:u w:val="single"/></w:rPr><w:tab/></w:r></w:p></w:tc></w:tr><w:tr w:rsidR="00FC09BE" w14:paraId="16ABB711" w14:textId="77777777" w:rsidTr="009C56FD"><w:trPr><w:cantSplit/><w:trHeight w:val="525"/></w:trPr><w:tc><w:tcPr><w:tcW w:w="2160" w:type="dxa"/><w:vAlign w:val="center"/></w:tcPr><w:p w14:paraId="61439479" w14:textId="77777777" w:rsidR="00F10DFB" w:rsidRDefault="00BA7C49" w:rsidP="00F10DFB"><w:pPr><w:pStyle w:val="Caption1"/><w:tabs><w:tab w:val="center" w:pos="2610"/></w:tabs><w:spacing w:line="220" w:lineRule="exact"/><w:ind w:right="-48"/><w:rPr><w:rFonts w:ascii="Times New Roman" w:hAnsi="Times New Roman"/><w:bCs/><w:position w:val="0"/><w:sz w:val="18"/></w:rPr></w:pPr><w:r w:rsidRPr="00E77AD2"><w:rPr><w:rFonts w:ascii="Times New Roman" w:hAnsi="Times New Roman"/><w:b/><w:bCs/><w:position w:val="0"/><w:sz w:val="18"/></w:rPr><w:t>Garnishee</w:t></w:r><w:r><w:rPr><w:rFonts w:ascii="Times New Roman" w:hAnsi="Times New Roman"/><w:bCs/><w:position w:val="0"/><w:sz w:val="18"/></w:rPr><w:t xml:space="preserve"> is the person or company that has or is holding money of the debtor (money accounts, wages, ect.) and who is being asked to send it to the creditor. </w:t></w:r><w:r w:rsidR="00FC09BE" w:rsidRPr="004A2170"><w:rPr><w:rFonts w:ascii="Times New Roman" w:hAnsi="Times New Roman"/><w:bCs/><w:position w:val="0"/><w:sz w:val="18"/></w:rPr><w:t xml:space="preserve">Enter </w:t></w:r><w:r w:rsidR="002926AD" w:rsidRPr="004A2170"><w:rPr><w:rFonts w:ascii="Times New Roman" w:hAnsi="Times New Roman"/><w:bCs/><w:position w:val="0"/><w:sz w:val="18"/></w:rPr><w:t xml:space="preserve">the </w:t></w:r><w:r w:rsidR="00843967" w:rsidRPr="004A2170"><w:rPr><w:rFonts w:ascii="Times New Roman" w:hAnsi="Times New Roman"/><w:b/><w:position w:val="0"/><w:sz w:val="18"/></w:rPr><w:t>Garnishee’s</w:t></w:r><w:r w:rsidR="00843967" w:rsidRPr="004A2170"><w:rPr><w:rFonts w:ascii="Times New Roman" w:hAnsi="Times New Roman"/><w:bCs/><w:position w:val="0"/><w:sz w:val="18"/></w:rPr><w:t xml:space="preserve"> name</w:t></w:r><w:r w:rsidR="00F10DFB"><w:rPr><w:rFonts w:ascii="Times New Roman" w:hAnsi="Times New Roman"/><w:bCs/><w:position w:val="0"/><w:sz w:val="18"/></w:rPr><w:t xml:space="preserve">, </w:t></w:r><w:r w:rsidR="00843967" w:rsidRPr="004A2170"><w:rPr><w:rFonts w:ascii="Times New Roman" w:hAnsi="Times New Roman"/><w:bCs/><w:position w:val="0"/><w:sz w:val="18"/></w:rPr><w:t>address</w:t></w:r><w:r w:rsidR="00F10DFB"><w:rPr><w:rFonts w:ascii="Times New Roman" w:hAnsi="Times New Roman"/><w:bCs/><w:position w:val="0"/><w:sz w:val="18"/></w:rPr><w:t xml:space="preserve"> and phone number.</w:t></w:r></w:p><w:p w14:paraId="78A3DF43" w14:textId="77777777" w:rsidR="00FC09BE" w:rsidRPr="004A2170" w:rsidRDefault="008D62E6" w:rsidP="00F10DFB"><w:pPr><w:pStyle w:val="Caption1"/><w:tabs><w:tab w:val="center" w:pos="2610"/></w:tabs><w:spacing w:line="220" w:lineRule="exact"/><w:ind w:right="-48"/><w:rPr><w:rFonts w:ascii="Times New Roman" w:hAnsi="Times New Roman"/></w:rPr></w:pPr><w:r w:rsidRPr="004A2170"><w:rPr><w:rFonts w:ascii="Times New Roman" w:hAnsi="Times New Roman"/><w:bCs/><w:position w:val="0"/><w:sz w:val="18"/></w:rPr><w:t>You are the garnishee.</w:t></w:r></w:p></w:tc><w:tc><w:tcPr><w:tcW w:w="5148" w:type="dxa"/><w:vMerge w:val="restart"/><w:tcBorders><w:top w:val="nil"/><w:right w:val="nil"/></w:tcBorders></w:tcPr><w:p w14:paraId="41B91077" w14:textId="77777777" w:rsidR="001F2612" w:rsidRPr="00473E19" w:rsidRDefault="00473E19" w:rsidP="0011425E"><w:pPr><w:pStyle w:val="Caption1"/><w:tabs><w:tab w:val="center" w:pos="2040"/><w:tab w:val="left" w:pos="4327"/></w:tabs><w:spacing w:line="240" w:lineRule="atLeast"/><w:rPr><w:bCs/><w:sz w:val="20"/></w:rPr></w:pPr><w:r w:rsidRPr="00473E19"><w:rPr><w:bCs/><w:sz w:val="20"/></w:rPr><w:t>and</w:t></w:r></w:p><w:p w14:paraId="73B97A45" w14:textId="77777777" w:rsidR="00473E19" w:rsidRDefault="00473E19" w:rsidP="0011425E"><w:pPr><w:pStyle w:val="Caption1"/><w:tabs><w:tab w:val="center" w:pos="2040"/><w:tab w:val="left" w:pos="4327"/></w:tabs><w:spacing w:line="240" w:lineRule="atLeast"/><w:rPr><w:b/><w:bCs/><w:sz w:val="20"/></w:rPr></w:pPr></w:p><w:p w14:paraId="2D94AF7D" w14:textId="753BFDE1" w:rsidR="0011425E" w:rsidRDefault="008D62E6" w:rsidP="0011425E"><w:pPr><w:pStyle w:val="Caption1"/><w:tabs><w:tab w:val="left" w:pos="987"/><w:tab w:val="left" w:pos="4327"/><w:tab w:val="left" w:pos="4962"/><w:tab w:val="center" w:pos="5052"/></w:tabs><w:spacing w:line="240" w:lineRule="atLeast"/><w:rPr><w:rFonts w:cs="Arial"/><w:sz w:val="20"/></w:rPr></w:pPr><w:r w:rsidRPr="00DC0AA2"><w:rPr><w:sz w:val="20"/></w:rPr><w:t>Garnishee:</w:t></w:r><w:r><w:rPr><w:b/><w:bCs/><w:sz w:val="20"/></w:rPr><w:tab/></w:r><w:r w:rsidR="00580FD4"><w:rPr><w:rFonts w:ascii="Times New Roman" w:hAnsi="Times New Roman"/><w:sz w:val="20"/><w:u w:val="single"/></w:rPr><w:t>EMPLOYERNAME1</w:t></w:r><w:r w:rsidR="001A33C9" w:rsidRPr="001A33C9"><w:rPr><w:rFonts w:ascii="Times New Roman" w:hAnsi="Times New Roman"/><w:sz w:val="20"/><w:u w:val="single"/></w:rPr><w:tab/></w:r><w:r w:rsidRPr="00DC0AA2"><w:rPr><w:rFonts w:cs="Arial"/><w:sz w:val="20"/></w:rPr><w:t xml:space="preserve"> </w:t></w:r></w:p><w:p w14:paraId="3C1D2328" w14:textId="1C9E040F" w:rsidR="00FC09BE" w:rsidRDefault="008D62E6" w:rsidP="0011425E"><w:pPr><w:pStyle w:val="Caption1"/><w:tabs><w:tab w:val="left" w:pos="987"/><w:tab w:val="left" w:pos="4327"/><w:tab w:val="left" w:pos="4962"/><w:tab w:val="center" w:pos="5052"/></w:tabs><w:spacing w:line="240" w:lineRule="atLeast"/><w:rPr><w:rFonts w:ascii="Times New Roman" w:hAnsi="Times New Roman"/><w:sz w:val="20"/><w:u w:val="single"/></w:rPr></w:pPr><w:r w:rsidRPr="00DC0AA2"><w:rPr><w:rFonts w:cs="Arial"/><w:sz w:val="20"/></w:rPr><w:t>Address</w:t></w:r><w:r><w:rPr><w:rFonts w:cs="Arial"/><w:sz w:val="20"/></w:rPr><w:t>:</w:t></w:r><w:r><w:rPr><w:rFonts w:cs="Arial"/><w:sz w:val="20"/></w:rPr><w:tab/></w:r><w:r w:rsidR="00580FD4"><w:rPr><w:rFonts w:ascii="Times New Roman" w:hAnsi="Times New Roman"/><w:sz w:val="20"/><w:u w:val="single"/></w:rPr><w:t>EMPLOYERADD1</w:t></w:r><w:r w:rsidR="001A33C9" w:rsidRPr="001A33C9"><w:rPr><w:rFonts w:ascii="Times New Roman" w:hAnsi="Times New Roman"/><w:sz w:val="20"/><w:u w:val="single"/></w:rPr><w:tab/></w:r></w:p><w:p w14:paraId="44DA79B7" w14:textId="5405F493" w:rsidR="00F10DFB" w:rsidRPr="008E668C" w:rsidRDefault="00580FD4" w:rsidP="008E668C"><w:pPr><w:pStyle w:val="Caption1"/><w:tabs><w:tab w:val="left" w:pos="987"/><w:tab w:val="left" w:pos="4327"/><w:tab w:val="left" w:pos="4962"/><w:tab w:val="center" w:pos="5052"/></w:tabs><w:spacing w:line="240" w:lineRule="atLeast"/><w:ind w:firstLine="961"/><w:rPr><w:rFonts w:ascii="Times New Roman" w:hAnsi="Times New Roman"/><w:sz w:val="20"/><w:u w:val="single"/></w:rPr></w:pPr><w:r><w:rPr><w:rFonts w:ascii="Times New Roman" w:hAnsi="Times New Roman"/><w:sz w:val="20"/><w:u w:val="single"/></w:rPr><w:t>EMPLOYERADD2</w:t></w:r><w:r w:rsidR="008E668C" w:rsidRPr="001A33C9"><w:rPr><w:rFonts w:ascii="Times New Roman" w:hAnsi="Times New Roman"/><w:sz w:val="20"/><w:u w:val="single"/></w:rPr><w:tab/></w:r></w:p></w:tc><w:tc><w:tcPr><w:tcW w:w="3690" w:type="dxa"/><w:vMerge/><w:tcBorders><w:left w:val="nil"/><w:right w:val="nil"/></w:tcBorders></w:tcPr><w:p w14:paraId="0C7C4690" w14:textId="77777777" w:rsidR="00FC09BE" w:rsidRDefault="00FC09BE" w:rsidP="00A64C9D"/></w:tc></w:tr><w:tr w:rsidR="00FC09BE" w14:paraId="37964BE3" w14:textId="77777777" w:rsidTr="009C56FD"><w:trPr><w:cantSplit/><w:trHeight w:val="395"/></w:trPr><w:tc><w:tcPr><w:tcW w:w="2160" w:type="dxa"/><w:vAlign w:val="center"/></w:tcPr><w:p w14:paraId="549AB5DB" w14:textId="77777777" w:rsidR="00FC09BE" w:rsidRPr="004A2170" w:rsidRDefault="003E715B" w:rsidP="00A64C9D"><w:pPr><w:pStyle w:val="Caption1"/><w:tabs><w:tab w:val="center" w:pos="2610"/></w:tabs><w:rPr><w:rFonts w:ascii="Times New Roman" w:hAnsi="Times New Roman"/><w:bCs/><w:position w:val="0"/><w:sz w:val="18"/></w:rPr></w:pPr><w:r w:rsidRPr="004A2170"><w:rPr><w:rFonts w:ascii="Times New Roman" w:hAnsi="Times New Roman"/><w:position w:val="0"/><w:sz w:val="18"/></w:rPr><w:t>Enter the</w:t></w:r><w:r w:rsidR="00FC09BE" w:rsidRPr="004A2170"><w:rPr><w:rFonts w:ascii="Times New Roman" w:hAnsi="Times New Roman"/><w:bCs/><w:position w:val="0"/><w:sz w:val="18"/></w:rPr><w:t xml:space="preserve"> case number</w:t></w:r><w:r w:rsidRPr="004A2170"><w:rPr><w:rFonts w:ascii="Times New Roman" w:hAnsi="Times New Roman"/><w:bCs/><w:position w:val="0"/><w:sz w:val="18"/></w:rPr><w:t>.</w:t></w:r></w:p></w:tc><w:tc><w:tcPr><w:tcW w:w="5148" w:type="dxa"/><w:vMerge/><w:tcBorders><w:right w:val="nil"/></w:tcBorders></w:tcPr><w:p w14:paraId="4E3F729E" w14:textId="77777777" w:rsidR="00FC09BE" w:rsidRDefault="00FC09BE" w:rsidP="00A64C9D"><w:pPr><w:pStyle w:val="Caption1"/><w:tabs><w:tab w:val="center" w:pos="2040"/></w:tabs><w:spacing w:line="240" w:lineRule="atLeast"/><w:rPr><w:sz w:val="20"/></w:rPr></w:pPr></w:p></w:tc><w:tc><w:tcPr><w:tcW w:w="3690" w:type="dxa"/><w:vMerge/><w:tcBorders><w:left w:val="nil"/><w:right w:val="nil"/></w:tcBorders></w:tcPr><w:p w14:paraId="731CEBFD" w14:textId="77777777" w:rsidR="00FC09BE" w:rsidRDefault="00FC09BE" w:rsidP="00A64C9D"/></w:tc></w:tr><w:tr w:rsidR="0011425E" w14:paraId="695B7681" w14:textId="77777777" w:rsidTr="009C56FD"><w:trPr><w:cantSplit/><w:trHeight w:val="395"/></w:trPr><w:tc><w:tcPr><w:tcW w:w="2160" w:type="dxa"/><w:vAlign w:val="center"/></w:tcPr><w:p w14:paraId="1BEA0A6D" w14:textId="77777777" w:rsidR="0011425E" w:rsidRPr="004A2170" w:rsidRDefault="0011425E" w:rsidP="00D23DFB"><w:pPr><w:pStyle w:val="cell"/><w:spacing w:line="220" w:lineRule="exact"/><w:ind w:right="-36"/></w:pPr><w:r w:rsidRPr="004A2170"><w:t xml:space="preserve">For 2, check a, b, c, d, or e. </w:t></w:r></w:p><w:p w14:paraId="7C9EAB98" w14:textId="77777777" w:rsidR="0011425E" w:rsidRPr="004A2170" w:rsidRDefault="0011425E" w:rsidP="00D23DFB"><w:pPr><w:pStyle w:val="cell"/><w:spacing w:line="220" w:lineRule="exact"/><w:ind w:right="-36"/></w:pPr><w:r w:rsidRPr="004A2170"><w:t>If 2b, check 1 or 2.</w:t></w:r></w:p><w:p w14:paraId="6E29E8AB" w14:textId="77777777" w:rsidR="0011425E" w:rsidRPr="004A2170" w:rsidRDefault="0011425E" w:rsidP="00D23DFB"><w:pPr><w:pStyle w:val="cell"/><w:spacing w:line="220" w:lineRule="exact"/><w:ind w:right="-36"/></w:pPr><w:r w:rsidRPr="004A2170"><w:t>If 2b.1, fill in the blank.</w:t></w:r></w:p><w:p w14:paraId="58CFCB1A" w14:textId="77777777" w:rsidR="0011425E" w:rsidRPr="004A2170" w:rsidRDefault="0011425E" w:rsidP="00D23DFB"><w:pPr><w:pStyle w:val="cell"/><w:spacing w:line="220" w:lineRule="exact"/><w:ind w:right="-36"/></w:pPr><w:r w:rsidRPr="004A2170"><w:t xml:space="preserve">If 2b.2, fill in the blank and check one box. </w:t></w:r></w:p><w:p w14:paraId="36AF7C56" w14:textId="77777777" w:rsidR="0011425E" w:rsidRDefault="0011425E" w:rsidP="00D23DFB"><w:pPr><w:pStyle w:val="cell"/><w:spacing w:line="220" w:lineRule="exact"/><w:ind w:right="-36"/></w:pPr><w:r w:rsidRPr="004A2170"><w:t>If 2e, enter an</w:t></w:r><w:r><w:t xml:space="preserve"> explanation.</w:t></w:r></w:p><w:p w14:paraId="0541CB8F" w14:textId="77777777" w:rsidR="0011425E" w:rsidRDefault="0011425E" w:rsidP="00D23DFB"><w:pPr><w:pStyle w:val="cell"/><w:spacing w:line="220" w:lineRule="exact"/><w:ind w:right="-36"/></w:pPr><w:r><w:t>The garnishee must send a copy of this answer to the creditor and the debtor by the end of the 7</w:t></w:r><w:r w:rsidRPr="0046431D"><w:rPr><w:vertAlign w:val="superscript"/></w:rPr><w:t>th</w:t></w:r><w:r><w:t xml:space="preserve"> business day after receipt of the garnishment form. </w:t></w:r></w:p><w:p w14:paraId="482AD808" w14:textId="77777777" w:rsidR="0011425E" w:rsidRPr="004A74FD" w:rsidRDefault="0011425E" w:rsidP="00D23DFB"><w:pPr><w:pStyle w:val="cell"/><w:spacing w:line="220" w:lineRule="exact"/><w:ind w:right="-36"/></w:pPr><w:r><w:t>If a debtor files an answer at any time during the garnishment, write the date you received the answer on the debtor’s answer. Attach a copy to this form and mail these forms to the creditor by the end of the 3</w:t></w:r><w:r w:rsidRPr="00DD7CD8"><w:rPr><w:vertAlign w:val="superscript"/></w:rPr><w:t>rd</w:t></w:r><w:r><w:t xml:space="preserve"> business day after receipt of the debtor’s answer.</w:t></w:r></w:p><w:p w14:paraId="2EAE95C1" w14:textId="77777777" w:rsidR="0011425E" w:rsidRPr="004A2170" w:rsidRDefault="0011425E" w:rsidP="00A64C9D"><w:pPr><w:pStyle w:val="Caption1"/><w:tabs><w:tab w:val="center" w:pos="2610"/></w:tabs><w:rPr><w:rFonts w:ascii="Times New Roman" w:hAnsi="Times New Roman"/><w:position w:val="0"/><w:sz w:val="18"/></w:rPr></w:pPr></w:p></w:tc><w:tc><w:tcPr><w:tcW w:w="8838" w:type="dxa"/><w:gridSpan w:val="2"/><w:tcBorders><w:bottom w:val="nil"/><w:right w:val="nil"/></w:tcBorders></w:tcPr><w:p w14:paraId="7AB3E7B3" w14:textId="77777777" w:rsidR="0011425E" w:rsidRDefault="0011425E" w:rsidP="0011425E"><w:pPr><w:tabs><w:tab w:val="left" w:pos="2520"/><w:tab w:val="left" w:pos="2790"/></w:tabs><w:spacing w:line="280" w:lineRule="exact"/><w:rPr><w:rFonts w:cs="Arial"/><w:b/></w:rPr></w:pPr><w:r w:rsidRPr="00802715"><w:rPr><w:rFonts w:cs="Arial"/><w:b/></w:rPr><w:t>To the Creditor:</w:t></w:r></w:p><w:p w14:paraId="62CCAF04" w14:textId="77777777" w:rsidR="0011425E" w:rsidRPr="00802715" w:rsidRDefault="0011425E" w:rsidP="00532282"><w:pPr><w:tabs><w:tab w:val="left" w:pos="2520"/><w:tab w:val="left" w:pos="2790"/></w:tabs><w:spacing w:line="140" w:lineRule="exact"/><w:rPr><w:rFonts w:cs="Arial"/><w:b/></w:rPr></w:pPr></w:p><w:p w14:paraId="6163295B" w14:textId="77777777" w:rsidR="0011425E" w:rsidRPr="00B92DAE" w:rsidRDefault="0011425E" w:rsidP="0011425E"><w:pPr><w:tabs><w:tab w:val="left" w:pos="450"/></w:tabs><w:ind w:left="450" w:hanging="270"/><w:rPr><w:rFonts w:cs="Arial"/></w:rPr></w:pPr><w:r w:rsidRPr="00B92DAE"><w:rPr><w:rFonts w:cs="Arial"/></w:rPr><w:t>1.</w:t></w:r><w:r w:rsidRPr="00B92DAE"><w:rPr><w:rFonts w:cs="Arial"/></w:rPr><w:tab/><w:t>I am the garnishee or a duly authorized representative of the garnishee.</w:t></w:r><w:r><w:rPr><w:rFonts w:cs="Arial"/></w:rPr><w:t xml:space="preserve"> Your</w:t></w:r><w:r w:rsidRPr="00B92DAE"><w:rPr><w:rFonts w:cs="Arial"/></w:rPr><w:t xml:space="preserve"> garnishment action has been received and reviewed.</w:t></w:r></w:p><w:p w14:paraId="34368065" w14:textId="77777777" w:rsidR="0011425E" w:rsidRPr="00B92DAE" w:rsidRDefault="0011425E" w:rsidP="0011425E"><w:pPr><w:tabs><w:tab w:val="left" w:pos="450"/><w:tab w:val="left" w:pos="2160"/><w:tab w:val="left" w:pos="2790"/></w:tabs><w:ind w:left="450" w:hanging="270"/><w:jc w:val="center"/><w:rPr><w:rFonts w:cs="Arial"/></w:rPr></w:pPr></w:p><w:p w14:paraId="29E87198" w14:textId="77777777" w:rsidR="0011425E" w:rsidRDefault="0011425E" w:rsidP="0011425E"><w:pPr><w:tabs><w:tab w:val="left" w:pos="477"/><w:tab w:val="left" w:pos="2160"/></w:tabs><w:ind w:left="1080" w:hanging="900"/><w:rPr><w:rFonts w:cs="Arial"/></w:rPr></w:pPr><w:r><w:rPr><w:rFonts w:cs="Arial"/></w:rPr><w:t>2</w:t></w:r><w:r w:rsidRPr="00B92DAE"><w:rPr><w:rFonts w:cs="Arial"/></w:rPr><w:t>.</w:t></w:r><w:r w:rsidRPr="00B92DAE"><w:rPr><w:rFonts w:cs="Arial"/></w:rPr><w:tab/></w:r><w:r w:rsidRPr="00B92DAE"><w:rPr><w:rFonts w:cs="Arial"/></w:rPr><w:fldChar w:fldCharType="begin"><w:ffData><w:name w:val="Check2"/><w:enabled/><w:calcOnExit w:val="0"/><w:checkBox><w:sizeAuto/><w:default w:val="0"/></w:checkBox></w:ffData></w:fldChar></w:r><w:r w:rsidRPr="00B92DAE"><w:rPr><w:rFonts w:cs="Arial"/></w:rPr><w:instrText xml:space="preserve"> FORMCHECKBOX </w:instrText></w:r><w:r w:rsidR="006F1D62"><w:rPr><w:rFonts w:cs="Arial"/></w:rPr></w:r><w:r w:rsidR="006F1D62"><w:rPr><w:rFonts w:cs="Arial"/></w:rPr><w:fldChar w:fldCharType="separate"/></w:r><w:r w:rsidRPr="00B92DAE"><w:rPr><w:rFonts w:cs="Arial"/></w:rPr><w:fldChar w:fldCharType="end"/></w:r><w:r w:rsidRPr="00B92DAE"><w:rPr><w:rFonts w:cs="Arial"/></w:rPr><w:t xml:space="preserve"> a.  </w:t></w:r><w:r><w:rPr><w:rFonts w:cs="Arial"/></w:rPr><w:tab/><w:t>I have determined that I will not owe the debtor any earnings to be earned within 13 weeks after the date of service of the garnishment on me.</w:t></w:r></w:p><w:p w14:paraId="555A91F5" w14:textId="77777777" w:rsidR="0011425E" w:rsidRPr="00B92DAE" w:rsidRDefault="0011425E" w:rsidP="0011425E"><w:pPr><w:tabs><w:tab w:val="left" w:pos="477"/><w:tab w:val="left" w:pos="2160"/></w:tabs><w:spacing w:line="120" w:lineRule="exact"/><w:ind w:left="1080" w:hanging="900"/><w:rPr><w:rFonts w:cs="Arial"/></w:rPr></w:pPr></w:p><w:p w14:paraId="0E9E579F" w14:textId="77777777" w:rsidR="0011425E" w:rsidRPr="00B92DAE" w:rsidRDefault="0011425E" w:rsidP="0011425E"><w:pPr><w:tabs><w:tab w:val="left" w:pos="180"/><w:tab w:val="left" w:pos="477"/><w:tab w:val="left" w:pos="1080"/></w:tabs><w:ind w:left="1080" w:hanging="900"/><w:rPr><w:rFonts w:cs="Arial"/></w:rPr></w:pPr><w:r><w:rPr><w:rFonts w:cs="Arial"/></w:rPr><w:tab/></w:r><w:r w:rsidRPr="00B92DAE"><w:rPr><w:rFonts w:cs="Arial"/></w:rPr><w:fldChar w:fldCharType="begin"><w:ffData><w:name w:val="Check2"/><w:enabled/><w:calcOnExit w:val="0"/><w:checkBox><w:sizeAuto/><w:default w:val="0"/></w:checkBox></w:ffData></w:fldChar></w:r><w:r w:rsidRPr="00B92DAE"><w:rPr><w:rFonts w:cs="Arial"/></w:rPr><w:instrText xml:space="preserve"> FORMCHECKBOX </w:instrText></w:r><w:r w:rsidR="006F1D62"><w:rPr><w:rFonts w:cs="Arial"/></w:rPr></w:r><w:r w:rsidR="006F1D62"><w:rPr><w:rFonts w:cs="Arial"/></w:rPr><w:fldChar w:fldCharType="separate"/></w:r><w:r w:rsidRPr="00B92DAE"><w:rPr><w:rFonts w:cs="Arial"/></w:rPr><w:fldChar w:fldCharType="end"/></w:r><w:r w:rsidRPr="00B92DAE"><w:rPr><w:rFonts w:cs="Arial"/></w:rPr><w:t xml:space="preserve"> b. </w:t></w:r><w:r><w:rPr><w:rFonts w:cs="Arial"/></w:rPr><w:tab/></w:r><w:r w:rsidRPr="00B92DAE"><w:rPr><w:rFonts w:cs="Arial"/></w:rPr><w:t xml:space="preserve">The debtor’s earnings are subject to </w:t></w:r><w:r><w:rPr><w:rFonts w:cs="Arial"/></w:rPr><w:t>one or more of the following:</w:t></w:r><w:r w:rsidRPr="00B92DAE"><w:rPr><w:rFonts w:cs="Arial"/></w:rPr><w:t xml:space="preserve">  </w:t></w:r></w:p><w:p w14:paraId="6B942CA6" w14:textId="77777777" w:rsidR="0011425E" w:rsidRDefault="0011425E" w:rsidP="0011425E"><w:pPr><w:tabs><w:tab w:val="left" w:pos="8144"/><w:tab w:val="left" w:pos="10260"/></w:tabs><w:ind w:left="1620" w:hanging="540"/><w:rPr><w:rFonts w:cs="Arial"/></w:rPr></w:pPr><w:r w:rsidRPr="00B92DAE"><w:rPr><w:rFonts w:cs="Arial"/></w:rPr><w:fldChar w:fldCharType="begin"><w:ffData><w:name w:val="Check2"/><w:enabled/><w:calcOnExit w:val="0"/><w:checkBox><w:sizeAuto/><w:default w:val="0"/></w:checkBox></w:ffData></w:fldChar></w:r><w:r w:rsidRPr="00B92DAE"><w:rPr><w:rFonts w:cs="Arial"/></w:rPr><w:instrText xml:space="preserve"> FORMCHECKBOX </w:instrText></w:r><w:r w:rsidR="006F1D62"><w:rPr><w:rFonts w:cs="Arial"/></w:rPr></w:r><w:r w:rsidR="006F1D62"><w:rPr><w:rFonts w:cs="Arial"/></w:rPr><w:fldChar w:fldCharType="separate"/></w:r><w:r w:rsidRPr="00B92DAE"><w:rPr><w:rFonts w:cs="Arial"/></w:rPr><w:fldChar w:fldCharType="end"/></w:r><w:r w:rsidR="00532282"><w:rPr><w:rFonts w:cs="Arial"/></w:rPr><w:t xml:space="preserve"> 1)</w:t></w:r><w:r><w:rPr><w:rFonts w:cs="Arial"/></w:rPr><w:t xml:space="preserve"> P</w:t></w:r><w:r w:rsidRPr="00B92DAE"><w:rPr><w:rFonts w:cs="Arial"/></w:rPr><w:t>rior earnings garnishment</w:t></w:r><w:r><w:rPr><w:rFonts w:cs="Arial"/></w:rPr><w:t>s</w:t></w:r><w:r w:rsidRPr="00B92DAE"><w:rPr><w:rFonts w:cs="Arial"/></w:rPr><w:t>.</w:t></w:r><w:r><w:rPr><w:rFonts w:cs="Arial"/></w:rPr><w:t xml:space="preserve"> </w:t></w:r><w:r w:rsidRPr="00B92DAE"><w:rPr><w:rFonts w:cs="Arial"/></w:rPr><w:t xml:space="preserve">Your earnings garnishment will </w:t></w:r><w:r><w:rPr><w:rFonts w:cs="Arial"/></w:rPr><w:t>go</w:t></w:r><w:r w:rsidRPr="00B92DAE"><w:rPr><w:rFonts w:cs="Arial"/></w:rPr><w:t xml:space="preserve"> into effect for the pay peri</w:t></w:r><w:r><w:rPr><w:rFonts w:cs="Arial"/></w:rPr><w:t>od after the last of any prior e</w:t></w:r><w:r w:rsidRPr="00B92DAE"><w:rPr><w:rFonts w:cs="Arial"/></w:rPr><w:t xml:space="preserve">arnings garnishments </w:t></w:r><w:r><w:rPr><w:rFonts w:cs="Arial"/></w:rPr><w:t>end</w:t></w:r><w:r w:rsidRPr="00B92DAE"><w:rPr><w:rFonts w:cs="Arial"/></w:rPr><w:t xml:space="preserve">. The amount owed on the </w:t></w:r><w:r w:rsidRPr="00B92DAE"><w:rPr><w:rFonts w:cs="Arial"/><w:b/><w:i/></w:rPr><w:t>prior</w:t></w:r><w:r w:rsidRPr="00B92DAE"><w:rPr><w:rFonts w:cs="Arial"/><w:b/></w:rPr><w:t xml:space="preserve"> </w:t></w:r><w:r w:rsidRPr="00B92DAE"><w:rPr><w:rFonts w:cs="Arial"/></w:rPr><w:t>pending garnishment(s) is $</w:t></w:r><w:r><w:rPr><w:rFonts w:ascii="Times New Roman" w:hAnsi="Times New Roman"/><w:u w:val="single"/></w:rPr><w:fldChar w:fldCharType="begin"><w:ffData><w:name w:val=""/><w:enabled/><w:calcOnExit w:val="0"/><w:textInput><w:maxLength w:val="14"/></w:textInput></w:ffData></w:fldChar></w:r><w:r><w:rPr><w:rFonts w:ascii="Times New Roman" w:hAnsi="Times New Roman"/><w:u w:val="single"/></w:rPr><w:instrText xml:space="preserve"> FORMTEXT </w:instrText></w:r><w:r><w:rPr><w:rFonts w:ascii="Times New Roman" w:hAnsi="Times New Roman"/><w:u w:val="single"/></w:rPr></w:r><w:r><w:rPr><w:rFonts w:ascii="Times New Roman" w:hAnsi="Times New Roman"/><w:u w:val="single"/></w:rPr><w:fldChar w:fldCharType="separate"/></w:r><w:r w:rsidR="008E668C"><w:rPr><w:rFonts w:ascii="Times New Roman" w:hAnsi="Times New Roman"/><w:noProof/><w:u w:val="single"/></w:rPr><w:t> </w:t></w:r><w:r w:rsidR="008E668C"><w:rPr><w:rFonts w:ascii="Times New Roman" w:hAnsi="Times New Roman"/><w:noProof/><w:u w:val="single"/></w:rPr><w:t> </w:t></w:r><w:r w:rsidR="008E668C"><w:rPr><w:rFonts w:ascii="Times New Roman" w:hAnsi="Times New Roman"/><w:noProof/><w:u w:val="single"/></w:rPr><w:t> </w:t></w:r><w:r w:rsidR="008E668C"><w:rPr><w:rFonts w:ascii="Times New Roman" w:hAnsi="Times New Roman"/><w:noProof/><w:u w:val="single"/></w:rPr><w:t> </w:t></w:r><w:r w:rsidR="008E668C"><w:rPr><w:rFonts w:ascii="Times New Roman" w:hAnsi="Times New Roman"/><w:noProof/><w:u w:val="single"/></w:rPr><w:t> </w:t></w:r><w:r><w:rPr><w:rFonts w:ascii="Times New Roman" w:hAnsi="Times New Roman"/><w:u w:val="single"/></w:rPr><w:fldChar w:fldCharType="end"/></w:r><w:r><w:rPr><w:rFonts w:ascii="Times New Roman" w:hAnsi="Times New Roman"/><w:u w:val="single"/></w:rPr><w:tab/></w:r><w:r w:rsidRPr="00413DB1"><w:rPr><w:rFonts w:ascii="Times New Roman" w:hAnsi="Times New Roman"/></w:rPr><w:t>.</w:t></w:r><w:r w:rsidRPr="00413DB1"><w:rPr><w:rFonts w:cs="Arial"/></w:rPr><w:t xml:space="preserve"> </w:t></w:r></w:p><w:bookmarkStart w:id="1" w:name="Check5"/><w:p w14:paraId="2E81DDDB" w14:textId="77777777" w:rsidR="0011425E" w:rsidRPr="004A2170" w:rsidRDefault="0011425E" w:rsidP="0011425E"><w:pPr><w:ind w:left="1620" w:hanging="540"/><w:rPr><w:rFonts w:cs="Arial"/></w:rPr></w:pPr><w:r><w:rPr><w:rFonts w:cs="Arial"/></w:rPr><w:fldChar w:fldCharType="begin"><w:ffData><w:name w:val="Check5"/><w:enabled/><w:calcOnExit w:val="0"/><w:checkBox><w:sizeAuto/><w:default w:val="0"/></w:checkBox></w:ffData></w:fldChar></w:r><w:r><w:rPr><w:rFonts w:cs="Arial"/></w:rPr><w:instrText xml:space="preserve"> FORMCHECKBOX </w:instrText></w:r><w:r w:rsidR="006F1D62"><w:rPr><w:rFonts w:cs="Arial"/></w:rPr></w:r><w:r w:rsidR="006F1D62"><w:rPr><w:rFonts w:cs="Arial"/></w:rPr><w:fldChar w:fldCharType="separate"/></w:r><w:r><w:rPr><w:rFonts w:cs="Arial"/></w:rPr><w:fldChar w:fldCharType="end"/></w:r><w:bookmarkEnd w:id="1"/><w:r><w:rPr><w:rFonts w:cs="Arial"/></w:rPr><w:t xml:space="preserve"> 2</w:t></w:r><w:r w:rsidR="00532282"><w:rPr><w:rFonts w:cs="Arial"/></w:rPr><w:t>)</w:t></w:r><w:r w:rsidRPr="00B92DAE"><w:rPr><w:rFonts w:cs="Arial"/></w:rPr><w:t xml:space="preserve"> </w:t></w:r><w:r><w:rPr><w:rFonts w:cs="Arial"/></w:rPr><w:t xml:space="preserve">Child support orders that amount to </w:t></w:r><w:bookmarkStart w:id="2" w:name="Text105"/><w:r><w:rPr><w:rFonts w:ascii="Times New Roman" w:hAnsi="Times New Roman"/><w:u w:val="single"/></w:rPr><w:fldChar w:fldCharType="begin"><w:ffData><w:name w:val="Text105"/><w:enabled/><w:calcOnExit w:val="0"/><w:textInput/></w:ffData></w:fldChar></w:r><w:r><w:rPr><w:rFonts w:ascii="Times New Roman" w:hAnsi="Times New Roman"/><w:u w:val="single"/></w:rPr><w:instrText xml:space="preserve"> FORMTEXT </w:instrText></w:r><w:r><w:rPr><w:rFonts w:ascii="Times New Roman" w:hAnsi="Times New Roman"/><w:u w:val="single"/></w:rPr></w:r><w:r><w:rPr><w:rFonts w:ascii="Times New Roman" w:hAnsi="Times New Roman"/><w:u w:val="single"/></w:rPr><w:fldChar w:fldCharType="separate"/></w:r><w:r w:rsidR="008E668C"><w:rPr><w:rFonts w:ascii="Times New Roman" w:hAnsi="Times New Roman"/><w:noProof/><w:u w:val="single"/></w:rPr><w:t> </w:t></w:r><w:r w:rsidR="008E668C"><w:rPr><w:rFonts w:ascii="Times New Roman" w:hAnsi="Times New Roman"/><w:noProof/><w:u w:val="single"/></w:rPr><w:t> </w:t></w:r><w:r w:rsidR="008E668C"><w:rPr><w:rFonts w:ascii="Times New Roman" w:hAnsi="Times New Roman"/><w:noProof/><w:u w:val="single"/></w:rPr><w:t> </w:t></w:r><w:r w:rsidR="008E668C"><w:rPr><w:rFonts w:ascii="Times New Roman" w:hAnsi="Times New Roman"/><w:noProof/><w:u w:val="single"/></w:rPr><w:t> </w:t></w:r><w:r w:rsidR="008E668C"><w:rPr><w:rFonts w:ascii="Times New Roman" w:hAnsi="Times New Roman"/><w:noProof/><w:u w:val="single"/></w:rPr><w:t> </w:t></w:r><w:r><w:rPr><w:rFonts w:ascii="Times New Roman" w:hAnsi="Times New Roman"/><w:u w:val="single"/></w:rPr><w:fldChar w:fldCharType="end"/></w:r><w:bookmarkEnd w:id="2"/><w:r w:rsidRPr="009D620A"><w:rPr><w:rFonts w:cs="Arial"/></w:rPr><w:t xml:space="preserve"> </w:t></w:r><w:r w:rsidRPr="00571381"><w:rPr><w:rFonts w:cs="Arial"/></w:rPr><w:t xml:space="preserve">% of the debtor’s </w:t></w:r><w:r><w:rPr><w:rFonts w:cs="Arial"/></w:rPr><w:t xml:space="preserve">disposable </w:t></w:r><w:r w:rsidRPr="00571381"><w:rPr><w:rFonts w:cs="Arial"/></w:rPr><w:t>earnings.</w:t></w:r><w:r><w:rPr><w:rFonts w:cs="Arial"/></w:rPr><w:t xml:space="preserve"> The amount available to you </w:t></w:r><w:r w:rsidRPr="004A2170"><w:rPr><w:rFonts w:cs="Arial"/></w:rPr><w:t>is:</w:t></w:r></w:p><w:bookmarkStart w:id="3" w:name="Check3"/><w:p w14:paraId="4728F6A5" w14:textId="77777777" w:rsidR="0011425E" w:rsidRDefault="0011425E" w:rsidP="0011425E"><w:pPr><w:ind w:left="2790" w:hanging="810"/><w:rPr><w:rFonts w:cs="Arial"/></w:rPr></w:pPr><w:r w:rsidRPr="004A2170"><w:rPr><w:rFonts w:cs="Arial"/></w:rPr><w:fldChar w:fldCharType="begin"><w:ffData><w:name w:val="Check3"/><w:enabled/><w:calcOnExit w:val="0"/><w:checkBox><w:sizeAuto/><w:default w:val="0"/></w:checkBox></w:ffData></w:fldChar></w:r><w:r w:rsidRPr="004A2170"><w:rPr><w:rFonts w:cs="Arial"/></w:rPr><w:instrText xml:space="preserve"> FORMCHECKBOX </w:instrText></w:r><w:r w:rsidR="006F1D62"><w:rPr><w:rFonts w:cs="Arial"/></w:rPr></w:r><w:r w:rsidR="006F1D62"><w:rPr><w:rFonts w:cs="Arial"/></w:rPr><w:fldChar w:fldCharType="separate"/></w:r><w:r w:rsidRPr="004A2170"><w:rPr><w:rFonts w:cs="Arial"/></w:rPr><w:fldChar w:fldCharType="end"/></w:r><w:bookmarkEnd w:id="3"/><w:r w:rsidRPr="004A2170"><w:rPr><w:rFonts w:cs="Arial"/></w:rPr><w:t xml:space="preserve"> $0 </w:t></w:r><w:r w:rsidRPr="004A2170"><w:rPr><w:rFonts w:cs="Arial"/></w:rPr><w:tab/><w:t xml:space="preserve">or </w:t></w:r><w:r w:rsidRPr="004A2170"><w:rPr><w:rFonts w:cs="Arial"/></w:rPr><w:tab/></w:r><w:bookmarkStart w:id="4" w:name="Check4"/><w:r w:rsidRPr="004A2170"><w:rPr><w:rFonts w:cs="Arial"/></w:rPr><w:fldChar w:fldCharType="begin"><w:ffData><w:name w:val="Check4"/><w:enabled/><w:calcOnExit w:val="0"/><w:checkBox><w:sizeAuto/><w:default w:val="0"/></w:checkBox></w:ffData></w:fldChar></w:r><w:r w:rsidRPr="004A2170"><w:rPr><w:rFonts w:cs="Arial"/></w:rPr><w:instrText xml:space="preserve"> FORMCHECKBOX </w:instrText></w:r><w:r w:rsidR="006F1D62"><w:rPr><w:rFonts w:cs="Arial"/></w:rPr></w:r><w:r w:rsidR="006F1D62"><w:rPr><w:rFonts w:cs="Arial"/></w:rPr><w:fldChar w:fldCharType="separate"/></w:r><w:r w:rsidRPr="004A2170"><w:rPr><w:rFonts w:cs="Arial"/></w:rPr><w:fldChar w:fldCharType="end"/></w:r><w:bookmarkEnd w:id="4"/><w:r w:rsidRPr="004A2170"><w:rPr><w:rFonts w:cs="Arial"/></w:rPr><w:t xml:space="preserve"> reduced to the amount allowed by law.</w:t></w:r></w:p><w:p w14:paraId="098AFADA" w14:textId="77777777" w:rsidR="0011425E" w:rsidRDefault="0011425E" w:rsidP="0011425E"><w:pPr><w:spacing w:line="120" w:lineRule="exact"/><w:ind w:left="2707" w:hanging="547"/><w:rPr><w:rFonts w:cs="Arial"/></w:rPr></w:pPr></w:p><w:bookmarkStart w:id="5" w:name="Check6"/><w:p w14:paraId="33C627AE" w14:textId="77777777" w:rsidR="0011425E" w:rsidRDefault="0011425E" w:rsidP="0011425E"><w:pPr><w:ind w:left="1080" w:hanging="585"/><w:rPr><w:rFonts w:cs="Arial"/></w:rPr></w:pPr><w:r><w:rPr><w:rFonts w:cs="Arial"/></w:rPr><w:fldChar w:fldCharType="begin"><w:ffData><w:name w:val="Check6"/><w:enabled/><w:calcOnExit w:val="0"/><w:checkBox><w:sizeAuto/><w:default w:val="0"/></w:checkBox></w:ffData></w:fldChar></w:r><w:r><w:rPr><w:rFonts w:cs="Arial"/></w:rPr><w:instrText xml:space="preserve"> FORMCHECKBOX </w:instrText></w:r><w:r w:rsidR="006F1D62"><w:rPr><w:rFonts w:cs="Arial"/></w:rPr></w:r><w:r w:rsidR="006F1D62"><w:rPr><w:rFonts w:cs="Arial"/></w:rPr><w:fldChar w:fldCharType="separate"/></w:r><w:r><w:rPr><w:rFonts w:cs="Arial"/></w:rPr><w:fldChar w:fldCharType="end"/></w:r><w:bookmarkEnd w:id="5"/><w:r><w:rPr><w:rFonts w:cs="Arial"/></w:rPr><w:t xml:space="preserve"> c. The debtor has delivered an answer claiming a defense to the garnishment. A copy of the answer is attached. I have written the date I received the answer on the attached copy. The garnishment cannot proceed until a court order directs otherwise. </w:t></w:r></w:p><w:p w14:paraId="53ED17AD" w14:textId="77777777" w:rsidR="0011425E" w:rsidRPr="00802715" w:rsidRDefault="0011425E" w:rsidP="0011425E"><w:pPr><w:spacing w:line="120" w:lineRule="exact"/><w:ind w:left="1080" w:hanging="585"/><w:rPr><w:rFonts w:cs="Arial"/><w:u w:val="single"/></w:rPr></w:pPr></w:p><w:p w14:paraId="49B21D0A" w14:textId="77777777" w:rsidR="0011425E" w:rsidRDefault="0011425E" w:rsidP="0011425E"><w:pPr><w:ind w:left="1080" w:hanging="585"/><w:rPr><w:rFonts w:cs="Arial"/></w:rPr></w:pPr><w:r w:rsidRPr="00B92DAE"><w:rPr><w:rFonts w:cs="Arial"/></w:rPr><w:fldChar w:fldCharType="begin"><w:ffData><w:name w:val="Check2"/><w:enabled/><w:calcOnExit w:val="0"/><w:checkBox><w:sizeAuto/><w:default w:val="0"/></w:checkBox></w:ffData></w:fldChar></w:r><w:r w:rsidRPr="00B92DAE"><w:rPr><w:rFonts w:cs="Arial"/></w:rPr><w:instrText xml:space="preserve"> FORMCHECKBOX </w:instrText></w:r><w:r w:rsidR="006F1D62"><w:rPr><w:rFonts w:cs="Arial"/></w:rPr></w:r><w:r w:rsidR="006F1D62"><w:rPr><w:rFonts w:cs="Arial"/></w:rPr><w:fldChar w:fldCharType="separate"/></w:r><w:r w:rsidRPr="00B92DAE"><w:rPr><w:rFonts w:cs="Arial"/></w:rPr><w:fldChar w:fldCharType="end"/></w:r><w:r w:rsidRPr="00B92DAE"><w:rPr><w:rFonts w:cs="Arial"/></w:rPr><w:t xml:space="preserve"> </w:t></w:r><w:r><w:rPr><w:rFonts w:cs="Arial"/></w:rPr><w:t xml:space="preserve">d. </w:t></w:r><w:r><w:rPr><w:rFonts w:cs="Arial"/></w:rPr><w:tab/></w:r><w:r w:rsidRPr="00571381"><w:rPr><w:rFonts w:cs="Arial"/></w:rPr><w:t xml:space="preserve">The debtor’s earnings will be garnished as </w:t></w:r><w:r><w:rPr><w:rFonts w:cs="Arial"/></w:rPr><w:t>allowed by law.</w:t></w:r></w:p><w:p w14:paraId="5110F6A0" w14:textId="77777777" w:rsidR="0011425E" w:rsidRDefault="0011425E" w:rsidP="0011425E"><w:pPr><w:spacing w:line="120" w:lineRule="exact"/><w:ind w:left="2160" w:hanging="360"/><w:rPr><w:rFonts w:cs="Arial"/></w:rPr></w:pPr></w:p><w:p w14:paraId="12D24AD8" w14:textId="77777777" w:rsidR="0011425E" w:rsidRDefault="0011425E" w:rsidP="0011425E"><w:pPr><w:tabs><w:tab w:val="left" w:pos="1080"/><w:tab w:val="left" w:pos="8182"/></w:tabs><w:ind w:left="1080" w:hanging="585"/><w:rPr><w:rFonts w:cs="Arial"/></w:rPr></w:pPr><w:r w:rsidRPr="00B92DAE"><w:rPr><w:rFonts w:cs="Arial"/></w:rPr><w:fldChar w:fldCharType="begin"><w:ffData><w:name w:val="Check2"/><w:enabled/><w:calcOnExit w:val="0"/><w:checkBox><w:sizeAuto/><w:default w:val="0"/></w:checkBox></w:ffData></w:fldChar></w:r><w:r w:rsidRPr="00B92DAE"><w:rPr><w:rFonts w:cs="Arial"/></w:rPr><w:instrText xml:space="preserve"> FORMCHECKBOX </w:instrText></w:r><w:r w:rsidR="006F1D62"><w:rPr><w:rFonts w:cs="Arial"/></w:rPr></w:r><w:r w:rsidR="006F1D62"><w:rPr><w:rFonts w:cs="Arial"/></w:rPr><w:fldChar w:fldCharType="separate"/></w:r><w:r w:rsidRPr="00B92DAE"><w:rPr><w:rFonts w:cs="Arial"/></w:rPr><w:fldChar w:fldCharType="end"/></w:r><w:r w:rsidRPr="00B92DAE"><w:rPr><w:rFonts w:cs="Arial"/></w:rPr><w:t xml:space="preserve"> </w:t></w:r><w:r><w:rPr><w:rFonts w:cs="Arial"/></w:rPr><w:t xml:space="preserve">e. </w:t></w:r><w:r><w:rPr><w:rFonts w:cs="Arial"/></w:rPr><w:tab/><w:t xml:space="preserve">Other: </w:t></w:r><w:bookmarkStart w:id="6" w:name="Text4"/><w:r><w:rPr><w:rFonts w:ascii="Times New Roman" w:hAnsi="Times New Roman"/><w:u w:val="single"/></w:rPr><w:fldChar w:fldCharType="begin"><w:ffData><w:name w:val="Text4"/><w:enabled/><w:calcOnExit w:val="0"/><w:textInput/></w:ffData></w:fldChar></w:r><w:r><w:rPr><w:rFonts w:ascii="Times New Roman" w:hAnsi="Times New Roman"/><w:u w:val="single"/></w:rPr><w:instrText xml:space="preserve"> FORMTEXT </w:instrText></w:r><w:r><w:rPr><w:rFonts w:ascii="Times New Roman" w:hAnsi="Times New Roman"/><w:u w:val="single"/></w:rPr></w:r><w:r><w:rPr><w:rFonts w:ascii="Times New Roman" w:hAnsi="Times New Roman"/><w:u w:val="single"/></w:rPr><w:fldChar w:fldCharType="separate"/></w:r><w:r w:rsidR="008E668C"><w:rPr><w:rFonts w:ascii="Times New Roman" w:hAnsi="Times New Roman"/><w:noProof/><w:u w:val="single"/></w:rPr><w:t> </w:t></w:r><w:r w:rsidR="008E668C"><w:rPr><w:rFonts w:ascii="Times New Roman" w:hAnsi="Times New Roman"/><w:noProof/><w:u w:val="single"/></w:rPr><w:t> </w:t></w:r><w:r w:rsidR="008E668C"><w:rPr><w:rFonts w:ascii="Times New Roman" w:hAnsi="Times New Roman"/><w:noProof/><w:u w:val="single"/></w:rPr><w:t> </w:t></w:r><w:r w:rsidR="008E668C"><w:rPr><w:rFonts w:ascii="Times New Roman" w:hAnsi="Times New Roman"/><w:noProof/><w:u w:val="single"/></w:rPr><w:t> </w:t></w:r><w:r w:rsidR="008E668C"><w:rPr><w:rFonts w:ascii="Times New Roman" w:hAnsi="Times New Roman"/><w:noProof/><w:u w:val="single"/></w:rPr><w:t> </w:t></w:r><w:r><w:rPr><w:rFonts w:ascii="Times New Roman" w:hAnsi="Times New Roman"/><w:u w:val="single"/></w:rPr><w:fldChar w:fldCharType="end"/></w:r><w:bookmarkEnd w:id="6"/><w:r><w:rPr><w:rFonts w:ascii="Times New Roman" w:hAnsi="Times New Roman"/><w:u w:val="single"/></w:rPr><w:tab/></w:r><w:r w:rsidRPr="003E715B"><w:rPr><w:rFonts w:cs="Arial"/></w:rPr><w:t>.</w:t></w:r></w:p><w:p w14:paraId="288DF778" w14:textId="77777777" w:rsidR="0011425E" w:rsidRDefault="0011425E" w:rsidP="0011425E"><w:pPr><w:tabs><w:tab w:val="left" w:pos="1080"/><w:tab w:val="left" w:pos="8182"/></w:tabs><w:ind w:left="1080" w:hanging="603"/></w:pPr></w:p></w:tc></w:tr><w:tr w:rsidR="0011425E" w14:paraId="1F8EC9D9" w14:textId="77777777" w:rsidTr="00BD05B3"><w:trPr><w:cantSplit/><w:trHeight w:val="1772"/></w:trPr><w:tc><w:tcPr><w:tcW w:w="2160" w:type="dxa"/><w:vAlign w:val="center"/></w:tcPr><w:p w14:paraId="74DE30BD" w14:textId="77777777" w:rsidR="0011425E" w:rsidRPr="00BD05B3" w:rsidRDefault="0011425E" w:rsidP="0011425E"><w:pPr><w:pStyle w:val="cell"/><w:ind w:left="-18"/></w:pPr><w:r><w:t xml:space="preserve">Sign and print your name. Enter </w:t></w:r><w:r w:rsidRPr="00BD05B3"><w:t>the date on which you signed your name.</w:t></w:r><w:r w:rsidR="001116B5" w:rsidRPr="00BD05B3"><w:t xml:space="preserve"> Provide phone number.</w:t></w:r></w:p><w:p w14:paraId="0B00C8DC" w14:textId="77777777" w:rsidR="0011425E" w:rsidRPr="00BD05B3" w:rsidRDefault="0011425E" w:rsidP="0011425E"><w:pPr><w:pStyle w:val="cell"/><w:ind w:left="-18"/></w:pPr></w:p><w:p w14:paraId="38265FB0" w14:textId="77777777" w:rsidR="0011425E" w:rsidRPr="004A2170" w:rsidRDefault="0011425E" w:rsidP="00D23DFB"><w:pPr><w:pStyle w:val="cell"/><w:spacing w:line="220" w:lineRule="exact"/><w:ind w:right="-130"/></w:pPr><w:r w:rsidRPr="00BD05B3"><w:rPr><w:b/><w:bCs/><w:szCs w:val="18"/></w:rPr><w:t xml:space="preserve">Note:  </w:t></w:r><w:r w:rsidRPr="00BD05B3"><w:rPr><w:szCs w:val="18"/></w:rPr><w:t>This signature</w:t></w:r><w:r w:rsidRPr="004A2170"><w:rPr><w:szCs w:val="18"/></w:rPr><w:t xml:space="preserve"> does not need to be notarized.</w:t></w:r></w:p></w:tc><w:tc><w:tcPr><w:tcW w:w="8838" w:type="dxa"/><w:gridSpan w:val="2"/><w:tcBorders><w:top w:val="nil"/><w:bottom w:val="nil"/><w:right w:val="nil"/></w:tcBorders></w:tcPr><w:p w14:paraId="3331AC85" w14:textId="77777777" w:rsidR="0011425E" w:rsidRPr="00802715" w:rsidRDefault="0011425E" w:rsidP="00F10DFB"><w:pPr><w:pStyle w:val="BodyTextIndent2"/><w:tabs><w:tab w:val="clear" w:pos="720"/><w:tab w:val="left" w:pos="-1080"/><w:tab w:val="left" w:pos="4212"/><w:tab w:val="left" w:pos="8460"/></w:tabs><w:spacing w:line="240" w:lineRule="exact"/><w:ind w:left="4212" w:right="-108" w:firstLine="0"/><w:rPr><w:sz w:val="28"/><w:szCs w:val="28"/><w:u w:val="single"/></w:rPr></w:pPr><w:r w:rsidRPr="00802715"><w:rPr><w:sz w:val="28"/><w:szCs w:val="28"/><w:u w:val="single"/></w:rPr><w:t>►</w:t></w:r><w:bookmarkStart w:id="7" w:name="Text106"/><w:r w:rsidR="00F172C8"><w:rPr><w:sz w:val="20"/><w:szCs w:val="20"/><w:u w:val="single"/></w:rPr><w:fldChar w:fldCharType="begin"><w:ffData><w:name w:val="Text106"/><w:enabled/><w:calcOnExit w:val="0"/><w:textInput/></w:ffData></w:fldChar></w:r><w:r w:rsidR="00F172C8"><w:rPr><w:sz w:val="20"/><w:szCs w:val="20"/><w:u w:val="single"/></w:rPr><w:instrText xml:space="preserve"> FORMTEXT </w:instrText></w:r><w:r w:rsidR="00F172C8"><w:rPr><w:sz w:val="20"/><w:szCs w:val="20"/><w:u w:val="single"/></w:rPr></w:r><w:r w:rsidR="00F172C8"><w:rPr><w:sz w:val="20"/><w:szCs w:val="20"/><w:u w:val="single"/></w:rPr><w:fldChar w:fldCharType="separate"/></w:r><w:r w:rsidR="008E668C"><w:rPr><w:noProof/><w:sz w:val="20"/><w:szCs w:val="20"/><w:u w:val="single"/></w:rPr><w:t> </w:t></w:r><w:r w:rsidR="008E668C"><w:rPr><w:noProof/><w:sz w:val="20"/><w:szCs w:val="20"/><w:u w:val="single"/></w:rPr><w:t> </w:t></w:r><w:r w:rsidR="008E668C"><w:rPr><w:noProof/><w:sz w:val="20"/><w:szCs w:val="20"/><w:u w:val="single"/></w:rPr><w:t> </w:t></w:r><w:r w:rsidR="008E668C"><w:rPr><w:noProof/><w:sz w:val="20"/><w:szCs w:val="20"/><w:u w:val="single"/></w:rPr><w:t> </w:t></w:r><w:r w:rsidR="008E668C"><w:rPr><w:noProof/><w:sz w:val="20"/><w:szCs w:val="20"/><w:u w:val="single"/></w:rPr><w:t> </w:t></w:r><w:r w:rsidR="00F172C8"><w:rPr><w:sz w:val="20"/><w:szCs w:val="20"/><w:u w:val="single"/></w:rPr><w:fldChar w:fldCharType="end"/></w:r><w:bookmarkEnd w:id="7"/><w:r w:rsidRPr="00802715"><w:rPr><w:sz w:val="20"/><w:szCs w:val="20"/><w:u w:val="single"/></w:rPr><w:tab/></w:r></w:p><w:p w14:paraId="13B42C08" w14:textId="77777777" w:rsidR="0011425E" w:rsidRPr="003A3201" w:rsidRDefault="0011425E" w:rsidP="00F10DFB"><w:pPr><w:pStyle w:val="BodyTextIndent2"/><w:tabs><w:tab w:val="clear" w:pos="720"/><w:tab w:val="left" w:pos="-1080"/><w:tab w:val="left" w:pos="4212"/><w:tab w:val="left" w:pos="8460"/></w:tabs><w:spacing w:line="180" w:lineRule="exact"/><w:ind w:left="4176" w:right="-108" w:firstLine="0"/><w:jc w:val="center"/><w:rPr><w:rFonts w:ascii="Arial" w:hAnsi="Arial" w:cs="Arial"/><w:sz w:val="14"/><w:szCs w:val="20"/></w:rPr></w:pPr><w:r><w:rPr><w:rFonts w:ascii="Arial" w:hAnsi="Arial" w:cs="Arial"/><w:sz w:val="14"/><w:szCs w:val="20"/></w:rPr><w:t>Garnishee or Authorized Representative</w:t></w:r></w:p><w:p w14:paraId="0209EDDA" w14:textId="77777777" w:rsidR="0011425E" w:rsidRDefault="0011425E" w:rsidP="00F10DFB"><w:pPr><w:pStyle w:val="BodyTextIndent2"/><w:tabs><w:tab w:val="clear" w:pos="720"/><w:tab w:val="left" w:pos="-1080"/><w:tab w:val="left" w:pos="4212"/><w:tab w:val="left" w:pos="8460"/></w:tabs><w:spacing w:line="240" w:lineRule="exact"/><w:ind w:left="4212" w:right="-108" w:firstLine="0"/><w:rPr><w:sz w:val="20"/><w:szCs w:val="20"/><w:u w:val="single"/></w:rPr></w:pPr><w:r><w:rPr><w:sz w:val="20"/><w:szCs w:val="20"/><w:u w:val="single"/></w:rPr><w:fldChar w:fldCharType="begin"><w:ffData><w:name w:val="Text104"/><w:enabled/><w:calcOnExit w:val="0"/><w:textInput/></w:ffData></w:fldChar></w:r><w:r><w:rPr><w:sz w:val="20"/><w:szCs w:val="20"/><w:u w:val="single"/></w:rPr><w:instrText xml:space="preserve"> FORMTEXT </w:instrText></w:r><w:r><w:rPr><w:sz w:val="20"/><w:szCs w:val="20"/><w:u w:val="single"/></w:rPr></w:r><w:r><w:rPr><w:sz w:val="20"/><w:szCs w:val="20"/><w:u w:val="single"/></w:rPr><w:fldChar w:fldCharType="separate"/></w:r><w:r w:rsidR="008E668C"><w:rPr><w:noProof/><w:sz w:val="20"/><w:szCs w:val="20"/><w:u w:val="single"/></w:rPr><w:t> </w:t></w:r><w:r w:rsidR="008E668C"><w:rPr><w:noProof/><w:sz w:val="20"/><w:szCs w:val="20"/><w:u w:val="single"/></w:rPr><w:t> </w:t></w:r><w:r w:rsidR="008E668C"><w:rPr><w:noProof/><w:sz w:val="20"/><w:szCs w:val="20"/><w:u w:val="single"/></w:rPr><w:t> </w:t></w:r><w:r w:rsidR="008E668C"><w:rPr><w:noProof/><w:sz w:val="20"/><w:szCs w:val="20"/><w:u w:val="single"/></w:rPr><w:t> </w:t></w:r><w:r w:rsidR="008E668C"><w:rPr><w:noProof/><w:sz w:val="20"/><w:szCs w:val="20"/><w:u w:val="single"/></w:rPr><w:t> </w:t></w:r><w:r><w:rPr><w:sz w:val="20"/><w:szCs w:val="20"/><w:u w:val="single"/></w:rPr><w:fldChar w:fldCharType="end"/></w:r><w:r><w:rPr><w:sz w:val="20"/><w:szCs w:val="20"/><w:u w:val="single"/></w:rPr><w:tab/></w:r></w:p><w:p w14:paraId="51F6677C" w14:textId="77777777" w:rsidR="0011425E" w:rsidRPr="003A3201" w:rsidRDefault="0011425E" w:rsidP="00F10DFB"><w:pPr><w:pStyle w:val="BodyTextIndent2"/><w:tabs><w:tab w:val="clear" w:pos="720"/><w:tab w:val="left" w:pos="-1080"/><w:tab w:val="left" w:pos="4212"/><w:tab w:val="left" w:pos="8460"/></w:tabs><w:spacing w:line="200" w:lineRule="exact"/><w:ind w:left="4234" w:right="-115" w:firstLine="0"/><w:jc w:val="center"/><w:rPr><w:rFonts w:ascii="Arial" w:hAnsi="Arial" w:cs="Arial"/><w:sz w:val="14"/><w:szCs w:val="20"/></w:rPr></w:pPr><w:r><w:rPr><w:rFonts w:ascii="Arial" w:hAnsi="Arial" w:cs="Arial"/><w:sz w:val="14"/><w:szCs w:val="20"/></w:rPr><w:t>Print or Type Name</w:t></w:r></w:p><w:p w14:paraId="74ECEF17" w14:textId="77777777" w:rsidR="0011425E" w:rsidRDefault="0011425E" w:rsidP="00F10DFB"><w:pPr><w:pStyle w:val="BodyTextIndent2"/><w:tabs><w:tab w:val="clear" w:pos="720"/><w:tab w:val="left" w:pos="-1080"/><w:tab w:val="left" w:pos="4212"/><w:tab w:val="left" w:pos="8460"/></w:tabs><w:spacing w:line="240" w:lineRule="exact"/><w:ind w:left="4212" w:right="-108" w:firstLine="0"/><w:rPr><w:sz w:val="20"/><w:szCs w:val="20"/><w:u w:val="single"/></w:rPr></w:pPr><w:r><w:rPr><w:sz w:val="20"/><w:szCs w:val="20"/><w:u w:val="single"/></w:rPr><w:fldChar w:fldCharType="begin"><w:ffData><w:name w:val="Text104"/><w:enabled/><w:calcOnExit w:val="0"/><w:textInput/></w:ffData></w:fldChar></w:r><w:r><w:rPr><w:sz w:val="20"/><w:szCs w:val="20"/><w:u w:val="single"/></w:rPr><w:instrText xml:space="preserve"> FORMTEXT </w:instrText></w:r><w:r><w:rPr><w:sz w:val="20"/><w:szCs w:val="20"/><w:u w:val="single"/></w:rPr></w:r><w:r><w:rPr><w:sz w:val="20"/><w:szCs w:val="20"/><w:u w:val="single"/></w:rPr><w:fldChar w:fldCharType="separate"/></w:r><w:r w:rsidR="008E668C"><w:rPr><w:noProof/><w:sz w:val="20"/><w:szCs w:val="20"/><w:u w:val="single"/></w:rPr><w:t> </w:t></w:r><w:r w:rsidR="008E668C"><w:rPr><w:noProof/><w:sz w:val="20"/><w:szCs w:val="20"/><w:u w:val="single"/></w:rPr><w:t> </w:t></w:r><w:r w:rsidR="008E668C"><w:rPr><w:noProof/><w:sz w:val="20"/><w:szCs w:val="20"/><w:u w:val="single"/></w:rPr><w:t> </w:t></w:r><w:r w:rsidR="008E668C"><w:rPr><w:noProof/><w:sz w:val="20"/><w:szCs w:val="20"/><w:u w:val="single"/></w:rPr><w:t> </w:t></w:r><w:r w:rsidR="008E668C"><w:rPr><w:noProof/><w:sz w:val="20"/><w:szCs w:val="20"/><w:u w:val="single"/></w:rPr><w:t> </w:t></w:r><w:r><w:rPr><w:sz w:val="20"/><w:szCs w:val="20"/><w:u w:val="single"/></w:rPr><w:fldChar w:fldCharType="end"/></w:r><w:r><w:rPr><w:sz w:val="20"/><w:szCs w:val="20"/><w:u w:val="single"/></w:rPr><w:tab/></w:r></w:p><w:p w14:paraId="409D3D8A" w14:textId="77777777" w:rsidR="0011425E" w:rsidRDefault="0011425E" w:rsidP="00F10DFB"><w:pPr><w:tabs><w:tab w:val="left" w:pos="2520"/><w:tab w:val="left" w:pos="2790"/><w:tab w:val="left" w:pos="8460"/></w:tabs><w:spacing w:line="200" w:lineRule="exact"/><w:ind w:left="4234" w:right="-115"/><w:jc w:val="center"/><w:rPr><w:rFonts w:cs="Arial"/><w:sz w:val="14"/></w:rPr></w:pPr><w:r><w:rPr><w:rFonts w:cs="Arial"/><w:sz w:val="14"/></w:rPr><w:t>Date</w:t></w:r></w:p><w:p w14:paraId="6B4EBE75" w14:textId="77777777" w:rsidR="001116B5" w:rsidRDefault="001116B5" w:rsidP="00F10DFB"><w:pPr><w:pStyle w:val="BodyTextIndent2"/><w:tabs><w:tab w:val="clear" w:pos="720"/><w:tab w:val="left" w:pos="-1080"/><w:tab w:val="left" w:pos="4212"/><w:tab w:val="left" w:pos="8460"/></w:tabs><w:spacing w:line="240" w:lineRule="exact"/><w:ind w:left="4212" w:right="-108" w:firstLine="0"/><w:rPr><w:sz w:val="20"/><w:szCs w:val="20"/><w:u w:val="single"/></w:rPr></w:pPr><w:r><w:rPr><w:sz w:val="20"/><w:szCs w:val="20"/><w:u w:val="single"/></w:rPr><w:fldChar w:fldCharType="begin"><w:ffData><w:name w:val="Text104"/><w:enabled/><w:calcOnExit w:val="0"/><w:textInput/></w:ffData></w:fldChar></w:r><w:r><w:rPr><w:sz w:val="20"/><w:szCs w:val="20"/><w:u w:val="single"/></w:rPr><w:instrText xml:space="preserve"> FORMTEXT </w:instrText></w:r><w:r><w:rPr><w:sz w:val="20"/><w:szCs w:val="20"/><w:u w:val="single"/></w:rPr></w:r><w:r><w:rPr><w:sz w:val="20"/><w:szCs w:val="20"/><w:u w:val="single"/></w:rPr><w:fldChar w:fldCharType="separate"/></w:r><w:r w:rsidR="008E668C"><w:rPr><w:noProof/><w:sz w:val="20"/><w:szCs w:val="20"/><w:u w:val="single"/></w:rPr><w:t> </w:t></w:r><w:r w:rsidR="008E668C"><w:rPr><w:noProof/><w:sz w:val="20"/><w:szCs w:val="20"/><w:u w:val="single"/></w:rPr><w:t> </w:t></w:r><w:r w:rsidR="008E668C"><w:rPr><w:noProof/><w:sz w:val="20"/><w:szCs w:val="20"/><w:u w:val="single"/></w:rPr><w:t> </w:t></w:r><w:r w:rsidR="008E668C"><w:rPr><w:noProof/><w:sz w:val="20"/><w:szCs w:val="20"/><w:u w:val="single"/></w:rPr><w:t> </w:t></w:r><w:r w:rsidR="008E668C"><w:rPr><w:noProof/><w:sz w:val="20"/><w:szCs w:val="20"/><w:u w:val="single"/></w:rPr><w:t> </w:t></w:r><w:r><w:rPr><w:sz w:val="20"/><w:szCs w:val="20"/><w:u w:val="single"/></w:rPr><w:fldChar w:fldCharType="end"/></w:r><w:r><w:rPr><w:sz w:val="20"/><w:szCs w:val="20"/><w:u w:val="single"/></w:rPr><w:tab/></w:r></w:p><w:p w14:paraId="46ED7ADA" w14:textId="77777777" w:rsidR="001116B5" w:rsidRPr="00802715" w:rsidRDefault="001116B5" w:rsidP="00F10DFB"><w:pPr><w:tabs><w:tab w:val="left" w:pos="2520"/><w:tab w:val="left" w:pos="2790"/><w:tab w:val="left" w:pos="8460"/></w:tabs><w:spacing w:line="200" w:lineRule="exact"/><w:ind w:left="4234" w:right="-115"/><w:jc w:val="center"/><w:rPr><w:rFonts w:cs="Arial"/><w:b/></w:rPr></w:pPr><w:r w:rsidRPr="00BD05B3"><w:rPr><w:rFonts w:cs="Arial"/><w:sz w:val="14"/></w:rPr><w:t>Phone Number</w:t></w:r></w:p></w:tc></w:tr></w:tbl><w:p w14:paraId="43E25CB4" w14:textId="77777777" w:rsidR="006D5716" w:rsidRPr="000A2953" w:rsidRDefault="006D5716" w:rsidP="00532282"><w:pPr><w:tabs><w:tab w:val="left" w:pos="2160"/><w:tab w:val="left" w:pos="2280"/><w:tab w:val="left" w:pos="3060"/></w:tabs><w:rPr><w:rFonts w:cs="Arial"/><w:b/><w:bCs/></w:rPr></w:pPr></w:p><w:sectPr w:rsidR="006D5716" w:rsidRPr="000A2953" w:rsidSect="006D5716"><w:headerReference w:type="even" r:id="rId7"/><w:headerReference w:type="default" r:id="rId8"/><w:footerReference w:type="default" r:id="rId9"/><w:headerReference w:type="first" r:id="rId10"/><w:footerReference w:type="first" r:id="rId11"/><w:type w:val="continuous"/><w:pgSz w:w="12240" w:h="15840" w:code="1"/><w:pgMar w:top="720" w:right="720" w:bottom="720" w:left="720" w:header="432" w:footer="288" w:gutter="0"/><w:cols w:space="720"/><w:titlePg/><w:docGrid w:linePitch="272"/></w:sectPr></w:body></w:document>