<?xml version="1.0" encoding="UTF-8" standalone="yes"?>
<w:numbering xmlns:wpc="http://schemas.microsoft.com/office/word/2010/wordprocessingCanvas" xmlns:cx="http://schemas.microsoft.com/office/drawing/2014/chartex" xmlns:cx1="http://schemas.microsoft.com/office/drawing/2015/9/8/chartex" xmlns:cx2="http://schemas.microsoft.com/office/drawing/2015/10/21/chartex" xmlns:cx3="http://schemas.microsoft.com/office/drawing/2016/5/9/chartex" xmlns:cx4="http://schemas.microsoft.com/office/drawing/2016/5/10/chartex" xmlns:cx5="http://schemas.microsoft.com/office/drawing/2016/5/11/chartex" xmlns:cx6="http://schemas.microsoft.com/office/drawing/2016/5/12/chartex" xmlns:cx7="http://schemas.microsoft.com/office/drawing/2016/5/13/chartex" xmlns:cx8="http://schemas.microsoft.com/office/drawing/2016/5/14/chartex" xmlns:mc="http://schemas.openxmlformats.org/markup-compatibility/2006" xmlns:aink="http://schemas.microsoft.com/office/drawing/2016/ink" xmlns:am3d="http://schemas.microsoft.com/office/drawing/2017/model3d" xmlns:o="urn:schemas-microsoft-com:office:office" xmlns:r="http://schemas.openxmlformats.org/officeDocument/2006/relationships" xmlns:m="http://schemas.openxmlformats.org/officeDocument/2006/math" xmlns:v="urn:schemas-microsoft-com:vml" xmlns:wp14="http://schemas.microsoft.com/office/word/2010/wordprocessingDrawing" xmlns:wp="http://schemas.openxmlformats.org/drawingml/2006/wordprocessingDrawing" xmlns:w10="urn:schemas-microsoft-com:office:word" xmlns:w="http://schemas.openxmlformats.org/wordprocessingml/2006/main" xmlns:w14="http://schemas.microsoft.com/office/word/2010/wordml" xmlns:w15="http://schemas.microsoft.com/office/word/2012/wordml" xmlns:w16cid="http://schemas.microsoft.com/office/word/2016/wordml/cid" xmlns:w16se="http://schemas.microsoft.com/office/word/2015/wordml/symex" xmlns:wpg="http://schemas.microsoft.com/office/word/2010/wordprocessingGroup" xmlns:wpi="http://schemas.microsoft.com/office/word/2010/wordprocessingInk" xmlns:wne="http://schemas.microsoft.com/office/word/2006/wordml" xmlns:wps="http://schemas.microsoft.com/office/word/2010/wordprocessingShape" mc:Ignorable="w14 w15 w16se w16cid wp14"><w:abstractNum w:abstractNumId="0" w15:restartNumberingAfterBreak="0"><w:nsid w:val="00FF7589"/><w:multiLevelType w:val="singleLevel"/><w:tmpl w:val="0409000F"/><w:lvl w:ilvl="0"><w:start w:val="3"/><w:numFmt w:val="decimal"/><w:lvlText w:val="%1."/><w:lvlJc w:val="left"/><w:pPr><w:tabs><w:tab w:val="num" w:pos="360"/></w:tabs><w:ind w:left="360" w:hanging="360"/></w:pPr><w:rPr><w:rFonts w:cs="Times New Roman" w:hint="default"/></w:rPr></w:lvl></w:abstractNum><w:abstractNum w:abstractNumId="1" w15:restartNumberingAfterBreak="0"><w:nsid w:val="083C0FB7"/><w:multiLevelType w:val="singleLevel"/><w:tmpl w:val="04090001"/><w:lvl w:ilvl="0"><w:start w:val="1"/><w:numFmt w:val="bullet"/><w:lvlText w:val=""/><w:lvlJc w:val="left"/><w:pPr><w:tabs><w:tab w:val="num" w:pos="360"/></w:tabs><w:ind w:left="360" w:hanging="360"/></w:pPr><w:rPr><w:rFonts w:ascii="Symbol" w:hAnsi="Symbol" w:hint="default"/></w:rPr></w:lvl></w:abstractNum><w:abstractNum w:abstractNumId="2" w15:restartNumberingAfterBreak="0"><w:nsid w:val="0F2A6085"/><w:multiLevelType w:val="hybridMultilevel"/><w:tmpl w:val="479A5B52"/><w:lvl w:ilvl="0" w:tplc="66C4C77A"><w:start w:val="5"/><w:numFmt w:val="decimal"/><w:lvlText w:val="%1."/><w:lvlJc w:val="left"/><w:pPr><w:tabs><w:tab w:val="num" w:pos="2520"/></w:tabs><w:ind w:left="2520" w:hanging="360"/></w:pPr><w:rPr><w:rFonts w:cs="Times New Roman" w:hint="default"/></w:rPr></w:lvl><w:lvl w:ilvl="1" w:tplc="04090019" w:tentative="1"><w:start w:val="1"/><w:numFmt w:val="lowerLetter"/><w:lvlText w:val="%2."/><w:lvlJc w:val="left"/><w:pPr><w:tabs><w:tab w:val="num" w:pos="3240"/></w:tabs><w:ind w:left="3240" w:hanging="360"/></w:pPr><w:rPr><w:rFonts w:cs="Times New Roman"/></w:rPr></w:lvl><w:lvl w:ilvl="2" w:tplc="0409001B" w:tentative="1"><w:start w:val="1"/><w:numFmt w:val="lowerRoman"/><w:lvlText w:val="%3."/><w:lvlJc w:val="right"/><w:pPr><w:tabs><w:tab w:val="num" w:pos="3960"/></w:tabs><w:ind w:left="3960" w:hanging="180"/></w:pPr><w:rPr><w:rFonts w:cs="Times New Roman"/></w:rPr></w:lvl><w:lvl w:ilvl="3" w:tplc="0409000F" w:tentative="1"><w:start w:val="1"/><w:numFmt w:val="decimal"/><w:lvlText w:val="%4."/><w:lvlJc w:val="left"/><w:pPr><w:tabs><w:tab w:val="num" w:pos="4680"/></w:tabs><w:ind w:left="4680" w:hanging="360"/></w:pPr><w:rPr><w:rFonts w:cs="Times New Roman"/></w:rPr></w:lvl><w:lvl w:ilvl="4" w:tplc="04090019" w:tentative="1"><w:start w:val="1"/><w:numFmt w:val="lowerLetter"/><w:lvlText w:val="%5."/><w:lvlJc w:val="left"/><w:pPr><w:tabs><w:tab w:val="num" w:pos="5400"/></w:tabs><w:ind w:left="5400" w:hanging="360"/></w:pPr><w:rPr><w:rFonts w:cs="Times New Roman"/></w:rPr></w:lvl><w:lvl w:ilvl="5" w:tplc="0409001B" w:tentative="1"><w:start w:val="1"/><w:numFmt w:val="lowerRoman"/><w:lvlText w:val="%6."/><w:lvlJc w:val="right"/><w:pPr><w:tabs><w:tab w:val="num" w:pos="6120"/></w:tabs><w:ind w:left="6120" w:hanging="180"/></w:pPr><w:rPr><w:rFonts w:cs="Times New Roman"/></w:rPr></w:lvl><w:lvl w:ilvl="6" w:tplc="0409000F" w:tentative="1"><w:start w:val="1"/><w:numFmt w:val="decimal"/><w:lvlText w:val="%7."/><w:lvlJc w:val="left"/><w:pPr><w:tabs><w:tab w:val="num" w:pos="6840"/></w:tabs><w:ind w:left="6840" w:hanging="360"/></w:pPr><w:rPr><w:rFonts w:cs="Times New Roman"/></w:rPr></w:lvl><w:lvl w:ilvl="7" w:tplc="04090019" w:tentative="1"><w:start w:val="1"/><w:numFmt w:val="lowerLetter"/><w:lvlText w:val="%8."/><w:lvlJc w:val="left"/><w:pPr><w:tabs><w:tab w:val="num" w:pos="7560"/></w:tabs><w:ind w:left="7560" w:hanging="360"/></w:pPr><w:rPr><w:rFonts w:cs="Times New Roman"/></w:rPr></w:lvl><w:lvl w:ilvl="8" w:tplc="0409001B" w:tentative="1"><w:start w:val="1"/><w:numFmt w:val="lowerRoman"/><w:lvlText w:val="%9."/><w:lvlJc w:val="right"/><w:pPr><w:tabs><w:tab w:val="num" w:pos="8280"/></w:tabs><w:ind w:left="8280" w:hanging="180"/></w:pPr><w:rPr><w:rFonts w:cs="Times New Roman"/></w:rPr></w:lvl></w:abstractNum><w:abstractNum w:abstractNumId="3" w15:restartNumberingAfterBreak="0"><w:nsid w:val="11260A28"/><w:multiLevelType w:val="hybridMultilevel"/><w:tmpl w:val="1FC06B70"/><w:lvl w:ilvl="0" w:tplc="4A54EB4A"><w:start w:val="3"/><w:numFmt w:val="decimal"/><w:lvlText w:val="%1."/><w:lvlJc w:val="left"/><w:pPr><w:tabs><w:tab w:val="num" w:pos="2520"/></w:tabs><w:ind w:left="2520" w:hanging="360"/></w:pPr><w:rPr><w:rFonts w:cs="Times New Roman" w:hint="default"/><w:b/></w:rPr></w:lvl><w:lvl w:ilvl="1" w:tplc="04090019"><w:start w:val="1"/><w:numFmt w:val="lowerLetter"/><w:lvlText w:val="%2."/><w:lvlJc w:val="left"/><w:pPr><w:tabs><w:tab w:val="num" w:pos="3240"/></w:tabs><w:ind w:left="3240" w:hanging="360"/></w:pPr><w:rPr><w:rFonts w:cs="Times New Roman"/></w:rPr></w:lvl><w:lvl w:ilvl="2" w:tplc="0409001B"><w:start w:val="1"/><w:numFmt w:val="lowerRoman"/><w:lvlText w:val="%3."/><w:lvlJc w:val="right"/><w:pPr><w:tabs><w:tab w:val="num" w:pos="3960"/></w:tabs><w:ind w:left="3960" w:hanging="180"/></w:pPr><w:rPr><w:rFonts w:cs="Times New Roman"/></w:rPr></w:lvl><w:lvl w:ilvl="3" w:tplc="0409000F" w:tentative="1"><w:start w:val="1"/><w:numFmt w:val="decimal"/><w:lvlText w:val="%4."/><w:lvlJc w:val="left"/><w:pPr><w:tabs><w:tab w:val="num" w:pos="4680"/></w:tabs><w:ind w:left="4680" w:hanging="360"/></w:pPr><w:rPr><w:rFonts w:cs="Times New Roman"/></w:rPr></w:lvl><w:lvl w:ilvl="4" w:tplc="04090019" w:tentative="1"><w:start w:val="1"/><w:numFmt w:val="lowerLetter"/><w:lvlText w:val="%5."/><w:lvlJc w:val="left"/><w:pPr><w:tabs><w:tab w:val="num" w:pos="5400"/></w:tabs><w:ind w:left="5400" w:hanging="360"/></w:pPr><w:rPr><w:rFonts w:cs="Times New Roman"/></w:rPr></w:lvl><w:lvl w:ilvl="5" w:tplc="0409001B" w:tentative="1"><w:start w:val="1"/><w:numFmt w:val="lowerRoman"/><w:lvlText w:val="%6."/><w:lvlJc w:val="right"/><w:pPr><w:tabs><w:tab w:val="num" w:pos="6120"/></w:tabs><w:ind w:left="6120" w:hanging="180"/></w:pPr><w:rPr><w:rFonts w:cs="Times New Roman"/></w:rPr></w:lvl><w:lvl w:ilvl="6" w:tplc="0409000F" w:tentative="1"><w:start w:val="1"/><w:numFmt w:val="decimal"/><w:lvlText w:val="%7."/><w:lvlJc w:val="left"/><w:pPr><w:tabs><w:tab w:val="num" w:pos="6840"/></w:tabs><w:ind w:left="6840" w:hanging="360"/></w:pPr><w:rPr><w:rFonts w:cs="Times New Roman"/></w:rPr></w:lvl><w:lvl w:ilvl="7" w:tplc="04090019" w:tentative="1"><w:start w:val="1"/><w:numFmt w:val="lowerLetter"/><w:lvlText w:val="%8."/><w:lvlJc w:val="left"/><w:pPr><w:tabs><w:tab w:val="num" w:pos="7560"/></w:tabs><w:ind w:left="7560" w:hanging="360"/></w:pPr><w:rPr><w:rFonts w:cs="Times New Roman"/></w:rPr></w:lvl><w:lvl w:ilvl="8" w:tplc="0409001B" w:tentative="1"><w:start w:val="1"/><w:numFmt w:val="lowerRoman"/><w:lvlText w:val="%9."/><w:lvlJc w:val="right"/><w:pPr><w:tabs><w:tab w:val="num" w:pos="8280"/></w:tabs><w:ind w:left="8280" w:hanging="180"/></w:pPr><w:rPr><w:rFonts w:cs="Times New Roman"/></w:rPr></w:lvl></w:abstractNum><w:abstractNum w:abstractNumId="4" w15:restartNumberingAfterBreak="0"><w:nsid w:val="11C265F2"/><w:multiLevelType w:val="singleLevel"/><w:tmpl w:val="74A0AA64"/><w:lvl w:ilvl="0"><w:start w:val="4"/><w:numFmt w:val="decimal"/><w:lvlText w:val="%1."/><w:lvlJc w:val="left"/><w:pPr><w:tabs><w:tab w:val="num" w:pos="810"/></w:tabs><w:ind w:left="810" w:hanging="360"/></w:pPr><w:rPr><w:rFonts w:cs="Times New Roman" w:hint="default"/></w:rPr></w:lvl></w:abstractNum><w:abstractNum w:abstractNumId="5" w15:restartNumberingAfterBreak="0"><w:nsid w:val="15B167F8"/><w:multiLevelType w:val="hybridMultilevel"/><w:tmpl w:val="ED8235E2"/><w:lvl w:ilvl="0" w:tplc="414EC520"><w:start w:val="11"/><w:numFmt w:val="decimal"/><w:lvlText w:val="%1."/><w:lvlJc w:val="left"/><w:pPr><w:tabs><w:tab w:val="num" w:pos="2520"/></w:tabs><w:ind w:left="2520" w:hanging="360"/></w:pPr><w:rPr><w:rFonts w:cs="Times New Roman" w:hint="default"/></w:rPr></w:lvl><w:lvl w:ilvl="1" w:tplc="04090019" w:tentative="1"><w:start w:val="1"/><w:numFmt w:val="lowerLetter"/><w:lvlText w:val="%2."/><w:lvlJc w:val="left"/><w:pPr><w:tabs><w:tab w:val="num" w:pos="3240"/></w:tabs><w:ind w:left="3240" w:hanging="360"/></w:pPr><w:rPr><w:rFonts w:cs="Times New Roman"/></w:rPr></w:lvl><w:lvl w:ilvl="2" w:tplc="0409001B" w:tentative="1"><w:start w:val="1"/><w:numFmt w:val="lowerRoman"/><w:lvlText w:val="%3."/><w:lvlJc w:val="right"/><w:pPr><w:tabs><w:tab w:val="num" w:pos="3960"/></w:tabs><w:ind w:left="3960" w:hanging="180"/></w:pPr><w:rPr><w:rFonts w:cs="Times New Roman"/></w:rPr></w:lvl><w:lvl w:ilvl="3" w:tplc="0409000F" w:tentative="1"><w:start w:val="1"/><w:numFmt w:val="decimal"/><w:lvlText w:val="%4."/><w:lvlJc w:val="left"/><w:pPr><w:tabs><w:tab w:val="num" w:pos="4680"/></w:tabs><w:ind w:left="4680" w:hanging="360"/></w:pPr><w:rPr><w:rFonts w:cs="Times New Roman"/></w:rPr></w:lvl><w:lvl w:ilvl="4" w:tplc="04090019" w:tentative="1"><w:start w:val="1"/><w:numFmt w:val="lowerLetter"/><w:lvlText w:val="%5."/><w:lvlJc w:val="left"/><w:pPr><w:tabs><w:tab w:val="num" w:pos="5400"/></w:tabs><w:ind w:left="5400" w:hanging="360"/></w:pPr><w:rPr><w:rFonts w:cs="Times New Roman"/></w:rPr></w:lvl><w:lvl w:ilvl="5" w:tplc="0409001B" w:tentative="1"><w:start w:val="1"/><w:numFmt w:val="lowerRoman"/><w:lvlText w:val="%6."/><w:lvlJc w:val="right"/><w:pPr><w:tabs><w:tab w:val="num" w:pos="6120"/></w:tabs><w:ind w:left="6120" w:hanging="180"/></w:pPr><w:rPr><w:rFonts w:cs="Times New Roman"/></w:rPr></w:lvl><w:lvl w:ilvl="6" w:tplc="0409000F" w:tentative="1"><w:start w:val="1"/><w:numFmt w:val="decimal"/><w:lvlText w:val="%7."/><w:lvlJc w:val="left"/><w:pPr><w:tabs><w:tab w:val="num" w:pos="6840"/></w:tabs><w:ind w:left="6840" w:hanging="360"/></w:pPr><w:rPr><w:rFonts w:cs="Times New Roman"/></w:rPr></w:lvl><w:lvl w:ilvl="7" w:tplc="04090019" w:tentative="1"><w:start w:val="1"/><w:numFmt w:val="lowerLetter"/><w:lvlText w:val="%8."/><w:lvlJc w:val="left"/><w:pPr><w:tabs><w:tab w:val="num" w:pos="7560"/></w:tabs><w:ind w:left="7560" w:hanging="360"/></w:pPr><w:rPr><w:rFonts w:cs="Times New Roman"/></w:rPr></w:lvl><w:lvl w:ilvl="8" w:tplc="0409001B" w:tentative="1"><w:start w:val="1"/><w:numFmt w:val="lowerRoman"/><w:lvlText w:val="%9."/><w:lvlJc w:val="right"/><w:pPr><w:tabs><w:tab w:val="num" w:pos="8280"/></w:tabs><w:ind w:left="8280" w:hanging="180"/></w:pPr><w:rPr><w:rFonts w:cs="Times New Roman"/></w:rPr></w:lvl></w:abstractNum><w:abstractNum w:abstractNumId="6" w15:restartNumberingAfterBreak="0"><w:nsid w:val="17E607C3"/><w:multiLevelType w:val="singleLevel"/><w:tmpl w:val="0409000F"/><w:lvl w:ilvl="0"><w:start w:val="1"/><w:numFmt w:val="decimal"/><w:lvlText w:val="%1."/><w:lvlJc w:val="left"/><w:pPr><w:tabs><w:tab w:val="num" w:pos="360"/></w:tabs><w:ind w:left="360" w:hanging="360"/></w:pPr><w:rPr><w:rFonts w:cs="Times New Roman" w:hint="default"/></w:rPr></w:lvl></w:abstractNum><w:abstractNum w:abstractNumId="7" w15:restartNumberingAfterBreak="0"><w:nsid w:val="17EC774C"/><w:multiLevelType w:val="hybridMultilevel"/><w:tmpl w:val="CF662B80"/><w:lvl w:ilvl="0" w:tplc="70782174"><w:start w:val="1"/><w:numFmt w:val="lowerLetter"/><w:lvlText w:val="(%1)"/><w:lvlJc w:val="left"/><w:pPr><w:tabs><w:tab w:val="num" w:pos="360"/></w:tabs><w:ind w:left="360" w:hanging="360"/></w:pPr><w:rPr><w:rFonts w:cs="Times New Roman" w:hint="default"/></w:rPr></w:lvl><w:lvl w:ilvl="1" w:tplc="04090019" w:tentative="1"><w:start w:val="1"/><w:numFmt w:val="lowerLetter"/><w:lvlText w:val="%2."/><w:lvlJc w:val="left"/><w:pPr><w:tabs><w:tab w:val="num" w:pos="1080"/></w:tabs><w:ind w:left="1080" w:hanging="360"/></w:pPr><w:rPr><w:rFonts w:cs="Times New Roman"/></w:rPr></w:lvl><w:lvl w:ilvl="2" w:tplc="0409001B" w:tentative="1"><w:start w:val="1"/><w:numFmt w:val="lowerRoman"/><w:lvlText w:val="%3."/><w:lvlJc w:val="right"/><w:pPr><w:tabs><w:tab w:val="num" w:pos="1800"/></w:tabs><w:ind w:left="1800" w:hanging="180"/></w:pPr><w:rPr><w:rFonts w:cs="Times New Roman"/></w:rPr></w:lvl><w:lvl w:ilvl="3" w:tplc="0409000F" w:tentative="1"><w:start w:val="1"/><w:numFmt w:val="decimal"/><w:lvlText w:val="%4."/><w:lvlJc w:val="left"/><w:pPr><w:tabs><w:tab w:val="num" w:pos="2520"/></w:tabs><w:ind w:left="2520" w:hanging="360"/></w:pPr><w:rPr><w:rFonts w:cs="Times New Roman"/></w:rPr></w:lvl><w:lvl w:ilvl="4" w:tplc="04090019" w:tentative="1"><w:start w:val="1"/><w:numFmt w:val="lowerLetter"/><w:lvlText w:val="%5."/><w:lvlJc w:val="left"/><w:pPr><w:tabs><w:tab w:val="num" w:pos="3240"/></w:tabs><w:ind w:left="3240" w:hanging="360"/></w:pPr><w:rPr><w:rFonts w:cs="Times New Roman"/></w:rPr></w:lvl><w:lvl w:ilvl="5" w:tplc="0409001B" w:tentative="1"><w:start w:val="1"/><w:numFmt w:val="lowerRoman"/><w:lvlText w:val="%6."/><w:lvlJc w:val="right"/><w:pPr><w:tabs><w:tab w:val="num" w:pos="3960"/></w:tabs><w:ind w:left="3960" w:hanging="180"/></w:pPr><w:rPr><w:rFonts w:cs="Times New Roman"/></w:rPr></w:lvl><w:lvl w:ilvl="6" w:tplc="0409000F" w:tentative="1"><w:start w:val="1"/><w:numFmt w:val="decimal"/><w:lvlText w:val="%7."/><w:lvlJc w:val="left"/><w:pPr><w:tabs><w:tab w:val="num" w:pos="4680"/></w:tabs><w:ind w:left="4680" w:hanging="360"/></w:pPr><w:rPr><w:rFonts w:cs="Times New Roman"/></w:rPr></w:lvl><w:lvl w:ilvl="7" w:tplc="04090019" w:tentative="1"><w:start w:val="1"/><w:numFmt w:val="lowerLetter"/><w:lvlText w:val="%8."/><w:lvlJc w:val="left"/><w:pPr><w:tabs><w:tab w:val="num" w:pos="5400"/></w:tabs><w:ind w:left="5400" w:hanging="360"/></w:pPr><w:rPr><w:rFonts w:cs="Times New Roman"/></w:rPr></w:lvl><w:lvl w:ilvl="8" w:tplc="0409001B" w:tentative="1"><w:start w:val="1"/><w:numFmt w:val="lowerRoman"/><w:lvlText w:val="%9."/><w:lvlJc w:val="right"/><w:pPr><w:tabs><w:tab w:val="num" w:pos="6120"/></w:tabs><w:ind w:left="6120" w:hanging="180"/></w:pPr><w:rPr><w:rFonts w:cs="Times New Roman"/></w:rPr></w:lvl></w:abstractNum><w:abstractNum w:abstractNumId="8" w15:restartNumberingAfterBreak="0"><w:nsid w:val="1DD40DBB"/><w:multiLevelType w:val="hybridMultilevel"/><w:tmpl w:val="9D7405EA"/><w:lvl w:ilvl="0" w:tplc="3B0EDD88"><w:start w:val="8"/><w:numFmt w:val="decimal"/><w:lvlText w:val="%1."/><w:lvlJc w:val="left"/><w:pPr><w:tabs><w:tab w:val="num" w:pos="360"/></w:tabs><w:ind w:left="360" w:hanging="360"/></w:pPr><w:rPr><w:rFonts w:cs="Times New Roman" w:hint="default"/></w:rPr></w:lvl><w:lvl w:ilvl="1" w:tplc="284670C8"><w:start w:val="14"/><w:numFmt w:val="decimal"/><w:lvlText w:val="(%2)"/><w:lvlJc w:val="left"/><w:pPr><w:tabs><w:tab w:val="num" w:pos="1473"/></w:tabs><w:ind w:left="1473" w:hanging="393"/></w:pPr><w:rPr><w:rFonts w:cs="Times New Roman" w:hint="default"/></w:rPr></w:lvl><w:lvl w:ilvl="2" w:tplc="0409001B" w:tentative="1"><w:start w:val="1"/><w:numFmt w:val="lowerRoman"/><w:lvlText w:val="%3."/><w:lvlJc w:val="right"/><w:pPr><w:tabs><w:tab w:val="num" w:pos="2160"/></w:tabs><w:ind w:left="2160" w:hanging="180"/></w:pPr><w:rPr><w:rFonts w:cs="Times New Roman"/></w:rPr></w:lvl><w:lvl w:ilvl="3" w:tplc="0409000F" w:tentative="1"><w:start w:val="1"/><w:numFmt w:val="decimal"/><w:lvlText w:val="%4."/><w:lvlJc w:val="left"/><w:pPr><w:tabs><w:tab w:val="num" w:pos="2880"/></w:tabs><w:ind w:left="2880" w:hanging="360"/></w:pPr><w:rPr><w:rFonts w:cs="Times New Roman"/></w:rPr></w:lvl><w:lvl w:ilvl="4" w:tplc="04090019" w:tentative="1"><w:start w:val="1"/><w:numFmt w:val="lowerLetter"/><w:lvlText w:val="%5."/><w:lvlJc w:val="left"/><w:pPr><w:tabs><w:tab w:val="num" w:pos="3600"/></w:tabs><w:ind w:left="3600" w:hanging="360"/></w:pPr><w:rPr><w:rFonts w:cs="Times New Roman"/></w:rPr></w:lvl><w:lvl w:ilvl="5" w:tplc="0409001B" w:tentative="1"><w:start w:val="1"/><w:numFmt w:val="lowerRoman"/><w:lvlText w:val="%6."/><w:lvlJc w:val="right"/><w:pPr><w:tabs><w:tab w:val="num" w:pos="4320"/></w:tabs><w:ind w:left="4320" w:hanging="180"/></w:pPr><w:rPr><w:rFonts w:cs="Times New Roman"/></w:rPr></w:lvl><w:lvl w:ilvl="6" w:tplc="0409000F" w:tentative="1"><w:start w:val="1"/><w:numFmt w:val="decimal"/><w:lvlText w:val="%7."/><w:lvlJc w:val="left"/><w:pPr><w:tabs><w:tab w:val="num" w:pos="5040"/></w:tabs><w:ind w:left="5040" w:hanging="360"/></w:pPr><w:rPr><w:rFonts w:cs="Times New Roman"/></w:rPr></w:lvl><w:lvl w:ilvl="7" w:tplc="04090019" w:tentative="1"><w:start w:val="1"/><w:numFmt w:val="lowerLetter"/><w:lvlText w:val="%8."/><w:lvlJc w:val="left"/><w:pPr><w:tabs><w:tab w:val="num" w:pos="5760"/></w:tabs><w:ind w:left="5760" w:hanging="360"/></w:pPr><w:rPr><w:rFonts w:cs="Times New Roman"/></w:rPr></w:lvl><w:lvl w:ilvl="8" w:tplc="0409001B" w:tentative="1"><w:start w:val="1"/><w:numFmt w:val="lowerRoman"/><w:lvlText w:val="%9."/><w:lvlJc w:val="right"/><w:pPr><w:tabs><w:tab w:val="num" w:pos="6480"/></w:tabs><w:ind w:left="6480" w:hanging="180"/></w:pPr><w:rPr><w:rFonts w:cs="Times New Roman"/></w:rPr></w:lvl></w:abstractNum><w:abstractNum w:abstractNumId="9" w15:restartNumberingAfterBreak="0"><w:nsid w:val="2B7A1B14"/><w:multiLevelType w:val="singleLevel"/><w:tmpl w:val="13CA73E0"/><w:lvl w:ilvl="0"><w:start w:val="5"/><w:numFmt w:val="decimal"/><w:lvlText w:val="%1."/><w:lvlJc w:val="left"/><w:pPr><w:tabs><w:tab w:val="num" w:pos="720"/></w:tabs><w:ind w:left="720" w:hanging="360"/></w:pPr><w:rPr><w:rFonts w:cs="Times New Roman" w:hint="default"/></w:rPr></w:lvl></w:abstractNum><w:abstractNum w:abstractNumId="10" w15:restartNumberingAfterBreak="0"><w:nsid w:val="35D20178"/><w:multiLevelType w:val="singleLevel"/><w:tmpl w:val="04090001"/><w:lvl w:ilvl="0"><w:start w:val="1"/><w:numFmt w:val="bullet"/><w:lvlText w:val=""/><w:lvlJc w:val="left"/><w:pPr><w:tabs><w:tab w:val="num" w:pos="360"/></w:tabs><w:ind w:left="360" w:hanging="360"/></w:pPr><w:rPr><w:rFonts w:ascii="Symbol" w:hAnsi="Symbol" w:hint="default"/></w:rPr></w:lvl></w:abstractNum><w:abstractNum w:abstractNumId="11" w15:restartNumberingAfterBreak="0"><w:nsid w:val="38FB44B5"/><w:multiLevelType w:val="hybridMultilevel"/><w:tmpl w:val="98FA51B8"/><w:lvl w:ilvl="0" w:tplc="111CC814"><w:start w:val="4"/><w:numFmt w:val="upperLetter"/><w:lvlText w:val="%1."/><w:lvlJc w:val="left"/><w:pPr><w:tabs><w:tab w:val="num" w:pos="2160"/></w:tabs><w:ind w:left="2160" w:hanging="360"/></w:pPr><w:rPr><w:rFonts w:cs="Times New Roman" w:hint="default"/></w:rPr></w:lvl><w:lvl w:ilvl="1" w:tplc="6D805600"><w:start w:val="1"/><w:numFmt w:val="decimal"/><w:lvlText w:val="%2."/><w:lvlJc w:val="left"/><w:pPr><w:tabs><w:tab w:val="num" w:pos="2880"/></w:tabs><w:ind w:left="2880" w:hanging="360"/></w:pPr><w:rPr><w:rFonts w:cs="Times New Roman" w:hint="default"/></w:rPr></w:lvl><w:lvl w:ilvl="2" w:tplc="0409001B" w:tentative="1"><w:start w:val="1"/><w:numFmt w:val="lowerRoman"/><w:lvlText w:val="%3."/><w:lvlJc w:val="right"/><w:pPr><w:tabs><w:tab w:val="num" w:pos="3600"/></w:tabs><w:ind w:left="3600" w:hanging="180"/></w:pPr><w:rPr><w:rFonts w:cs="Times New Roman"/></w:rPr></w:lvl><w:lvl w:ilvl="3" w:tplc="0409000F" w:tentative="1"><w:start w:val="1"/><w:numFmt w:val="decimal"/><w:lvlText w:val="%4."/><w:lvlJc w:val="left"/><w:pPr><w:tabs><w:tab w:val="num" w:pos="4320"/></w:tabs><w:ind w:left="4320" w:hanging="360"/></w:pPr><w:rPr><w:rFonts w:cs="Times New Roman"/></w:rPr></w:lvl><w:lvl w:ilvl="4" w:tplc="04090019" w:tentative="1"><w:start w:val="1"/><w:numFmt w:val="lowerLetter"/><w:lvlText w:val="%5."/><w:lvlJc w:val="left"/><w:pPr><w:tabs><w:tab w:val="num" w:pos="5040"/></w:tabs><w:ind w:left="5040" w:hanging="360"/></w:pPr><w:rPr><w:rFonts w:cs="Times New Roman"/></w:rPr></w:lvl><w:lvl w:ilvl="5" w:tplc="0409001B" w:tentative="1"><w:start w:val="1"/><w:numFmt w:val="lowerRoman"/><w:lvlText w:val="%6."/><w:lvlJc w:val="right"/><w:pPr><w:tabs><w:tab w:val="num" w:pos="5760"/></w:tabs><w:ind w:left="5760" w:hanging="180"/></w:pPr><w:rPr><w:rFonts w:cs="Times New Roman"/></w:rPr></w:lvl><w:lvl w:ilvl="6" w:tplc="0409000F" w:tentative="1"><w:start w:val="1"/><w:numFmt w:val="decimal"/><w:lvlText w:val="%7."/><w:lvlJc w:val="left"/><w:pPr><w:tabs><w:tab w:val="num" w:pos="6480"/></w:tabs><w:ind w:left="6480" w:hanging="360"/></w:pPr><w:rPr><w:rFonts w:cs="Times New Roman"/></w:rPr></w:lvl><w:lvl w:ilvl="7" w:tplc="04090019" w:tentative="1"><w:start w:val="1"/><w:numFmt w:val="lowerLetter"/><w:lvlText w:val="%8."/><w:lvlJc w:val="left"/><w:pPr><w:tabs><w:tab w:val="num" w:pos="7200"/></w:tabs><w:ind w:left="7200" w:hanging="360"/></w:pPr><w:rPr><w:rFonts w:cs="Times New Roman"/></w:rPr></w:lvl><w:lvl w:ilvl="8" w:tplc="0409001B" w:tentative="1"><w:start w:val="1"/><w:numFmt w:val="lowerRoman"/><w:lvlText w:val="%9."/><w:lvlJc w:val="right"/><w:pPr><w:tabs><w:tab w:val="num" w:pos="7920"/></w:tabs><w:ind w:left="7920" w:hanging="180"/></w:pPr><w:rPr><w:rFonts w:cs="Times New Roman"/></w:rPr></w:lvl></w:abstractNum><w:abstractNum w:abstractNumId="12" w15:restartNumberingAfterBreak="0"><w:nsid w:val="42087F6E"/><w:multiLevelType w:val="singleLevel"/><w:tmpl w:val="0409000F"/><w:lvl w:ilvl="0"><w:start w:val="1"/><w:numFmt w:val="decimal"/><w:lvlText w:val="%1."/><w:lvlJc w:val="left"/><w:pPr><w:tabs><w:tab w:val="num" w:pos="360"/></w:tabs><w:ind w:left="360" w:hanging="360"/></w:pPr><w:rPr><w:rFonts w:cs="Times New Roman"/></w:rPr></w:lvl></w:abstractNum><w:abstractNum w:abstractNumId="13" w15:restartNumberingAfterBreak="0"><w:nsid w:val="4B414715"/><w:multiLevelType w:val="hybridMultilevel"/><w:tmpl w:val="A1EE933C"/><w:lvl w:ilvl="0" w:tplc="DFB25E72"><w:start w:val="10"/><w:numFmt w:val="decimal"/><w:lvlText w:val="%1."/><w:lvlJc w:val="left"/><w:pPr><w:tabs><w:tab w:val="num" w:pos="2520"/></w:tabs><w:ind w:left="2520" w:hanging="360"/></w:pPr><w:rPr><w:rFonts w:cs="Times New Roman" w:hint="default"/></w:rPr></w:lvl><w:lvl w:ilvl="1" w:tplc="04090019" w:tentative="1"><w:start w:val="1"/><w:numFmt w:val="lowerLetter"/><w:lvlText w:val="%2."/><w:lvlJc w:val="left"/><w:pPr><w:tabs><w:tab w:val="num" w:pos="3240"/></w:tabs><w:ind w:left="3240" w:hanging="360"/></w:pPr><w:rPr><w:rFonts w:cs="Times New Roman"/></w:rPr></w:lvl><w:lvl w:ilvl="2" w:tplc="0409001B" w:tentative="1"><w:start w:val="1"/><w:numFmt w:val="lowerRoman"/><w:lvlText w:val="%3."/><w:lvlJc w:val="right"/><w:pPr><w:tabs><w:tab w:val="num" w:pos="3960"/></w:tabs><w:ind w:left="3960" w:hanging="180"/></w:pPr><w:rPr><w:rFonts w:cs="Times New Roman"/></w:rPr></w:lvl><w:lvl w:ilvl="3" w:tplc="0409000F" w:tentative="1"><w:start w:val="1"/><w:numFmt w:val="decimal"/><w:lvlText w:val="%4."/><w:lvlJc w:val="left"/><w:pPr><w:tabs><w:tab w:val="num" w:pos="4680"/></w:tabs><w:ind w:left="4680" w:hanging="360"/></w:pPr><w:rPr><w:rFonts w:cs="Times New Roman"/></w:rPr></w:lvl><w:lvl w:ilvl="4" w:tplc="04090019" w:tentative="1"><w:start w:val="1"/><w:numFmt w:val="lowerLetter"/><w:lvlText w:val="%5."/><w:lvlJc w:val="left"/><w:pPr><w:tabs><w:tab w:val="num" w:pos="5400"/></w:tabs><w:ind w:left="5400" w:hanging="360"/></w:pPr><w:rPr><w:rFonts w:cs="Times New Roman"/></w:rPr></w:lvl><w:lvl w:ilvl="5" w:tplc="0409001B" w:tentative="1"><w:start w:val="1"/><w:numFmt w:val="lowerRoman"/><w:lvlText w:val="%6."/><w:lvlJc w:val="right"/><w:pPr><w:tabs><w:tab w:val="num" w:pos="6120"/></w:tabs><w:ind w:left="6120" w:hanging="180"/></w:pPr><w:rPr><w:rFonts w:cs="Times New Roman"/></w:rPr></w:lvl><w:lvl w:ilvl="6" w:tplc="0409000F" w:tentative="1"><w:start w:val="1"/><w:numFmt w:val="decimal"/><w:lvlText w:val="%7."/><w:lvlJc w:val="left"/><w:pPr><w:tabs><w:tab w:val="num" w:pos="6840"/></w:tabs><w:ind w:left="6840" w:hanging="360"/></w:pPr><w:rPr><w:rFonts w:cs="Times New Roman"/></w:rPr></w:lvl><w:lvl w:ilvl="7" w:tplc="04090019" w:tentative="1"><w:start w:val="1"/><w:numFmt w:val="lowerLetter"/><w:lvlText w:val="%8."/><w:lvlJc w:val="left"/><w:pPr><w:tabs><w:tab w:val="num" w:pos="7560"/></w:tabs><w:ind w:left="7560" w:hanging="360"/></w:pPr><w:rPr><w:rFonts w:cs="Times New Roman"/></w:rPr></w:lvl><w:lvl w:ilvl="8" w:tplc="0409001B" w:tentative="1"><w:start w:val="1"/><w:numFmt w:val="lowerRoman"/><w:lvlText w:val="%9."/><w:lvlJc w:val="right"/><w:pPr><w:tabs><w:tab w:val="num" w:pos="8280"/></w:tabs><w:ind w:left="8280" w:hanging="180"/></w:pPr><w:rPr><w:rFonts w:cs="Times New Roman"/></w:rPr></w:lvl></w:abstractNum><w:abstractNum w:abstractNumId="14" w15:restartNumberingAfterBreak="0"><w:nsid w:val="4BD26DC1"/><w:multiLevelType w:val="hybridMultilevel"/><w:tmpl w:val="47BA0FFC"/><w:lvl w:ilvl="0" w:tplc="7B644D1A"><w:start w:val="9"/><w:numFmt w:val="decimal"/><w:lvlText w:val="%1."/><w:lvlJc w:val="left"/><w:pPr><w:tabs><w:tab w:val="num" w:pos="2520"/></w:tabs><w:ind w:left="2520" w:hanging="360"/></w:pPr><w:rPr><w:rFonts w:cs="Times New Roman" w:hint="default"/><w:b/></w:rPr></w:lvl><w:lvl w:ilvl="1" w:tplc="04090019" w:tentative="1"><w:start w:val="1"/><w:numFmt w:val="lowerLetter"/><w:lvlText w:val="%2."/><w:lvlJc w:val="left"/><w:pPr><w:tabs><w:tab w:val="num" w:pos="3240"/></w:tabs><w:ind w:left="3240" w:hanging="360"/></w:pPr><w:rPr><w:rFonts w:cs="Times New Roman"/></w:rPr></w:lvl><w:lvl w:ilvl="2" w:tplc="0409001B" w:tentative="1"><w:start w:val="1"/><w:numFmt w:val="lowerRoman"/><w:lvlText w:val="%3."/><w:lvlJc w:val="right"/><w:pPr><w:tabs><w:tab w:val="num" w:pos="3960"/></w:tabs><w:ind w:left="3960" w:hanging="180"/></w:pPr><w:rPr><w:rFonts w:cs="Times New Roman"/></w:rPr></w:lvl><w:lvl w:ilvl="3" w:tplc="0409000F" w:tentative="1"><w:start w:val="1"/><w:numFmt w:val="decimal"/><w:lvlText w:val="%4."/><w:lvlJc w:val="left"/><w:pPr><w:tabs><w:tab w:val="num" w:pos="4680"/></w:tabs><w:ind w:left="4680" w:hanging="360"/></w:pPr><w:rPr><w:rFonts w:cs="Times New Roman"/></w:rPr></w:lvl><w:lvl w:ilvl="4" w:tplc="04090019" w:tentative="1"><w:start w:val="1"/><w:numFmt w:val="lowerLetter"/><w:lvlText w:val="%5."/><w:lvlJc w:val="left"/><w:pPr><w:tabs><w:tab w:val="num" w:pos="5400"/></w:tabs><w:ind w:left="5400" w:hanging="360"/></w:pPr><w:rPr><w:rFonts w:cs="Times New Roman"/></w:rPr></w:lvl><w:lvl w:ilvl="5" w:tplc="0409001B" w:tentative="1"><w:start w:val="1"/><w:numFmt w:val="lowerRoman"/><w:lvlText w:val="%6."/><w:lvlJc w:val="right"/><w:pPr><w:tabs><w:tab w:val="num" w:pos="6120"/></w:tabs><w:ind w:left="6120" w:hanging="180"/></w:pPr><w:rPr><w:rFonts w:cs="Times New Roman"/></w:rPr></w:lvl><w:lvl w:ilvl="6" w:tplc="0409000F" w:tentative="1"><w:start w:val="1"/><w:numFmt w:val="decimal"/><w:lvlText w:val="%7."/><w:lvlJc w:val="left"/><w:pPr><w:tabs><w:tab w:val="num" w:pos="6840"/></w:tabs><w:ind w:left="6840" w:hanging="360"/></w:pPr><w:rPr><w:rFonts w:cs="Times New Roman"/></w:rPr></w:lvl><w:lvl w:ilvl="7" w:tplc="04090019" w:tentative="1"><w:start w:val="1"/><w:numFmt w:val="lowerLetter"/><w:lvlText w:val="%8."/><w:lvlJc w:val="left"/><w:pPr><w:tabs><w:tab w:val="num" w:pos="7560"/></w:tabs><w:ind w:left="7560" w:hanging="360"/></w:pPr><w:rPr><w:rFonts w:cs="Times New Roman"/></w:rPr></w:lvl><w:lvl w:ilvl="8" w:tplc="0409001B" w:tentative="1"><w:start w:val="1"/><w:numFmt w:val="lowerRoman"/><w:lvlText w:val="%9."/><w:lvlJc w:val="right"/><w:pPr><w:tabs><w:tab w:val="num" w:pos="8280"/></w:tabs><w:ind w:left="8280" w:hanging="180"/></w:pPr><w:rPr><w:rFonts w:cs="Times New Roman"/></w:rPr></w:lvl></w:abstractNum><w:abstractNum w:abstractNumId="15" w15:restartNumberingAfterBreak="0"><w:nsid w:val="58323746"/><w:multiLevelType w:val="hybridMultilevel"/><w:tmpl w:val="4322DEC0"/><w:lvl w:ilvl="0" w:tplc="212618A8"><w:start w:val="1"/><w:numFmt w:val="decimal"/><w:lvlText w:val="%1."/><w:lvlJc w:val="left"/><w:pPr><w:tabs><w:tab w:val="num" w:pos="2520"/></w:tabs><w:ind w:left="2520" w:hanging="360"/></w:pPr><w:rPr><w:rFonts w:cs="Times New Roman" w:hint="default"/><w:b/></w:rPr></w:lvl><w:lvl w:ilvl="1" w:tplc="04090019" w:tentative="1"><w:start w:val="1"/><w:numFmt w:val="lowerLetter"/><w:lvlText w:val="%2."/><w:lvlJc w:val="left"/><w:pPr><w:tabs><w:tab w:val="num" w:pos="3240"/></w:tabs><w:ind w:left="3240" w:hanging="360"/></w:pPr><w:rPr><w:rFonts w:cs="Times New Roman"/></w:rPr></w:lvl><w:lvl w:ilvl="2" w:tplc="0409001B" w:tentative="1"><w:start w:val="1"/><w:numFmt w:val="lowerRoman"/><w:lvlText w:val="%3."/><w:lvlJc w:val="right"/><w:pPr><w:tabs><w:tab w:val="num" w:pos="3960"/></w:tabs><w:ind w:left="3960" w:hanging="180"/></w:pPr><w:rPr><w:rFonts w:cs="Times New Roman"/></w:rPr></w:lvl><w:lvl w:ilvl="3" w:tplc="0409000F" w:tentative="1"><w:start w:val="1"/><w:numFmt w:val="decimal"/><w:lvlText w:val="%4."/><w:lvlJc w:val="left"/><w:pPr><w:tabs><w:tab w:val="num" w:pos="4680"/></w:tabs><w:ind w:left="4680" w:hanging="360"/></w:pPr><w:rPr><w:rFonts w:cs="Times New Roman"/></w:rPr></w:lvl><w:lvl w:ilvl="4" w:tplc="04090019" w:tentative="1"><w:start w:val="1"/><w:numFmt w:val="lowerLetter"/><w:lvlText w:val="%5."/><w:lvlJc w:val="left"/><w:pPr><w:tabs><w:tab w:val="num" w:pos="5400"/></w:tabs><w:ind w:left="5400" w:hanging="360"/></w:pPr><w:rPr><w:rFonts w:cs="Times New Roman"/></w:rPr></w:lvl><w:lvl w:ilvl="5" w:tplc="0409001B" w:tentative="1"><w:start w:val="1"/><w:numFmt w:val="lowerRoman"/><w:lvlText w:val="%6."/><w:lvlJc w:val="right"/><w:pPr><w:tabs><w:tab w:val="num" w:pos="6120"/></w:tabs><w:ind w:left="6120" w:hanging="180"/></w:pPr><w:rPr><w:rFonts w:cs="Times New Roman"/></w:rPr></w:lvl><w:lvl w:ilvl="6" w:tplc="0409000F" w:tentative="1"><w:start w:val="1"/><w:numFmt w:val="decimal"/><w:lvlText w:val="%7."/><w:lvlJc w:val="left"/><w:pPr><w:tabs><w:tab w:val="num" w:pos="6840"/></w:tabs><w:ind w:left="6840" w:hanging="360"/></w:pPr><w:rPr><w:rFonts w:cs="Times New Roman"/></w:rPr></w:lvl><w:lvl w:ilvl="7" w:tplc="04090019" w:tentative="1"><w:start w:val="1"/><w:numFmt w:val="lowerLetter"/><w:lvlText w:val="%8."/><w:lvlJc w:val="left"/><w:pPr><w:tabs><w:tab w:val="num" w:pos="7560"/></w:tabs><w:ind w:left="7560" w:hanging="360"/></w:pPr><w:rPr><w:rFonts w:cs="Times New Roman"/></w:rPr></w:lvl><w:lvl w:ilvl="8" w:tplc="0409001B" w:tentative="1"><w:start w:val="1"/><w:numFmt w:val="lowerRoman"/><w:lvlText w:val="%9."/><w:lvlJc w:val="right"/><w:pPr><w:tabs><w:tab w:val="num" w:pos="8280"/></w:tabs><w:ind w:left="8280" w:hanging="180"/></w:pPr><w:rPr><w:rFonts w:cs="Times New Roman"/></w:rPr></w:lvl></w:abstractNum><w:abstractNum w:abstractNumId="16" w15:restartNumberingAfterBreak="0"><w:nsid w:val="658A2819"/><w:multiLevelType w:val="singleLevel"/><w:tmpl w:val="0409000F"/><w:lvl w:ilvl="0"><w:start w:val="1"/><w:numFmt w:val="decimal"/><w:lvlText w:val="%1."/><w:lvlJc w:val="left"/><w:pPr><w:tabs><w:tab w:val="num" w:pos="360"/></w:tabs><w:ind w:left="360" w:hanging="360"/></w:pPr><w:rPr><w:rFonts w:cs="Times New Roman" w:hint="default"/></w:rPr></w:lvl></w:abstractNum><w:abstractNum w:abstractNumId="17" w15:restartNumberingAfterBreak="0"><w:nsid w:val="69645E0B"/><w:multiLevelType w:val="singleLevel"/><w:tmpl w:val="12D4A6CA"/><w:lvl w:ilvl="0"><w:start w:val="3"/><w:numFmt w:val="decimal"/><w:lvlText w:val="%1."/><w:lvlJc w:val="left"/><w:pPr><w:tabs><w:tab w:val="num" w:pos="720"/></w:tabs><w:ind w:left="720" w:hanging="360"/></w:pPr><w:rPr><w:rFonts w:cs="Times New Roman" w:hint="default"/></w:rPr></w:lvl></w:abstractNum><w:abstractNum w:abstractNumId="18" w15:restartNumberingAfterBreak="0"><w:nsid w:val="6F585747"/><w:multiLevelType w:val="singleLevel"/><w:tmpl w:val="04090001"/><w:lvl w:ilvl="0"><w:start w:val="1"/><w:numFmt w:val="bullet"/><w:lvlText w:val=""/><w:lvlJc w:val="left"/><w:pPr><w:tabs><w:tab w:val="num" w:pos="360"/></w:tabs><w:ind w:left="360" w:hanging="360"/></w:pPr><w:rPr><w:rFonts w:ascii="Symbol" w:hAnsi="Symbol" w:hint="default"/></w:rPr></w:lvl></w:abstractNum><w:abstractNum w:abstractNumId="19" w15:restartNumberingAfterBreak="0"><w:nsid w:val="737F1252"/><w:multiLevelType w:val="hybridMultilevel"/><w:tmpl w:val="F4529544"/><w:lvl w:ilvl="0" w:tplc="0409000F"><w:start w:val="1"/><w:numFmt w:val="decimal"/><w:lvlText w:val="%1."/><w:lvlJc w:val="left"/><w:pPr><w:tabs><w:tab w:val="num" w:pos="2565"/></w:tabs><w:ind w:left="2565" w:hanging="360"/></w:pPr><w:rPr><w:rFonts w:cs="Times New Roman"/></w:rPr></w:lvl><w:lvl w:ilvl="1" w:tplc="04090019"><w:start w:val="1"/><w:numFmt w:val="lowerLetter"/><w:lvlText w:val="%2."/><w:lvlJc w:val="left"/><w:pPr><w:tabs><w:tab w:val="num" w:pos="3285"/></w:tabs><w:ind w:left="3285" w:hanging="360"/></w:pPr><w:rPr><w:rFonts w:cs="Times New Roman"/></w:rPr></w:lvl><w:lvl w:ilvl="2" w:tplc="0409001B" w:tentative="1"><w:start w:val="1"/><w:numFmt w:val="lowerRoman"/><w:lvlText w:val="%3."/><w:lvlJc w:val="right"/><w:pPr><w:tabs><w:tab w:val="num" w:pos="4005"/></w:tabs><w:ind w:left="4005" w:hanging="180"/></w:pPr><w:rPr><w:rFonts w:cs="Times New Roman"/></w:rPr></w:lvl><w:lvl w:ilvl="3" w:tplc="0409000F" w:tentative="1"><w:start w:val="1"/><w:numFmt w:val="decimal"/><w:lvlText w:val="%4."/><w:lvlJc w:val="left"/><w:pPr><w:tabs><w:tab w:val="num" w:pos="4725"/></w:tabs><w:ind w:left="4725" w:hanging="360"/></w:pPr><w:rPr><w:rFonts w:cs="Times New Roman"/></w:rPr></w:lvl><w:lvl w:ilvl="4" w:tplc="04090019" w:tentative="1"><w:start w:val="1"/><w:numFmt w:val="lowerLetter"/><w:lvlText w:val="%5."/><w:lvlJc w:val="left"/><w:pPr><w:tabs><w:tab w:val="num" w:pos="5445"/></w:tabs><w:ind w:left="5445" w:hanging="360"/></w:pPr><w:rPr><w:rFonts w:cs="Times New Roman"/></w:rPr></w:lvl><w:lvl w:ilvl="5" w:tplc="0409001B" w:tentative="1"><w:start w:val="1"/><w:numFmt w:val="lowerRoman"/><w:lvlText w:val="%6."/><w:lvlJc w:val="right"/><w:pPr><w:tabs><w:tab w:val="num" w:pos="6165"/></w:tabs><w:ind w:left="6165" w:hanging="180"/></w:pPr><w:rPr><w:rFonts w:cs="Times New Roman"/></w:rPr></w:lvl><w:lvl w:ilvl="6" w:tplc="0409000F" w:tentative="1"><w:start w:val="1"/><w:numFmt w:val="decimal"/><w:lvlText w:val="%7."/><w:lvlJc w:val="left"/><w:pPr><w:tabs><w:tab w:val="num" w:pos="6885"/></w:tabs><w:ind w:left="6885" w:hanging="360"/></w:pPr><w:rPr><w:rFonts w:cs="Times New Roman"/></w:rPr></w:lvl><w:lvl w:ilvl="7" w:tplc="04090019" w:tentative="1"><w:start w:val="1"/><w:numFmt w:val="lowerLetter"/><w:lvlText w:val="%8."/><w:lvlJc w:val="left"/><w:pPr><w:tabs><w:tab w:val="num" w:pos="7605"/></w:tabs><w:ind w:left="7605" w:hanging="360"/></w:pPr><w:rPr><w:rFonts w:cs="Times New Roman"/></w:rPr></w:lvl><w:lvl w:ilvl="8" w:tplc="0409001B" w:tentative="1"><w:start w:val="1"/><w:numFmt w:val="lowerRoman"/><w:lvlText w:val="%9."/><w:lvlJc w:val="right"/><w:pPr><w:tabs><w:tab w:val="num" w:pos="8325"/></w:tabs><w:ind w:left="8325" w:hanging="180"/></w:pPr><w:rPr><w:rFonts w:cs="Times New Roman"/></w:rPr></w:lvl></w:abstractNum><w:num w:numId="1"><w:abstractNumId w:val="17"/></w:num><w:num w:numId="2"><w:abstractNumId w:val="4"/></w:num><w:num w:numId="3"><w:abstractNumId w:val="9"/></w:num><w:num w:numId="4"><w:abstractNumId w:val="18"/></w:num><w:num w:numId="5"><w:abstractNumId w:val="6"/></w:num><w:num w:numId="6"><w:abstractNumId w:val="10"/></w:num><w:num w:numId="7"><w:abstractNumId w:val="1"/></w:num><w:num w:numId="8"><w:abstractNumId w:val="12"/></w:num><w:num w:numId="9"><w:abstractNumId w:val="0"/></w:num><w:num w:numId="10"><w:abstractNumId w:val="16"/></w:num><w:num w:numId="11"><w:abstractNumId w:val="8"/></w:num><w:num w:numId="12"><w:abstractNumId w:val="7"/></w:num><w:num w:numId="13"><w:abstractNumId w:val="11"/></w:num><w:num w:numId="14"><w:abstractNumId w:val="15"/></w:num><w:num w:numId="15"><w:abstractNumId w:val="5"/></w:num><w:num w:numId="16"><w:abstractNumId w:val="13"/></w:num><w:num w:numId="17"><w:abstractNumId w:val="3"/></w:num><w:num w:numId="18"><w:abstractNumId w:val="14"/></w:num><w:num w:numId="19"><w:abstractNumId w:val="2"/></w:num><w:num w:numId="20"><w:abstractNumId w:val="19"/></w:num></w:numbering>