<?xml version="1.0" encoding="UTF-8" standalone="yes"?>
<Properties xmlns="http://schemas.openxmlformats.org/officeDocument/2006/extended-properties" xmlns:vt="http://schemas.openxmlformats.org/officeDocument/2006/docPropsVTypes"><Template>CivilTemplate_Master</Template><TotalTime>1</TotalTime><Pages>1</Pages><Words>513</Words><Characters>2929</Characters><Application>Microsoft Office Word</Application><DocSecurity>0</DocSecurity><Lines>24</Lines><Paragraphs>6</Paragraphs><ScaleCrop>false</ScaleCrop><HeadingPairs><vt:vector size="2" baseType="variant"><vt:variant><vt:lpstr>Title</vt:lpstr></vt:variant><vt:variant><vt:i4>1</vt:i4></vt:variant></vt:vector></HeadingPairs><TitlesOfParts><vt:vector size="1" baseType="lpstr"><vt:lpstr>CV-424: Earnings Garnishment - Debtor's Answer</vt:lpstr></vt:vector></TitlesOfParts><Company>Wisconsin State Courts</Company><LinksUpToDate>false</LinksUpToDate><CharactersWithSpaces>3436</CharactersWithSpaces><SharedDoc>false</SharedDoc><HyperlinksChanged>false</HyperlinksChanged><AppVersion>16.0000</AppVersion></Properties>