<?xml version="1.0" encoding="UTF-8" standalone="yes"?>
<cp:coreProperties xmlns:cp="http://schemas.openxmlformats.org/package/2006/metadata/core-properties" xmlns:dc="http://purl.org/dc/elements/1.1/" xmlns:dcterms="http://purl.org/dc/terms/" xmlns:dcmitype="http://purl.org/dc/dcmitype/" xmlns:xsi="http://www.w3.org/2001/XMLSchema-instance"><dc:title>CV-424: Earnings Garnishment - Debtor's Answer</dc:title><dc:subject></dc:subject><dc:creator>Judy Mahlkuch</dc:creator><cp:keywords></cp:keywords><cp:lastModifiedBy>Shaun</cp:lastModifiedBy><cp:revision>3</cp:revision><cp:lastPrinted>2011-12-06T20:01:00Z</cp:lastPrinted><dcterms:created xsi:type="dcterms:W3CDTF">2019-08-13T17:05:00Z</dcterms:created><dcterms:modified xsi:type="dcterms:W3CDTF">2019-08-13T17:06:00Z</dcterms:modified></cp:coreProperties>