<?xml version="1.0" encoding="UTF-8" standalone="yes"?>
<w:document xmlns:wpc="http://schemas.microsoft.com/office/word/2010/wordprocessingCanvas" xmlns:cx="http://schemas.microsoft.com/office/drawing/2014/chartex" xmlns:cx1="http://schemas.microsoft.com/office/drawing/2015/9/8/chartex" xmlns:cx2="http://schemas.microsoft.com/office/drawing/2015/10/21/chartex" xmlns:cx3="http://schemas.microsoft.com/office/drawing/2016/5/9/chartex" xmlns:cx4="http://schemas.microsoft.com/office/drawing/2016/5/10/chartex" xmlns:cx5="http://schemas.microsoft.com/office/drawing/2016/5/11/chartex" xmlns:cx6="http://schemas.microsoft.com/office/drawing/2016/5/12/chartex" xmlns:cx7="http://schemas.microsoft.com/office/drawing/2016/5/13/chartex" xmlns:cx8="http://schemas.microsoft.com/office/drawing/2016/5/14/chartex" xmlns:mc="http://schemas.openxmlformats.org/markup-compatibility/2006" xmlns:aink="http://schemas.microsoft.com/office/drawing/2016/ink" xmlns:am3d="http://schemas.microsoft.com/office/drawing/2017/model3d" xmlns:o="urn:schemas-microsoft-com:office:office" xmlns:r="http://schemas.openxmlformats.org/officeDocument/2006/relationships" xmlns:m="http://schemas.openxmlformats.org/officeDocument/2006/math" xmlns:v="urn:schemas-microsoft-com:vml" xmlns:wp14="http://schemas.microsoft.com/office/word/2010/wordprocessingDrawing" xmlns:wp="http://schemas.openxmlformats.org/drawingml/2006/wordprocessingDrawing" xmlns:w10="urn:schemas-microsoft-com:office:word" xmlns:w="http://schemas.openxmlformats.org/wordprocessingml/2006/main" xmlns:w14="http://schemas.microsoft.com/office/word/2010/wordml" xmlns:w15="http://schemas.microsoft.com/office/word/2012/wordml" xmlns:w16cid="http://schemas.microsoft.com/office/word/2016/wordml/cid" xmlns:w16se="http://schemas.microsoft.com/office/word/2015/wordml/symex" xmlns:wpg="http://schemas.microsoft.com/office/word/2010/wordprocessingGroup" xmlns:wpi="http://schemas.microsoft.com/office/word/2010/wordprocessingInk" xmlns:wne="http://schemas.microsoft.com/office/word/2006/wordml" xmlns:wps="http://schemas.microsoft.com/office/word/2010/wordprocessingShape" mc:Ignorable="w14 w15 w16se w16cid wp14"><w:body><w:tbl><w:tblPr><w:tblW w:w="10638" w:type="dxa"/><w:tblBorders><w:bottom w:val="single" w:sz="4" w:space="0" w:color="auto"/></w:tblBorders><w:tblLayout w:type="fixed"/><w:tblLook w:val="0000" w:firstRow="0" w:lastRow="0" w:firstColumn="0" w:lastColumn="0" w:noHBand="0" w:noVBand="0"/></w:tblPr><w:tblGrid><w:gridCol w:w="918"/><w:gridCol w:w="4500"/><w:gridCol w:w="2970"/><w:gridCol w:w="2250"/></w:tblGrid><w:tr w:rsidR="00ED3347" w14:paraId="4C05A24C" w14:textId="77777777" w:rsidTr="00823273"><w:trPr><w:cantSplit/><w:trHeight w:val="240"/></w:trPr><w:tc><w:tcPr><w:tcW w:w="8388" w:type="dxa"/><w:gridSpan w:val="3"/><w:tcBorders><w:bottom w:val="single" w:sz="4" w:space="0" w:color="auto"/><w:right w:val="single" w:sz="4" w:space="0" w:color="auto"/></w:tcBorders><w:vAlign w:val="bottom"/></w:tcPr><w:p w14:paraId="5C0744CD" w14:textId="25490144" w:rsidR="00ED3347" w:rsidRDefault="00ED3347" w:rsidP="00823273"><w:pPr><w:tabs><w:tab w:val="right" w:pos="8172"/></w:tabs><w:spacing w:after="40"/><w:rPr><w:b/><w:sz w:val="24"/><w:u w:val="single"/></w:rPr></w:pPr><w:r><w:rPr><w:b/></w:rPr><w:t>STATE OF WISCONSIN, CIRCUIT COURT,</w:t></w:r><w:r w:rsidRPr="00C46A6A"><w:rPr><w:b/><w:u w:val="single"/></w:rPr><w:t xml:space="preserve"> </w:t></w:r><w:r w:rsidR="00BD045B"><w:rPr><w:b/><w:bCs/><w:noProof/><w:u w:val="single"/></w:rPr><w:t>JCOUNTY</w:t></w:r><w:r><w:rPr><w:b/><w:u w:val="single"/></w:rPr><w:tab/></w:r><w:r><w:rPr><w:b/></w:rPr><w:t xml:space="preserve"> COUNTY</w:t></w:r></w:p></w:tc><w:tc><w:tcPr><w:tcW w:w="2250" w:type="dxa"/><w:vMerge w:val="restart"/><w:tcBorders><w:left w:val="nil"/><w:bottom w:val="nil"/></w:tcBorders></w:tcPr><w:p w14:paraId="1DE74318" w14:textId="77777777" w:rsidR="00ED3347" w:rsidRDefault="00ED3347"><w:pPr><w:pStyle w:val="Heading3"/></w:pPr></w:p></w:tc></w:tr><w:tr w:rsidR="00ED3347" w14:paraId="584D4D52" w14:textId="77777777" w:rsidTr="00823273"><w:trPr><w:cantSplit/><w:trHeight w:val="287"/></w:trPr><w:tc><w:tcPr><w:tcW w:w="918" w:type="dxa"/><w:tcBorders><w:top w:val="nil"/><w:bottom w:val="nil"/></w:tcBorders></w:tcPr><w:p w14:paraId="0F300864" w14:textId="77777777" w:rsidR="00ED3347" w:rsidRDefault="00ED3347"><w:pPr><w:pStyle w:val="Header"/><w:ind w:right="-108"/><w:rPr><w:sz w:val="18"/></w:rPr></w:pPr></w:p></w:tc><w:tc><w:tcPr><w:tcW w:w="4500" w:type="dxa"/><w:tcBorders><w:top w:val="single" w:sz="4" w:space="0" w:color="auto"/><w:bottom w:val="nil"/></w:tcBorders></w:tcPr><w:p w14:paraId="40BEA272" w14:textId="77777777" w:rsidR="00ED3347" w:rsidRDefault="00ED3347"><w:pPr><w:pStyle w:val="Header"/><w:tabs><w:tab w:val="left" w:pos="4860"/></w:tabs><w:ind w:left="-108"/><w:rPr><w:sz w:val="16"/></w:rPr></w:pPr></w:p></w:tc><w:tc><w:tcPr><w:tcW w:w="2970" w:type="dxa"/><w:vMerge w:val="restart"/><w:tcBorders><w:top w:val="nil"/><w:right w:val="nil"/></w:tcBorders></w:tcPr><w:p w14:paraId="6C6AB924" w14:textId="77777777" w:rsidR="00ED3347" w:rsidRDefault="00ED3347"><w:pPr><w:pStyle w:val="Header"/><w:jc w:val="center"/><w:rPr><w:b/><w:sz w:val="24"/></w:rPr></w:pPr></w:p><w:p w14:paraId="554D9017" w14:textId="77777777" w:rsidR="00ED3347" w:rsidRDefault="00ED3347"><w:pPr><w:jc w:val="center"/><w:rPr><w:b/><w:sz w:val="24"/></w:rPr></w:pPr><w:r><w:rPr><w:b/><w:sz w:val="24"/></w:rPr><w:t>Earnings Garnishment Notice</w:t></w:r></w:p><w:p w14:paraId="1B9D9F7E" w14:textId="77777777" w:rsidR="00ED3347" w:rsidRDefault="00ED3347"><w:pPr><w:tabs><w:tab w:val="left" w:pos="2934"/></w:tabs><w:ind w:left="-108"/><w:jc w:val="center"/><w:rPr><w:b/><w:sz w:val="24"/></w:rPr></w:pPr><w:r><w:rPr><w:b/><w:sz w:val="24"/></w:rPr><w:t xml:space="preserve"> </w:t></w:r></w:p></w:tc><w:tc><w:tcPr><w:tcW w:w="2250" w:type="dxa"/><w:vMerge/><w:tcBorders><w:left w:val="single" w:sz="4" w:space="0" w:color="auto"/><w:bottom w:val="nil"/></w:tcBorders></w:tcPr><w:p w14:paraId="08FC7626" w14:textId="77777777" w:rsidR="00ED3347" w:rsidRDefault="00ED3347"/></w:tc></w:tr><w:tr w:rsidR="00ED3347" w14:paraId="42C32433" w14:textId="77777777" w:rsidTr="00823273"><w:trPr><w:cantSplit/><w:trHeight w:val="441"/></w:trPr><w:tc><w:tcPr><w:tcW w:w="918" w:type="dxa"/><w:tcBorders><w:top w:val="nil"/><w:bottom w:val="nil"/></w:tcBorders></w:tcPr><w:p w14:paraId="289C2180" w14:textId="77777777" w:rsidR="00ED3347" w:rsidRDefault="00ED3347"><w:pPr><w:pStyle w:val="Header"/><w:ind w:right="-108"/><w:rPr><w:sz w:val="16"/></w:rPr></w:pPr><w:r><w:rPr><w:sz w:val="16"/></w:rPr><w:t>Creditor:</w:t></w:r></w:p></w:tc><w:tc><w:tcPr><w:tcW w:w="4500" w:type="dxa"/><w:tcBorders><w:top w:val="nil"/><w:bottom w:val="nil"/></w:tcBorders></w:tcPr><w:p w14:paraId="08BDF5C2" w14:textId="50C7C162" w:rsidR="00ED3347" w:rsidRDefault="00BD045B"><w:pPr><w:pStyle w:val="Header"/><w:tabs><w:tab w:val="clear" w:pos="4320"/><w:tab w:val="left" w:pos="4194"/><w:tab w:val="left" w:pos="4860"/></w:tabs><w:ind w:left="-108"/><w:rPr><w:rFonts w:ascii="Times New Roman" w:hAnsi="Times New Roman"/><w:u w:val="single"/></w:rPr></w:pPr><w:r><w:rPr><w:rFonts w:ascii="Times New Roman" w:hAnsi="Times New Roman"/><w:noProof/><w:u w:val="single"/></w:rPr><w:t>CREDNAME</w:t></w:r><w:r w:rsidR="00ED3347" w:rsidRPr="006D0B82"><w:rPr><w:rFonts w:ascii="Times New Roman" w:hAnsi="Times New Roman"/><w:noProof/><w:u w:val="single"/></w:rPr><w:t xml:space="preserve"> </w:t></w:r><w:r w:rsidR="00ED3347"><w:rPr><w:rFonts w:ascii="Times New Roman" w:hAnsi="Times New Roman"/><w:u w:val="single"/></w:rPr><w:tab/></w:r></w:p></w:tc><w:tc><w:tcPr><w:tcW w:w="2970" w:type="dxa"/><w:vMerge/><w:tcBorders><w:top w:val="nil"/><w:right w:val="nil"/></w:tcBorders></w:tcPr><w:p w14:paraId="7A89C72D" w14:textId="77777777" w:rsidR="00ED3347" w:rsidRDefault="00ED3347"><w:pPr><w:pStyle w:val="Header"/><w:rPr><w:b/><w:sz w:val="24"/></w:rPr></w:pPr></w:p></w:tc><w:tc><w:tcPr><w:tcW w:w="2250" w:type="dxa"/><w:vMerge/><w:tcBorders><w:left w:val="single" w:sz="4" w:space="0" w:color="auto"/><w:bottom w:val="nil"/></w:tcBorders></w:tcPr><w:p w14:paraId="12AAEFED" w14:textId="77777777" w:rsidR="00ED3347" w:rsidRDefault="00ED3347"/></w:tc></w:tr><w:tr w:rsidR="00ED3347" w14:paraId="23381519" w14:textId="77777777" w:rsidTr="00823273"><w:trPr><w:cantSplit/><w:trHeight w:val="306"/></w:trPr><w:tc><w:tcPr><w:tcW w:w="918" w:type="dxa"/></w:tcPr><w:p w14:paraId="53508ED8" w14:textId="77777777" w:rsidR="00ED3347" w:rsidRDefault="00ED3347"><w:pPr><w:pStyle w:val="Header"/><w:tabs><w:tab w:val="clear" w:pos="4320"/><w:tab w:val="clear" w:pos="8640"/><w:tab w:val="left" w:pos="360"/></w:tabs><w:ind w:right="-108"/><w:rPr><w:sz w:val="16"/></w:rPr></w:pPr><w:r><w:rPr><w:sz w:val="16"/></w:rPr><w:t>Debtor:</w:t></w:r></w:p></w:tc><w:tc><w:tcPr><w:tcW w:w="4500" w:type="dxa"/></w:tcPr><w:p w14:paraId="5484D7E6" w14:textId="4191571F" w:rsidR="00ED3347" w:rsidRDefault="00BD045B"><w:pPr><w:pStyle w:val="Header"/><w:tabs><w:tab w:val="clear" w:pos="4320"/><w:tab w:val="clear" w:pos="8640"/><w:tab w:val="left" w:pos="4194"/></w:tabs><w:ind w:left="-108"/><w:rPr><w:rFonts w:ascii="Times New Roman" w:hAnsi="Times New Roman"/><w:u w:val="single"/></w:rPr></w:pPr><w:r><w:rPr><w:rFonts w:ascii="Times New Roman" w:hAnsi="Times New Roman"/><w:noProof/><w:u w:val="single"/></w:rPr><w:t>DEBTORNAME</w:t></w:r><w:r w:rsidR="00ED3347"><w:rPr><w:rFonts w:ascii="Times New Roman" w:hAnsi="Times New Roman"/><w:u w:val="single"/></w:rPr><w:tab/></w:r></w:p></w:tc><w:tc><w:tcPr><w:tcW w:w="2970" w:type="dxa"/><w:vMerge/><w:tcBorders><w:right w:val="nil"/></w:tcBorders></w:tcPr><w:p w14:paraId="075B6DD2" w14:textId="77777777" w:rsidR="00ED3347" w:rsidRDefault="00ED3347"><w:pPr><w:pStyle w:val="FormTitle"/></w:pPr></w:p></w:tc><w:tc><w:tcPr><w:tcW w:w="2250" w:type="dxa"/><w:vMerge/><w:tcBorders><w:left w:val="single" w:sz="4" w:space="0" w:color="auto"/><w:bottom w:val="nil"/></w:tcBorders></w:tcPr><w:p w14:paraId="5990CDE8" w14:textId="77777777" w:rsidR="00ED3347" w:rsidRDefault="00ED3347"/></w:tc></w:tr><w:tr w:rsidR="00ED3347" w14:paraId="1C8D123C" w14:textId="77777777" w:rsidTr="00823273"><w:trPr><w:cantSplit/><w:trHeight w:hRule="exact" w:val="240"/></w:trPr><w:tc><w:tcPr><w:tcW w:w="918" w:type="dxa"/><w:vAlign w:val="center"/></w:tcPr><w:p w14:paraId="398E356D" w14:textId="77777777" w:rsidR="00ED3347" w:rsidRDefault="00ED3347"><w:pPr><w:pStyle w:val="Header"/><w:tabs><w:tab w:val="clear" w:pos="4320"/><w:tab w:val="clear" w:pos="8640"/></w:tabs><w:spacing w:line="180" w:lineRule="exact"/><w:ind w:right="-108"/><w:rPr><w:sz w:val="16"/></w:rPr></w:pPr><w:r><w:rPr><w:sz w:val="16"/></w:rPr><w:t xml:space="preserve">          and</w:t></w:r></w:p></w:tc><w:tc><w:tcPr><w:tcW w:w="4500" w:type="dxa"/></w:tcPr><w:p w14:paraId="1FA46C2B" w14:textId="77777777" w:rsidR="00ED3347" w:rsidRDefault="00ED3347"><w:pPr><w:pStyle w:val="Header"/><w:tabs><w:tab w:val="clear" w:pos="4320"/><w:tab w:val="clear" w:pos="8640"/></w:tabs><w:spacing w:line="200" w:lineRule="exact"/><w:ind w:left="-108"/><w:rPr><w:sz w:val="16"/></w:rPr></w:pPr></w:p></w:tc><w:tc><w:tcPr><w:tcW w:w="2970" w:type="dxa"/><w:vMerge/><w:tcBorders><w:right w:val="nil"/></w:tcBorders></w:tcPr><w:p w14:paraId="01D671BC" w14:textId="77777777" w:rsidR="00ED3347" w:rsidRDefault="00ED3347"><w:pPr><w:pStyle w:val="FormTitle"/></w:pPr></w:p></w:tc><w:tc><w:tcPr><w:tcW w:w="2250" w:type="dxa"/><w:vMerge/><w:tcBorders><w:top w:val="nil"/><w:left w:val="single" w:sz="4" w:space="0" w:color="auto"/><w:bottom w:val="nil"/></w:tcBorders></w:tcPr><w:p w14:paraId="1AD5F10C" w14:textId="77777777" w:rsidR="00ED3347" w:rsidRDefault="00ED3347"/></w:tc></w:tr><w:tr w:rsidR="00ED3347" w14:paraId="407716AB" w14:textId="77777777" w:rsidTr="00823273"><w:trPr><w:cantSplit/><w:trHeight w:val="480"/></w:trPr><w:tc><w:tcPr><w:tcW w:w="918" w:type="dxa"/></w:tcPr><w:p w14:paraId="6B014D1A" w14:textId="77777777" w:rsidR="00ED3347" w:rsidRDefault="00ED3347"><w:pPr><w:pStyle w:val="Header"/><w:tabs><w:tab w:val="clear" w:pos="4320"/><w:tab w:val="clear" w:pos="8640"/></w:tabs><w:ind w:right="-108"/></w:pPr><w:r><w:rPr><w:sz w:val="16"/></w:rPr><w:t>Garnishee:</w:t></w:r></w:p></w:tc><w:tc><w:tcPr><w:tcW w:w="4500" w:type="dxa"/></w:tcPr><w:p w14:paraId="2BF7DF53" w14:textId="7A7F8580" w:rsidR="00ED3347" w:rsidRDefault="00BD045B"><w:pPr><w:pStyle w:val="Header"/><w:tabs><w:tab w:val="clear" w:pos="4320"/><w:tab w:val="clear" w:pos="8640"/><w:tab w:val="left" w:pos="4212"/></w:tabs><w:ind w:left="-108"/><w:rPr><w:rFonts w:ascii="Times New Roman" w:hAnsi="Times New Roman"/><w:u w:val="single"/></w:rPr></w:pPr><w:r><w:rPr><w:rFonts w:ascii="Times New Roman" w:hAnsi="Times New Roman"/><w:noProof/><w:u w:val="single"/></w:rPr><w:t>EMPLOYERNAME1</w:t></w:r><w:r w:rsidR="00ED3347"><w:rPr><w:rFonts w:ascii="Times New Roman" w:hAnsi="Times New Roman"/><w:u w:val="single"/></w:rPr><w:tab/></w:r></w:p></w:tc><w:tc><w:tcPr><w:tcW w:w="2970" w:type="dxa"/><w:tcBorders><w:right w:val="nil"/></w:tcBorders></w:tcPr><w:p w14:paraId="5F3F36D0" w14:textId="1267FBF2" w:rsidR="00ED3347" w:rsidRDefault="00ED3347" w:rsidP="00861CE8"><w:pPr><w:pStyle w:val="Header"/><w:tabs><w:tab w:val="clear" w:pos="4320"/><w:tab w:val="clear" w:pos="8640"/><w:tab w:val="left" w:pos="2934"/></w:tabs><w:ind w:left="-108"/></w:pPr><w:r><w:t xml:space="preserve">Case No. </w:t></w:r><w:r w:rsidR="00BD045B"><w:rPr><w:rFonts w:ascii="Times New Roman" w:hAnsi="Times New Roman"/><w:noProof/><w:u w:val="single"/></w:rPr><w:t>CASENO1</w:t></w:r></w:p></w:tc><w:tc><w:tcPr><w:tcW w:w="2250" w:type="dxa"/><w:vMerge/><w:tcBorders><w:top w:val="nil"/><w:left w:val="single" w:sz="4" w:space="0" w:color="auto"/><w:bottom w:val="single" w:sz="4" w:space="0" w:color="auto"/></w:tcBorders></w:tcPr><w:p w14:paraId="1726A43B" w14:textId="77777777" w:rsidR="00ED3347" w:rsidRDefault="00ED3347"/></w:tc></w:tr></w:tbl><w:p w14:paraId="33AD708B" w14:textId="77777777" w:rsidR="00ED3347" w:rsidRDefault="00ED3347"><w:pPr><w:tabs><w:tab w:val="left" w:pos="420"/><w:tab w:val="left" w:pos="660"/><w:tab w:val="left" w:pos="1020"/><w:tab w:val="left" w:pos="1260"/><w:tab w:val="left" w:pos="1920"/></w:tabs><w:spacing w:before="120" w:line="240" w:lineRule="atLeast"/><w:rPr><w:snapToGrid w:val="0"/><w:color w:val="000000"/></w:rPr></w:pPr><w:r><w:rPr><w:snapToGrid w:val="0"/><w:color w:val="000000"/></w:rPr><w:t>To the clerk of court:</w:t></w:r></w:p><w:p w14:paraId="1FC356D8" w14:textId="77777777" w:rsidR="00ED3347" w:rsidRDefault="00ED3347"><w:pPr><w:tabs><w:tab w:val="left" w:pos="1440"/><w:tab w:val="left" w:pos="2160"/><w:tab w:val="left" w:pos="2880"/><w:tab w:val="left" w:pos="3600"/><w:tab w:val="left" w:pos="4320"/><w:tab w:val="left" w:pos="5040"/><w:tab w:val="left" w:pos="5760"/><w:tab w:val="left" w:pos="6480"/><w:tab w:val="left" w:pos="7200"/><w:tab w:val="left" w:pos="7920"/><w:tab w:val="left" w:pos="8640"/><w:tab w:val="left" w:pos="9360"/></w:tabs><w:spacing w:line="240" w:lineRule="atLeast"/><w:ind w:left="720" w:right="720"/><w:rPr><w:snapToGrid w:val="0"/></w:rPr></w:pPr></w:p><w:p w14:paraId="23E767D9" w14:textId="77777777" w:rsidR="00ED3347" w:rsidRDefault="00ED3347"><w:pPr><w:tabs><w:tab w:val="left" w:pos="1440"/><w:tab w:val="left" w:pos="2160"/><w:tab w:val="left" w:pos="2880"/><w:tab w:val="left" w:pos="3600"/><w:tab w:val="left" w:pos="4320"/><w:tab w:val="left" w:pos="5040"/><w:tab w:val="left" w:pos="5760"/><w:tab w:val="left" w:pos="6480"/><w:tab w:val="left" w:pos="7200"/><w:tab w:val="left" w:pos="7920"/><w:tab w:val="left" w:pos="8640"/><w:tab w:val="left" w:pos="9360"/></w:tabs><w:spacing w:line="240" w:lineRule="atLeast"/><w:ind w:left="720" w:right="720"/><w:rPr><w:snapToGrid w:val="0"/></w:rPr></w:pPr><w:r><w:rPr><w:snapToGrid w:val="0"/></w:rPr><w:t>The creditor has commenced an earnings garnishment action against the debtor and the garnishee to collect the following unsatisfied civil judgment:</w:t></w:r></w:p><w:p w14:paraId="7F87BF54" w14:textId="77777777" w:rsidR="00ED3347" w:rsidRDefault="00ED3347"><w:pPr><w:tabs><w:tab w:val="left" w:pos="1440"/><w:tab w:val="left" w:pos="2160"/><w:tab w:val="left" w:pos="2880"/><w:tab w:val="left" w:pos="3600"/><w:tab w:val="left" w:pos="4320"/><w:tab w:val="left" w:pos="5040"/><w:tab w:val="left" w:pos="5760"/><w:tab w:val="left" w:pos="6480"/><w:tab w:val="left" w:pos="7200"/><w:tab w:val="left" w:pos="7920"/><w:tab w:val="left" w:pos="8640"/><w:tab w:val="left" w:pos="9360"/></w:tabs><w:spacing w:line="240" w:lineRule="atLeast"/><w:ind w:left="720" w:right="720"/><w:rPr><w:snapToGrid w:val="0"/></w:rPr></w:pPr></w:p><w:tbl><w:tblPr><w:tblW w:w="0" w:type="auto"/><w:tblInd w:w="198" w:type="dxa"/><w:tblBorders><w:top w:val="single" w:sz="4" w:space="0" w:color="auto"/><w:left w:val="single" w:sz="4" w:space="0" w:color="auto"/><w:bottom w:val="single" w:sz="4" w:space="0" w:color="auto"/><w:right w:val="single" w:sz="4" w:space="0" w:color="auto"/><w:insideH w:val="single" w:sz="4" w:space="0" w:color="auto"/><w:insideV w:val="single" w:sz="4" w:space="0" w:color="auto"/></w:tblBorders><w:tblLayout w:type="fixed"/><w:tblLook w:val="0000" w:firstRow="0" w:lastRow="0" w:firstColumn="0" w:lastColumn="0" w:noHBand="0" w:noVBand="0"/></w:tblPr><w:tblGrid><w:gridCol w:w="3420"/><w:gridCol w:w="3420"/><w:gridCol w:w="3420"/></w:tblGrid><w:tr w:rsidR="00ED3347" w14:paraId="5DF3E839" w14:textId="77777777"><w:trPr><w:cantSplit/><w:trHeight w:val="480"/></w:trPr><w:tc><w:tcPr><w:tcW w:w="6840" w:type="dxa"/><w:gridSpan w:val="2"/></w:tcPr><w:p w14:paraId="15C3EF02" w14:textId="77777777" w:rsidR="00ED3347" w:rsidRDefault="00ED3347"><w:pPr><w:spacing w:line="180" w:lineRule="exact"/><w:rPr><w:snapToGrid w:val="0"/><w:sz w:val="14"/></w:rPr></w:pPr><w:r><w:rPr><w:snapToGrid w:val="0"/><w:sz w:val="14"/></w:rPr><w:t>Name of Debtor(s)</w:t></w:r></w:p><w:p w14:paraId="18B4CC03" w14:textId="33B705A7" w:rsidR="00ED3347" w:rsidRDefault="00BD045B"><w:pPr><w:rPr><w:snapToGrid w:val="0"/><w:sz w:val="14"/></w:rPr></w:pPr><w:r><w:rPr><w:rFonts w:ascii="Times New Roman" w:hAnsi="Times New Roman"/><w:noProof/></w:rPr><w:t>DEBTORNAME</w:t></w:r><w:bookmarkStart w:id="0" w:name="_GoBack"/><w:bookmarkEnd w:id="0"/></w:p></w:tc><w:tc><w:tcPr><w:tcW w:w="3420" w:type="dxa"/></w:tcPr><w:p w14:paraId="6B034FFA" w14:textId="77777777" w:rsidR="00ED3347" w:rsidRDefault="00ED3347"><w:pPr><w:spacing w:line="180" w:lineRule="exact"/><w:rPr><w:snapToGrid w:val="0"/><w:sz w:val="14"/></w:rPr></w:pPr><w:smartTag w:uri="urn:schemas-microsoft-com:office:smarttags" w:element="place"><w:smartTag w:uri="urn:schemas-microsoft-com:office:smarttags" w:element="PlaceType"><w:r><w:rPr><w:snapToGrid w:val="0"/><w:sz w:val="14"/></w:rPr><w:t>County</w:t></w:r></w:smartTag><w:r><w:rPr><w:snapToGrid w:val="0"/><w:sz w:val="14"/></w:rPr><w:t xml:space="preserve"> of </w:t></w:r><w:smartTag w:uri="urn:schemas-microsoft-com:office:smarttags" w:element="PlaceName"><w:r><w:rPr><w:snapToGrid w:val="0"/><w:sz w:val="14"/></w:rPr><w:t>Original</w:t></w:r></w:smartTag></w:smartTag><w:r><w:rPr><w:snapToGrid w:val="0"/><w:sz w:val="14"/></w:rPr><w:t xml:space="preserve"> Judgment</w:t></w:r></w:p><w:p w14:paraId="79200F32" w14:textId="7CC2522F" w:rsidR="00ED3347" w:rsidRPr="00C46A6A" w:rsidRDefault="00BD045B"><w:pPr><w:rPr><w:snapToGrid w:val="0"/><w:sz w:val="14"/></w:rPr></w:pPr><w:r><w:rPr><w:rFonts w:ascii="Times New Roman" w:hAnsi="Times New Roman"/><w:noProof/></w:rPr><w:t>JCOUNTY</w:t></w:r></w:p></w:tc></w:tr><w:tr w:rsidR="00ED3347" w14:paraId="259B0762" w14:textId="77777777"><w:trPr><w:trHeight w:val="480"/></w:trPr><w:tc><w:tcPr><w:tcW w:w="3420" w:type="dxa"/></w:tcPr><w:p w14:paraId="7120C4AC" w14:textId="77777777" w:rsidR="00ED3347" w:rsidRDefault="00ED3347"><w:pPr><w:spacing w:line="180" w:lineRule="exact"/><w:rPr><w:snapToGrid w:val="0"/><w:sz w:val="14"/></w:rPr></w:pPr><w:r><w:rPr><w:snapToGrid w:val="0"/><w:sz w:val="14"/></w:rPr><w:t>Original Case Number</w:t></w:r></w:p><w:p w14:paraId="1125DEE4" w14:textId="48C223BA" w:rsidR="00ED3347" w:rsidRPr="0071136D" w:rsidRDefault="00BD045B"><w:pPr><w:rPr><w:rFonts w:ascii="Times New Roman" w:hAnsi="Times New Roman"/><w:snapToGrid w:val="0"/></w:rPr></w:pPr><w:r><w:rPr><w:rFonts w:ascii="Times New Roman" w:hAnsi="Times New Roman"/><w:noProof/><w:snapToGrid w:val="0"/></w:rPr><w:t>CASENO2</w:t></w:r></w:p></w:tc><w:tc><w:tcPr><w:tcW w:w="3420" w:type="dxa"/></w:tcPr><w:p w14:paraId="74E49396" w14:textId="77777777" w:rsidR="00ED3347" w:rsidRDefault="00ED3347"><w:pPr><w:spacing w:line="180" w:lineRule="exact"/><w:rPr><w:snapToGrid w:val="0"/><w:sz w:val="14"/></w:rPr></w:pPr><w:r><w:rPr><w:snapToGrid w:val="0"/><w:sz w:val="14"/></w:rPr><w:t>Date of Original Judgment</w:t></w:r></w:p><w:p w14:paraId="7FFEDB9F" w14:textId="2AD97F7E" w:rsidR="00ED3347" w:rsidRDefault="00BD045B"><w:pPr><w:rPr><w:snapToGrid w:val="0"/></w:rPr></w:pPr><w:r><w:rPr><w:rFonts w:ascii="Times New Roman" w:hAnsi="Times New Roman"/><w:noProof/></w:rPr><w:t>FIELDORIGINALJ</w:t></w:r></w:p></w:tc><w:tc><w:tcPr><w:tcW w:w="3420" w:type="dxa"/></w:tcPr><w:p w14:paraId="6F3C65F5" w14:textId="77777777" w:rsidR="00ED3347" w:rsidRDefault="00ED3347"><w:pPr><w:spacing w:line="180" w:lineRule="exact"/><w:rPr><w:snapToGrid w:val="0"/><w:sz w:val="14"/></w:rPr></w:pPr><w:r><w:rPr><w:snapToGrid w:val="0"/><w:sz w:val="14"/></w:rPr><w:t>Amount of Original Judgment</w:t></w:r></w:p><w:p w14:paraId="7B206A4D" w14:textId="1F48C241" w:rsidR="00ED3347" w:rsidRDefault="00BD045B"><w:pPr><w:rPr><w:snapToGrid w:val="0"/></w:rPr></w:pPr><w:r><w:rPr><w:rFonts w:ascii="Times New Roman" w:hAnsi="Times New Roman"/><w:noProof/></w:rPr><w:t>JAMOUNT</w:t></w:r></w:p></w:tc></w:tr><w:tr w:rsidR="00ED3347" w14:paraId="4B13952C" w14:textId="77777777"><w:trPr><w:trHeight w:val="480"/></w:trPr><w:tc><w:tcPr><w:tcW w:w="3420" w:type="dxa"/></w:tcPr><w:p w14:paraId="4776F45F" w14:textId="77777777" w:rsidR="00ED3347" w:rsidRDefault="00ED3347"><w:pPr><w:spacing w:line="180" w:lineRule="exact"/><w:rPr><w:snapToGrid w:val="0"/><w:sz w:val="14"/></w:rPr></w:pPr><w:r><w:rPr><w:snapToGrid w:val="0"/><w:sz w:val="14"/></w:rPr><w:t>Transcript of Judgment filed in This County on:</w:t></w:r></w:p><w:p w14:paraId="3989BC13" w14:textId="77777777" w:rsidR="00ED3347" w:rsidRDefault="00ED3347"><w:pPr><w:rPr><w:snapToGrid w:val="0"/><w:sz w:val="14"/></w:rPr></w:pPr></w:p></w:tc><w:tc><w:tcPr><w:tcW w:w="3420" w:type="dxa"/></w:tcPr><w:p w14:paraId="7400FD64" w14:textId="77777777" w:rsidR="00ED3347" w:rsidRDefault="00ED3347"><w:pPr><w:spacing w:line="180" w:lineRule="exact"/><w:rPr><w:snapToGrid w:val="0"/><w:sz w:val="14"/></w:rPr></w:pPr><w:r><w:rPr><w:snapToGrid w:val="0"/><w:sz w:val="14"/></w:rPr><w:t>Case Number of Transcript</w:t></w:r></w:p><w:p w14:paraId="6505D305" w14:textId="77777777" w:rsidR="00ED3347" w:rsidRDefault="00ED3347"><w:pPr><w:rPr><w:snapToGrid w:val="0"/><w:sz w:val="14"/></w:rPr></w:pPr></w:p></w:tc><w:tc><w:tcPr><w:tcW w:w="3420" w:type="dxa"/></w:tcPr><w:p w14:paraId="2B7D6406" w14:textId="77777777" w:rsidR="00ED3347" w:rsidRDefault="00ED3347"><w:pPr><w:spacing w:line="180" w:lineRule="exact"/><w:rPr><w:snapToGrid w:val="0"/><w:sz w:val="14"/></w:rPr></w:pPr><w:r><w:rPr><w:snapToGrid w:val="0"/><w:sz w:val="14"/></w:rPr><w:t>Amount of Judgment Unpaid</w:t></w:r></w:p><w:p w14:paraId="047301AA" w14:textId="46B5374D" w:rsidR="00ED3347" w:rsidRPr="00ED3347" w:rsidRDefault="00BD045B"><w:pPr><w:rPr><w:rFonts w:ascii="Times New Roman" w:hAnsi="Times New Roman"/><w:snapToGrid w:val="0"/></w:rPr></w:pPr><w:r><w:rPr><w:rFonts w:ascii="Times New Roman" w:hAnsi="Times New Roman"/><w:snapToGrid w:val="0"/></w:rPr><w:t>JUNPAID</w:t></w:r></w:p></w:tc></w:tr></w:tbl><w:p w14:paraId="494E9E96" w14:textId="77777777" w:rsidR="00ED3347" w:rsidRDefault="00ED3347"><w:pPr><w:tabs><w:tab w:val="left" w:pos="1440"/><w:tab w:val="left" w:pos="2160"/><w:tab w:val="left" w:pos="2880"/><w:tab w:val="left" w:pos="3600"/><w:tab w:val="left" w:pos="4320"/><w:tab w:val="left" w:pos="5040"/><w:tab w:val="left" w:pos="5760"/><w:tab w:val="left" w:pos="6480"/><w:tab w:val="left" w:pos="7200"/><w:tab w:val="left" w:pos="7920"/><w:tab w:val="left" w:pos="8640"/><w:tab w:val="left" w:pos="9360"/></w:tabs><w:spacing w:line="240" w:lineRule="atLeast"/><w:ind w:left="720" w:right="720"/><w:rPr><w:rFonts w:ascii="Helv" w:hAnsi="Helv"/><w:snapToGrid w:val="0"/></w:rPr></w:pPr></w:p><w:p w14:paraId="6826C605" w14:textId="77777777" w:rsidR="00ED3347" w:rsidRPr="001A50A5" w:rsidRDefault="00ED3347" w:rsidP="002A0EEA"><w:pPr><w:tabs><w:tab w:val="left" w:pos="1440"/><w:tab w:val="left" w:pos="2160"/><w:tab w:val="left" w:pos="2880"/><w:tab w:val="left" w:pos="3600"/><w:tab w:val="left" w:pos="4320"/><w:tab w:val="left" w:pos="5040"/><w:tab w:val="left" w:pos="5760"/><w:tab w:val="left" w:pos="6480"/><w:tab w:val="left" w:pos="7200"/><w:tab w:val="left" w:pos="7920"/><w:tab w:val="left" w:pos="8640"/><w:tab w:val="left" w:pos="9360"/></w:tabs><w:spacing w:line="240" w:lineRule="atLeast"/><w:ind w:left="720" w:right="720" w:hanging="360"/><w:rPr><w:rFonts w:cs="Arial"/><w:snapToGrid w:val="0"/></w:rPr></w:pPr><w:r w:rsidRPr="001A50A5"><w:rPr><w:rFonts w:ascii="Helv" w:hAnsi="Helv"/><w:snapToGrid w:val="0"/></w:rPr><w:fldChar w:fldCharType="begin"><w:ffData><w:name w:val="Check1"/><w:enabled/><w:calcOnExit w:val="0"/><w:checkBox><w:sizeAuto/><w:default w:val="0"/></w:checkBox></w:ffData></w:fldChar></w:r><w:r w:rsidRPr="001A50A5"><w:rPr><w:rFonts w:ascii="Helv" w:hAnsi="Helv"/><w:snapToGrid w:val="0"/></w:rPr><w:instrText xml:space="preserve"> FORMCHECKBOX </w:instrText></w:r><w:r w:rsidR="004D5EAD"><w:rPr><w:rFonts w:ascii="Helv" w:hAnsi="Helv"/><w:snapToGrid w:val="0"/></w:rPr></w:r><w:r w:rsidR="004D5EAD"><w:rPr><w:rFonts w:ascii="Helv" w:hAnsi="Helv"/><w:snapToGrid w:val="0"/></w:rPr><w:fldChar w:fldCharType="separate"/></w:r><w:r w:rsidRPr="001A50A5"><w:rPr><w:rFonts w:ascii="Helv" w:hAnsi="Helv"/><w:snapToGrid w:val="0"/></w:rPr><w:fldChar w:fldCharType="end"/></w:r><w:r w:rsidRPr="001A50A5"><w:rPr><w:rFonts w:ascii="Helv" w:hAnsi="Helv"/><w:snapToGrid w:val="0"/></w:rPr><w:tab/></w:r><w:r w:rsidRPr="001A50A5"><w:rPr><w:rFonts w:cs="Arial"/><w:snapToGrid w:val="0"/></w:rPr><w:t>This is a garnishment action to satisfy an order for victim restitution under §973.20(1r), Wis. Stats., and there is no filing fee.</w:t></w:r></w:p><w:p w14:paraId="32878C61" w14:textId="77777777" w:rsidR="00ED3347" w:rsidRPr="001A50A5" w:rsidRDefault="00ED3347" w:rsidP="002A0EEA"><w:pPr><w:tabs><w:tab w:val="left" w:pos="1440"/><w:tab w:val="left" w:pos="2160"/><w:tab w:val="left" w:pos="2880"/><w:tab w:val="left" w:pos="3600"/><w:tab w:val="left" w:pos="4320"/><w:tab w:val="left" w:pos="5040"/><w:tab w:val="left" w:pos="5760"/><w:tab w:val="left" w:pos="6480"/><w:tab w:val="left" w:pos="7200"/><w:tab w:val="left" w:pos="7920"/><w:tab w:val="left" w:pos="8640"/><w:tab w:val="left" w:pos="9360"/></w:tabs><w:spacing w:line="240" w:lineRule="atLeast"/><w:ind w:left="720" w:right="720" w:hanging="270"/><w:rPr><w:rFonts w:cs="Arial"/><w:snapToGrid w:val="0"/></w:rPr></w:pPr></w:p><w:tbl><w:tblPr><w:tblW w:w="0" w:type="auto"/><w:tblInd w:w="198" w:type="dxa"/><w:tblBorders><w:top w:val="single" w:sz="4" w:space="0" w:color="auto"/><w:left w:val="single" w:sz="4" w:space="0" w:color="auto"/><w:bottom w:val="single" w:sz="4" w:space="0" w:color="auto"/><w:right w:val="single" w:sz="4" w:space="0" w:color="auto"/><w:insideH w:val="single" w:sz="4" w:space="0" w:color="auto"/><w:insideV w:val="single" w:sz="4" w:space="0" w:color="auto"/></w:tblBorders><w:tblLayout w:type="fixed"/><w:tblLook w:val="0000" w:firstRow="0" w:lastRow="0" w:firstColumn="0" w:lastColumn="0" w:noHBand="0" w:noVBand="0"/></w:tblPr><w:tblGrid><w:gridCol w:w="1830"/><w:gridCol w:w="8430"/></w:tblGrid><w:tr w:rsidR="00ED3347" w14:paraId="1323A71B" w14:textId="77777777"><w:trPr><w:cantSplit/><w:trHeight w:val="480"/></w:trPr><w:tc><w:tcPr><w:tcW w:w="1830" w:type="dxa"/><w:tcBorders><w:top w:val="nil"/><w:left w:val="nil"/><w:bottom w:val="nil"/></w:tcBorders></w:tcPr><w:p w14:paraId="1521218F" w14:textId="77777777" w:rsidR="00ED3347" w:rsidRPr="001A50A5" w:rsidRDefault="00ED3347"><w:pPr><w:rPr><w:snapToGrid w:val="0"/><w:sz w:val="14"/></w:rPr></w:pPr><w:r w:rsidRPr="001A50A5"><w:rPr><w:snapToGrid w:val="0"/></w:rPr><w:t>Name of Debtor being garnished:</w:t></w:r></w:p></w:tc><w:tc><w:tcPr><w:tcW w:w="8430" w:type="dxa"/></w:tcPr><w:p w14:paraId="331126E5" w14:textId="77777777" w:rsidR="00ED3347" w:rsidRPr="001A50A5" w:rsidRDefault="00ED3347"><w:pPr><w:spacing w:line="180" w:lineRule="exact"/><w:rPr><w:snapToGrid w:val="0"/><w:sz w:val="14"/></w:rPr></w:pPr><w:r w:rsidRPr="001A50A5"><w:rPr><w:snapToGrid w:val="0"/><w:sz w:val="14"/></w:rPr><w:t>Name</w:t></w:r></w:p><w:p w14:paraId="340DDEA8" w14:textId="18A0B6D9" w:rsidR="00ED3347" w:rsidRDefault="00BD045B"><w:pPr><w:rPr><w:snapToGrid w:val="0"/><w:sz w:val="14"/></w:rPr></w:pPr><w:r><w:rPr><w:rFonts w:ascii="Times New Roman" w:hAnsi="Times New Roman"/><w:noProof/></w:rPr><w:t>DEBTORNAME</w:t></w:r></w:p></w:tc></w:tr><w:tr w:rsidR="00ED3347" w14:paraId="2026A3A9" w14:textId="77777777"><w:trPr><w:cantSplit/><w:trHeight w:val="720"/></w:trPr><w:tc><w:tcPr><w:tcW w:w="1830" w:type="dxa"/><w:tcBorders><w:top w:val="nil"/><w:left w:val="nil"/><w:bottom w:val="nil"/></w:tcBorders></w:tcPr><w:p w14:paraId="59CE62A4" w14:textId="77777777" w:rsidR="00ED3347" w:rsidRDefault="00ED3347"><w:pPr><w:rPr><w:snapToGrid w:val="0"/></w:rPr></w:pPr></w:p></w:tc><w:tc><w:tcPr><w:tcW w:w="8430" w:type="dxa"/></w:tcPr><w:p w14:paraId="5DAB1162" w14:textId="77777777" w:rsidR="00ED3347" w:rsidRDefault="00ED3347"><w:pPr><w:spacing w:line="180" w:lineRule="exact"/><w:rPr><w:snapToGrid w:val="0"/><w:sz w:val="14"/></w:rPr></w:pPr><w:r><w:rPr><w:snapToGrid w:val="0"/><w:sz w:val="14"/></w:rPr><w:t>Address</w:t></w:r></w:p><w:p w14:paraId="06C6B459" w14:textId="11A521A5" w:rsidR="00ED3347" w:rsidRDefault="00BD045B" w:rsidP="00347DCD"><w:pPr><w:rPr><w:rFonts w:ascii="Times New Roman" w:hAnsi="Times New Roman"/></w:rPr></w:pPr><w:r><w:rPr><w:rFonts w:ascii="Times New Roman" w:hAnsi="Times New Roman"/><w:noProof/></w:rPr><w:t>DEFADD1</w:t></w:r></w:p><w:p w14:paraId="10016259" w14:textId="552A8664" w:rsidR="00ED3347" w:rsidRDefault="00BD045B" w:rsidP="00347DCD"><w:pPr><w:rPr><w:snapToGrid w:val="0"/><w:sz w:val="14"/></w:rPr></w:pPr><w:r><w:rPr><w:rFonts w:ascii="Times New Roman" w:hAnsi="Times New Roman"/><w:noProof/></w:rPr><w:t>DEFADD2</w:t></w:r><w:r w:rsidR="00ED3347"><w:rPr><w:rFonts w:ascii="Times New Roman" w:hAnsi="Times New Roman"/></w:rPr><w:t xml:space="preserve"> </w:t></w:r></w:p></w:tc></w:tr></w:tbl><w:p w14:paraId="05614E22" w14:textId="77777777" w:rsidR="00ED3347" w:rsidRDefault="00ED3347"><w:pPr><w:tabs><w:tab w:val="left" w:pos="1440"/><w:tab w:val="left" w:pos="2160"/><w:tab w:val="left" w:pos="2880"/><w:tab w:val="left" w:pos="3600"/><w:tab w:val="left" w:pos="4320"/><w:tab w:val="left" w:pos="5040"/><w:tab w:val="left" w:pos="5760"/><w:tab w:val="left" w:pos="6480"/><w:tab w:val="left" w:pos="7200"/><w:tab w:val="left" w:pos="7920"/><w:tab w:val="left" w:pos="8640"/><w:tab w:val="left" w:pos="9360"/></w:tabs><w:spacing w:line="240" w:lineRule="atLeast"/><w:ind w:left="720" w:right="720"/><w:rPr><w:snapToGrid w:val="0"/></w:rPr></w:pPr></w:p><w:tbl><w:tblPr><w:tblW w:w="0" w:type="auto"/><w:tblInd w:w="828" w:type="dxa"/><w:tblBorders><w:top w:val="single" w:sz="4" w:space="0" w:color="auto"/><w:left w:val="single" w:sz="4" w:space="0" w:color="auto"/><w:bottom w:val="single" w:sz="4" w:space="0" w:color="auto"/><w:right w:val="single" w:sz="4" w:space="0" w:color="auto"/><w:insideH w:val="single" w:sz="4" w:space="0" w:color="auto"/><w:insideV w:val="single" w:sz="4" w:space="0" w:color="auto"/></w:tblBorders><w:tblLayout w:type="fixed"/><w:tblLook w:val="0000" w:firstRow="0" w:lastRow="0" w:firstColumn="0" w:lastColumn="0" w:noHBand="0" w:noVBand="0"/></w:tblPr><w:tblGrid><w:gridCol w:w="1200"/><w:gridCol w:w="8430"/></w:tblGrid><w:tr w:rsidR="00ED3347" w14:paraId="5653254B" w14:textId="77777777"><w:trPr><w:cantSplit/><w:trHeight w:val="480"/></w:trPr><w:tc><w:tcPr><w:tcW w:w="1200" w:type="dxa"/><w:tcBorders><w:top w:val="nil"/><w:left w:val="nil"/><w:bottom w:val="nil"/></w:tcBorders></w:tcPr><w:p w14:paraId="00FF29A0" w14:textId="77777777" w:rsidR="00ED3347" w:rsidRDefault="00ED3347"><w:pPr><w:rPr><w:snapToGrid w:val="0"/><w:sz w:val="14"/></w:rPr></w:pPr><w:r><w:rPr><w:snapToGrid w:val="0"/></w:rPr><w:t>Garnishee:</w:t></w:r></w:p></w:tc><w:tc><w:tcPr><w:tcW w:w="8430" w:type="dxa"/></w:tcPr><w:p w14:paraId="57EC863D" w14:textId="77777777" w:rsidR="00ED3347" w:rsidRDefault="00ED3347"><w:pPr><w:spacing w:line="180" w:lineRule="exact"/><w:rPr><w:snapToGrid w:val="0"/><w:sz w:val="14"/></w:rPr></w:pPr><w:r><w:rPr><w:snapToGrid w:val="0"/><w:sz w:val="14"/></w:rPr><w:t>Name</w:t></w:r></w:p><w:p w14:paraId="27E6A4F5" w14:textId="33E74BE7" w:rsidR="00ED3347" w:rsidRDefault="00BD045B"><w:pPr><w:rPr><w:snapToGrid w:val="0"/><w:sz w:val="14"/></w:rPr></w:pPr><w:r><w:rPr><w:rFonts w:ascii="Times New Roman" w:hAnsi="Times New Roman"/><w:noProof/></w:rPr><w:t>EMPLOYERNAME2</w:t></w:r></w:p></w:tc></w:tr><w:tr w:rsidR="00ED3347" w14:paraId="4E95A244" w14:textId="77777777"><w:trPr><w:cantSplit/><w:trHeight w:val="720"/></w:trPr><w:tc><w:tcPr><w:tcW w:w="1200" w:type="dxa"/><w:tcBorders><w:top w:val="nil"/><w:left w:val="nil"/><w:bottom w:val="nil"/></w:tcBorders></w:tcPr><w:p w14:paraId="4ECA835D" w14:textId="77777777" w:rsidR="00ED3347" w:rsidRDefault="00ED3347"><w:pPr><w:rPr><w:snapToGrid w:val="0"/></w:rPr></w:pPr></w:p></w:tc><w:tc><w:tcPr><w:tcW w:w="8430" w:type="dxa"/></w:tcPr><w:p w14:paraId="4A1E6DD0" w14:textId="77777777" w:rsidR="00ED3347" w:rsidRDefault="00ED3347"><w:pPr><w:spacing w:line="180" w:lineRule="exact"/><w:rPr><w:snapToGrid w:val="0"/><w:sz w:val="14"/></w:rPr></w:pPr><w:r><w:rPr><w:snapToGrid w:val="0"/><w:sz w:val="14"/></w:rPr><w:t>Address</w:t></w:r></w:p><w:p w14:paraId="0C67950A" w14:textId="77777777" w:rsidR="00ED3347" w:rsidRDefault="00ED3347"><w:pPr><w:spacing w:line="180" w:lineRule="exact"/><w:rPr><w:snapToGrid w:val="0"/><w:sz w:val="14"/></w:rPr></w:pPr><w:r w:rsidRPr="006C0E79"><w:rPr><w:rFonts w:ascii="Times New Roman" w:hAnsi="Times New Roman"/><w:noProof/></w:rPr><w:t>Attn: Payroll/Garnishments</w:t></w:r></w:p><w:p w14:paraId="7CCD5741" w14:textId="3C064242" w:rsidR="00ED3347" w:rsidRDefault="00BD045B"><w:pPr><w:rPr><w:rFonts w:ascii="Times New Roman" w:hAnsi="Times New Roman"/><w:noProof/></w:rPr></w:pPr><w:r><w:rPr><w:rFonts w:ascii="Times New Roman" w:hAnsi="Times New Roman"/><w:noProof/></w:rPr><w:t>ERADD1</w:t></w:r></w:p><w:p w14:paraId="6C994269" w14:textId="455BC359" w:rsidR="00ED3347" w:rsidRPr="00CB20E7" w:rsidRDefault="00BD045B" w:rsidP="00BF5DA0"><w:pPr><w:rPr><w:rFonts w:ascii="Times New Roman" w:hAnsi="Times New Roman"/><w:snapToGrid w:val="0"/></w:rPr></w:pPr><w:r><w:rPr><w:rFonts w:ascii="Times New Roman" w:hAnsi="Times New Roman"/><w:noProof/><w:snapToGrid w:val="0"/></w:rPr><w:t>ERADD2</w:t></w:r><w:r w:rsidR="00ED3347" w:rsidRPr="00CB20E7"><w:rPr><w:rFonts w:ascii="Times New Roman" w:hAnsi="Times New Roman"/><w:snapToGrid w:val="0"/></w:rPr><w:t xml:space="preserve"> </w:t></w:r></w:p></w:tc></w:tr></w:tbl><w:p w14:paraId="5D7EE8BD" w14:textId="77777777" w:rsidR="00ED3347" w:rsidRDefault="00ED3347"><w:pPr><w:tabs><w:tab w:val="left" w:pos="1440"/><w:tab w:val="left" w:pos="2160"/><w:tab w:val="left" w:pos="2880"/><w:tab w:val="left" w:pos="3600"/><w:tab w:val="left" w:pos="4320"/><w:tab w:val="left" w:pos="5040"/><w:tab w:val="left" w:pos="5760"/><w:tab w:val="left" w:pos="6480"/><w:tab w:val="left" w:pos="7200"/><w:tab w:val="left" w:pos="7920"/><w:tab w:val="left" w:pos="8640"/><w:tab w:val="left" w:pos="9360"/></w:tabs><w:spacing w:line="240" w:lineRule="atLeast"/><w:ind w:left="720" w:right="720"/><w:rPr><w:snapToGrid w:val="0"/></w:rPr></w:pPr></w:p><w:tbl><w:tblPr><w:tblW w:w="0" w:type="auto"/><w:tblInd w:w="828" w:type="dxa"/><w:tblBorders><w:top w:val="single" w:sz="4" w:space="0" w:color="auto"/><w:left w:val="single" w:sz="4" w:space="0" w:color="auto"/><w:bottom w:val="single" w:sz="4" w:space="0" w:color="auto"/><w:right w:val="single" w:sz="4" w:space="0" w:color="auto"/><w:insideH w:val="single" w:sz="4" w:space="0" w:color="auto"/><w:insideV w:val="single" w:sz="4" w:space="0" w:color="auto"/></w:tblBorders><w:tblLayout w:type="fixed"/><w:tblLook w:val="0000" w:firstRow="0" w:lastRow="0" w:firstColumn="0" w:lastColumn="0" w:noHBand="0" w:noVBand="0"/></w:tblPr><w:tblGrid><w:gridCol w:w="1200"/><w:gridCol w:w="6000"/><w:gridCol w:w="2430"/></w:tblGrid><w:tr w:rsidR="00ED3347" w14:paraId="53A95278" w14:textId="77777777"><w:trPr><w:cantSplit/><w:trHeight w:val="480"/></w:trPr><w:tc><w:tcPr><w:tcW w:w="1200" w:type="dxa"/><w:tcBorders><w:top w:val="nil"/><w:left w:val="nil"/><w:bottom w:val="nil"/></w:tcBorders></w:tcPr><w:p w14:paraId="68B372EC" w14:textId="77777777" w:rsidR="00ED3347" w:rsidRDefault="00ED3347"><w:pPr><w:rPr><w:snapToGrid w:val="0"/><w:sz w:val="14"/></w:rPr></w:pPr><w:r><w:rPr><w:snapToGrid w:val="0"/></w:rPr><w:t>Creditor:</w:t></w:r></w:p></w:tc><w:tc><w:tcPr><w:tcW w:w="6000" w:type="dxa"/></w:tcPr><w:p w14:paraId="474CC6E3" w14:textId="77777777" w:rsidR="00ED3347" w:rsidRDefault="00ED3347"><w:pPr><w:spacing w:line="180" w:lineRule="exact"/><w:rPr><w:snapToGrid w:val="0"/><w:sz w:val="14"/></w:rPr></w:pPr><w:r><w:rPr><w:snapToGrid w:val="0"/><w:sz w:val="14"/></w:rPr><w:t>Name</w:t></w:r></w:p><w:p w14:paraId="6776D5AB" w14:textId="3ACE3152" w:rsidR="00ED3347" w:rsidRDefault="00BD045B"><w:pPr><w:rPr><w:snapToGrid w:val="0"/><w:sz w:val="14"/></w:rPr></w:pPr><w:r><w:rPr><w:rFonts w:ascii="Times New Roman" w:hAnsi="Times New Roman"/><w:noProof/></w:rPr><w:t>CREDNAME</w:t></w:r><w:r w:rsidR="00ED3347" w:rsidRPr="006D0B82"><w:rPr><w:rFonts w:ascii="Times New Roman" w:hAnsi="Times New Roman"/><w:noProof/></w:rPr><w:t xml:space="preserve"> </w:t></w:r></w:p></w:tc><w:tc><w:tcPr><w:tcW w:w="2430" w:type="dxa"/></w:tcPr><w:p w14:paraId="54EFEDD7" w14:textId="77777777" w:rsidR="00ED3347" w:rsidRDefault="00ED3347"><w:pPr><w:spacing w:line="180" w:lineRule="exact"/><w:rPr><w:snapToGrid w:val="0"/><w:sz w:val="14"/></w:rPr></w:pPr><w:r><w:rPr><w:snapToGrid w:val="0"/><w:sz w:val="14"/></w:rPr><w:t>Phone Number</w:t></w:r></w:p><w:p w14:paraId="13844074" w14:textId="77777777" w:rsidR="00ED3347" w:rsidRDefault="00ED3347"><w:pPr><w:spacing w:line="240" w:lineRule="auto"/><w:rPr><w:snapToGrid w:val="0"/><w:sz w:val="14"/></w:rPr></w:pPr></w:p></w:tc></w:tr><w:tr w:rsidR="00ED3347" w14:paraId="1A9D4636" w14:textId="77777777"><w:trPr><w:cantSplit/><w:trHeight w:val="720"/></w:trPr><w:tc><w:tcPr><w:tcW w:w="1200" w:type="dxa"/><w:tcBorders><w:top w:val="nil"/><w:left w:val="nil"/><w:bottom w:val="nil"/></w:tcBorders></w:tcPr><w:p w14:paraId="21CDA581" w14:textId="77777777" w:rsidR="00ED3347" w:rsidRDefault="00ED3347"><w:pPr><w:rPr><w:snapToGrid w:val="0"/></w:rPr></w:pPr></w:p></w:tc><w:tc><w:tcPr><w:tcW w:w="8430" w:type="dxa"/><w:gridSpan w:val="2"/></w:tcPr><w:p w14:paraId="69530C85" w14:textId="77777777" w:rsidR="00ED3347" w:rsidRDefault="00ED3347"><w:pPr><w:spacing w:line="180" w:lineRule="exact"/><w:rPr><w:snapToGrid w:val="0"/><w:sz w:val="14"/></w:rPr></w:pPr><w:r><w:rPr><w:snapToGrid w:val="0"/><w:sz w:val="14"/></w:rPr><w:t>Address</w:t></w:r></w:p><w:p w14:paraId="32142F2C" w14:textId="5AA56273" w:rsidR="00ED3347" w:rsidRDefault="00BD045B" w:rsidP="00347DCD"><w:pPr><w:rPr><w:rFonts w:ascii="Times New Roman" w:hAnsi="Times New Roman"/><w:noProof/></w:rPr></w:pPr><w:r><w:rPr><w:rFonts w:ascii="Times New Roman" w:hAnsi="Times New Roman"/><w:noProof/></w:rPr><w:t>CREDADD1</w:t></w:r></w:p><w:p w14:paraId="4B627131" w14:textId="28D4CF80" w:rsidR="00ED3347" w:rsidRDefault="00BD045B" w:rsidP="00347DCD"><w:pPr><w:rPr><w:snapToGrid w:val="0"/><w:sz w:val="14"/></w:rPr></w:pPr><w:r><w:rPr><w:rFonts w:ascii="Times New Roman" w:hAnsi="Times New Roman"/><w:noProof/></w:rPr><w:t>CREDADD2</w:t></w:r><w:r w:rsidR="00ED3347"><w:rPr><w:rFonts w:ascii="Times New Roman" w:hAnsi="Times New Roman"/><w:noProof/></w:rPr><w:t xml:space="preserve"> </w:t></w:r></w:p></w:tc></w:tr></w:tbl><w:p w14:paraId="1E9B3E31" w14:textId="77777777" w:rsidR="00ED3347" w:rsidRDefault="00ED3347"><w:pPr><w:tabs><w:tab w:val="left" w:pos="1440"/><w:tab w:val="left" w:pos="2160"/><w:tab w:val="left" w:pos="2880"/><w:tab w:val="left" w:pos="3600"/><w:tab w:val="left" w:pos="4320"/><w:tab w:val="left" w:pos="5040"/><w:tab w:val="left" w:pos="5760"/><w:tab w:val="left" w:pos="6480"/><w:tab w:val="left" w:pos="7200"/><w:tab w:val="left" w:pos="7920"/><w:tab w:val="left" w:pos="8640"/><w:tab w:val="left" w:pos="9360"/></w:tabs><w:spacing w:line="240" w:lineRule="atLeast"/><w:ind w:left="720" w:right="720"/><w:rPr><w:snapToGrid w:val="0"/></w:rPr></w:pPr></w:p><w:tbl><w:tblPr><w:tblW w:w="0" w:type="auto"/><w:tblInd w:w="828" w:type="dxa"/><w:tblBorders><w:top w:val="single" w:sz="4" w:space="0" w:color="auto"/><w:left w:val="single" w:sz="4" w:space="0" w:color="auto"/><w:bottom w:val="single" w:sz="4" w:space="0" w:color="auto"/><w:right w:val="single" w:sz="4" w:space="0" w:color="auto"/><w:insideH w:val="single" w:sz="4" w:space="0" w:color="auto"/><w:insideV w:val="single" w:sz="4" w:space="0" w:color="auto"/></w:tblBorders><w:tblLayout w:type="fixed"/><w:tblLook w:val="0000" w:firstRow="0" w:lastRow="0" w:firstColumn="0" w:lastColumn="0" w:noHBand="0" w:noVBand="0"/></w:tblPr><w:tblGrid><w:gridCol w:w="1200"/><w:gridCol w:w="6000"/><w:gridCol w:w="2430"/></w:tblGrid><w:tr w:rsidR="00ED3347" w14:paraId="425A2618" w14:textId="77777777"><w:trPr><w:cantSplit/><w:trHeight w:val="480"/></w:trPr><w:tc><w:tcPr><w:tcW w:w="1200" w:type="dxa"/><w:tcBorders><w:top w:val="nil"/><w:left w:val="nil"/><w:bottom w:val="nil"/></w:tcBorders></w:tcPr><w:p w14:paraId="44AD9699" w14:textId="77777777" w:rsidR="00ED3347" w:rsidRDefault="00ED3347"><w:pPr><w:rPr><w:snapToGrid w:val="0"/><w:sz w:val="14"/></w:rPr></w:pPr><w:r><w:rPr><w:snapToGrid w:val="0"/></w:rPr><w:t>Creditor's Attorney:</w:t></w:r></w:p></w:tc><w:tc><w:tcPr><w:tcW w:w="6000" w:type="dxa"/></w:tcPr><w:p w14:paraId="52773948" w14:textId="77777777" w:rsidR="00ED3347" w:rsidRDefault="00ED3347"><w:pPr><w:spacing w:line="180" w:lineRule="exact"/><w:rPr><w:snapToGrid w:val="0"/><w:sz w:val="14"/></w:rPr></w:pPr><w:r><w:rPr><w:snapToGrid w:val="0"/><w:sz w:val="14"/></w:rPr><w:t>Name</w:t></w:r></w:p><w:p w14:paraId="42DD66DB" w14:textId="4D165EBC" w:rsidR="00ED3347" w:rsidRPr="00ED3347" w:rsidRDefault="00BD045B"><w:pPr><w:rPr><w:rFonts w:ascii="Times New Roman" w:hAnsi="Times New Roman"/><w:snapToGrid w:val="0"/><w:sz w:val="14"/></w:rPr></w:pPr><w:r><w:rPr><w:rFonts w:ascii="Times New Roman" w:hAnsi="Times New Roman"/><w:color w:val="000000"/></w:rPr><w:t>ATTYNAME</w:t></w:r></w:p></w:tc><w:tc><w:tcPr><w:tcW w:w="2430" w:type="dxa"/></w:tcPr><w:p w14:paraId="42BFC862" w14:textId="77777777" w:rsidR="00ED3347" w:rsidRDefault="00ED3347"><w:pPr><w:spacing w:line="180" w:lineRule="exact"/><w:rPr><w:snapToGrid w:val="0"/><w:sz w:val="14"/></w:rPr></w:pPr><w:r><w:rPr><w:snapToGrid w:val="0"/><w:sz w:val="14"/></w:rPr><w:t>Phone Number</w:t></w:r></w:p><w:p w14:paraId="527735DC" w14:textId="77777777" w:rsidR="00ED3347" w:rsidRDefault="00ED3347"><w:pPr><w:spacing w:line="240" w:lineRule="auto"/><w:rPr><w:snapToGrid w:val="0"/><w:sz w:val="14"/></w:rPr></w:pPr><w:r w:rsidRPr="006C0E79"><w:rPr><w:rFonts w:ascii="Times New Roman" w:hAnsi="Times New Roman"/><w:noProof/></w:rPr><w:t>262.641.3715</w:t></w:r></w:p></w:tc></w:tr><w:tr w:rsidR="00ED3347" w14:paraId="47B09474" w14:textId="77777777"><w:trPr><w:cantSplit/><w:trHeight w:val="720"/></w:trPr><w:tc><w:tcPr><w:tcW w:w="1200" w:type="dxa"/><w:tcBorders><w:top w:val="nil"/><w:left w:val="nil"/><w:bottom w:val="nil"/></w:tcBorders></w:tcPr><w:p w14:paraId="17743326" w14:textId="77777777" w:rsidR="00ED3347" w:rsidRDefault="00ED3347"><w:pPr><w:rPr><w:snapToGrid w:val="0"/></w:rPr></w:pPr></w:p></w:tc><w:tc><w:tcPr><w:tcW w:w="6000" w:type="dxa"/></w:tcPr><w:p w14:paraId="5FDAF6C5" w14:textId="77777777" w:rsidR="00ED3347" w:rsidRDefault="00ED3347"><w:pPr><w:spacing w:line="180" w:lineRule="exact"/><w:rPr><w:snapToGrid w:val="0"/><w:sz w:val="14"/></w:rPr></w:pPr><w:r><w:rPr><w:snapToGrid w:val="0"/><w:sz w:val="14"/></w:rPr><w:t>Address</w:t></w:r></w:p><w:p w14:paraId="6E39C5B8" w14:textId="5E480BF5" w:rsidR="00ED3347" w:rsidRPr="006C0E79" w:rsidRDefault="00ED3347" w:rsidP="00347DCD"><w:pPr><w:rPr><w:rFonts w:ascii="Times New Roman" w:hAnsi="Times New Roman"/><w:noProof/></w:rPr></w:pPr><w:r w:rsidRPr="006C0E79"><w:rPr><w:rFonts w:ascii="Times New Roman" w:hAnsi="Times New Roman"/><w:noProof/></w:rPr><w:t>225 S</w:t></w:r><w:r w:rsidR="00BD045B"><w:rPr><w:rFonts w:ascii="Times New Roman" w:hAnsi="Times New Roman"/><w:noProof/></w:rPr><w:t xml:space="preserve"> EXECUTIVE DR</w:t></w:r></w:p><w:p w14:paraId="39632219" w14:textId="23E3AC95" w:rsidR="00ED3347" w:rsidRDefault="00BD045B" w:rsidP="00347DCD"><w:pPr><w:rPr><w:snapToGrid w:val="0"/><w:sz w:val="14"/></w:rPr></w:pPr><w:r><w:rPr><w:rFonts w:ascii="Times New Roman" w:hAnsi="Times New Roman"/><w:noProof/></w:rPr><w:t>BROOKFIELD WI 53005</w:t></w:r></w:p></w:tc><w:tc><w:tcPr><w:tcW w:w="2430" w:type="dxa"/></w:tcPr><w:p w14:paraId="2B1FF578" w14:textId="77777777" w:rsidR="00ED3347" w:rsidRDefault="00ED3347"><w:pPr><w:spacing w:line="180" w:lineRule="exact"/><w:rPr><w:snapToGrid w:val="0"/><w:sz w:val="14"/></w:rPr></w:pPr><w:r><w:rPr><w:snapToGrid w:val="0"/><w:sz w:val="14"/></w:rPr><w:t>State Bar Number</w:t></w:r></w:p><w:p w14:paraId="0418D503" w14:textId="15343005" w:rsidR="00ED3347" w:rsidRPr="00EC4B4A" w:rsidRDefault="00BD045B" w:rsidP="008F2DA0"><w:pPr><w:rPr><w:rFonts w:ascii="Times New Roman" w:hAnsi="Times New Roman"/><w:bCs/><w:snapToGrid w:val="0"/></w:rPr></w:pPr><w:r><w:rPr><w:rFonts w:ascii="Times New Roman" w:hAnsi="Times New Roman"/><w:bCs/><w:noProof/></w:rPr><w:t>ATTYBAR</w:t></w:r></w:p></w:tc></w:tr></w:tbl><w:p w14:paraId="5C3C011A" w14:textId="77777777" w:rsidR="00ED3347" w:rsidRDefault="00ED3347"><w:pPr><w:keepNext/><w:keepLines/><w:ind w:left="720" w:right="806"/><w:rPr><w:b/><w:snapToGrid w:val="0"/><w:color w:val="000000"/></w:rPr></w:pPr></w:p><w:tbl><w:tblPr><w:tblW w:w="0" w:type="auto"/><w:jc w:val="center"/><w:tblLayout w:type="fixed"/><w:tblLook w:val="0000" w:firstRow="0" w:lastRow="0" w:firstColumn="0" w:lastColumn="0" w:noHBand="0" w:noVBand="0"/></w:tblPr><w:tblGrid><w:gridCol w:w="5299"/><w:gridCol w:w="5102"/></w:tblGrid><w:tr w:rsidR="00ED3347" w14:paraId="55560A8B" w14:textId="77777777"><w:trPr><w:cantSplit/><w:trHeight w:val="240"/><w:jc w:val="center"/></w:trPr><w:tc><w:tcPr><w:tcW w:w="5299" w:type="dxa"/><w:vMerge w:val="restart"/></w:tcPr><w:p w14:paraId="05032FEB" w14:textId="77777777" w:rsidR="00ED3347" w:rsidRDefault="00ED3347"><w:pPr><w:keepNext/><w:keepLines/><w:tabs><w:tab w:val="left" w:pos="1091"/></w:tabs><w:ind w:left="371" w:hanging="371"/></w:pPr></w:p><w:p w14:paraId="66520C4E" w14:textId="77777777" w:rsidR="00ED3347" w:rsidRDefault="00ED3347"><w:pPr><w:keepNext/><w:keepLines/><w:tabs><w:tab w:val="left" w:pos="360"/><w:tab w:val="right" w:leader="underscore" w:pos="2340"/></w:tabs><w:rPr><w:sz w:val="16"/></w:rPr></w:pPr></w:p></w:tc><w:tc><w:tcPr><w:tcW w:w="5102" w:type="dxa"/><w:vMerge w:val="restart"/></w:tcPr><w:p w14:paraId="74AF068B" w14:textId="77777777" w:rsidR="00ED3347" w:rsidRDefault="00ED3347"><w:pPr><w:keepNext/><w:keepLines/></w:pPr></w:p><w:p w14:paraId="799AE626" w14:textId="74F547DF" w:rsidR="00ED3347" w:rsidRDefault="00ED3347"><w:pPr><w:keepNext/><w:keepLines/><w:tabs><w:tab w:val="left" w:pos="4886"/></w:tabs><w:rPr><w:u w:val="single"/></w:rPr></w:pPr><w:r><w:rPr><w:rFonts w:ascii="Times New Roman" w:hAnsi="Times New Roman"/><w:u w:val="single"/></w:rPr><w:t xml:space="preserve">Electronically Signed by </w:t></w:r><w:r w:rsidR="00BD045B"><w:rPr><w:rFonts w:ascii="Times New Roman" w:hAnsi="Times New Roman"/><w:u w:val="single"/></w:rPr><w:t>ATTYNAME</w:t></w:r><w:r><w:rPr><w:u w:val="single"/></w:rPr><w:tab/></w:r></w:p><w:p w14:paraId="467C301F" w14:textId="77777777" w:rsidR="00ED3347" w:rsidRDefault="00ED3347"><w:pPr><w:pStyle w:val="Caption1"/><w:keepNext/><w:keepLines/><w:tabs><w:tab w:val="center" w:pos="2734"/></w:tabs></w:pPr><w:r><w:tab/><w:t>Creditor or Creditor’s Attorney</w:t></w:r></w:p><w:p w14:paraId="254EF9E4" w14:textId="013E33B8" w:rsidR="00ED3347" w:rsidRPr="00ED3347" w:rsidRDefault="00BD045B"><w:pPr><w:pStyle w:val="FormField"/><w:keepNext/><w:keepLines/><w:tabs><w:tab w:val="left" w:pos="4886"/></w:tabs></w:pPr><w:r><w:rPr><w:color w:val="000000"/></w:rPr><w:t>ATTYNAME</w:t></w:r><w:r w:rsidR="00ED3347" w:rsidRPr="00ED3347"><w:tab/></w:r></w:p><w:p w14:paraId="61D5777E" w14:textId="77777777" w:rsidR="00ED3347" w:rsidRDefault="00ED3347"><w:pPr><w:pStyle w:val="Caption1"/><w:keepNext/><w:keepLines/><w:tabs><w:tab w:val="center" w:pos="2734"/></w:tabs></w:pPr><w:r><w:tab/><w:t>Name Printed or Typed</w:t></w:r></w:p></w:tc></w:tr><w:tr w:rsidR="00ED3347" w14:paraId="36380A9A" w14:textId="77777777"><w:trPr><w:cantSplit/><w:trHeight w:val="240"/><w:jc w:val="center"/></w:trPr><w:tc><w:tcPr><w:tcW w:w="5299" w:type="dxa"/><w:vMerge/><w:vAlign w:val="bottom"/></w:tcPr><w:p w14:paraId="60DF544E" w14:textId="77777777" w:rsidR="00ED3347" w:rsidRDefault="00ED3347"><w:pPr><w:keepNext/><w:keepLines/><w:tabs><w:tab w:val="left" w:pos="360"/><w:tab w:val="right" w:leader="underscore" w:pos="2340"/></w:tabs></w:pPr></w:p></w:tc><w:tc><w:tcPr><w:tcW w:w="5102" w:type="dxa"/><w:vMerge/></w:tcPr><w:p w14:paraId="72B21E0F" w14:textId="77777777" w:rsidR="00ED3347" w:rsidRDefault="00ED3347"><w:pPr><w:pStyle w:val="Caption1"/><w:keepNext/><w:keepLines/><w:tabs><w:tab w:val="center" w:pos="2734"/></w:tabs><w:rPr><w:b/></w:rPr></w:pPr></w:p></w:tc></w:tr><w:tr w:rsidR="00ED3347" w14:paraId="55452A72" w14:textId="77777777"><w:trPr><w:cantSplit/><w:trHeight w:val="240"/><w:jc w:val="center"/></w:trPr><w:tc><w:tcPr><w:tcW w:w="5299" w:type="dxa"/><w:vMerge/><w:vAlign w:val="bottom"/></w:tcPr><w:p w14:paraId="1EFB982E" w14:textId="77777777" w:rsidR="00ED3347" w:rsidRDefault="00ED3347"><w:pPr><w:keepNext/><w:keepLines/><w:tabs><w:tab w:val="left" w:pos="360"/><w:tab w:val="right" w:leader="underscore" w:pos="2340"/></w:tabs></w:pPr></w:p></w:tc><w:tc><w:tcPr><w:tcW w:w="5102" w:type="dxa"/><w:vMerge/></w:tcPr><w:p w14:paraId="3509D535" w14:textId="77777777" w:rsidR="00ED3347" w:rsidRDefault="00ED3347"><w:pPr><w:pStyle w:val="Caption1"/><w:keepNext/><w:keepLines/><w:tabs><w:tab w:val="center" w:pos="2734"/></w:tabs></w:pPr></w:p></w:tc></w:tr><w:tr w:rsidR="00ED3347" w14:paraId="4FB8742C" w14:textId="77777777"><w:trPr><w:cantSplit/><w:jc w:val="center"/></w:trPr><w:tc><w:tcPr><w:tcW w:w="5299" w:type="dxa"/><w:vMerge/></w:tcPr><w:p w14:paraId="597A293C" w14:textId="77777777" w:rsidR="00ED3347" w:rsidRDefault="00ED3347"><w:pPr><w:keepNext/><w:keepLines/></w:pPr></w:p></w:tc><w:tc><w:tcPr><w:tcW w:w="5102" w:type="dxa"/><w:vAlign w:val="bottom"/></w:tcPr><w:p w14:paraId="3E8CCA20" w14:textId="1793A91A" w:rsidR="00ED3347" w:rsidRDefault="00BD045B"><w:pPr><w:pStyle w:val="FormField"/><w:keepNext/><w:keepLines/><w:tabs><w:tab w:val="left" w:pos="4886"/></w:tabs></w:pPr><w:r><w:t>DATEFIELD</w:t></w:r><w:r w:rsidR="00ED3347"><w:tab/></w:r></w:p><w:p w14:paraId="3A32F39C" w14:textId="77777777" w:rsidR="00ED3347" w:rsidRDefault="00ED3347"><w:pPr><w:pStyle w:val="Caption1"/><w:keepNext/><w:keepLines/><w:tabs><w:tab w:val="center" w:pos="2734"/></w:tabs></w:pPr><w:r><w:tab/><w:t>Date</w:t></w:r></w:p></w:tc></w:tr></w:tbl><w:p w14:paraId="724DA747" w14:textId="77777777" w:rsidR="00ED3347" w:rsidRDefault="00ED3347"><w:pPr><w:pStyle w:val="Header"/><w:keepNext/><w:keepLines/><w:tabs><w:tab w:val="clear" w:pos="4320"/><w:tab w:val="clear" w:pos="8640"/></w:tabs><w:spacing w:line="20" w:lineRule="exact"/></w:pPr></w:p><w:sectPr w:rsidR="00ED3347"><w:headerReference w:type="even" r:id="rId7"/><w:headerReference w:type="default" r:id="rId8"/><w:footerReference w:type="default" r:id="rId9"/><w:headerReference w:type="first" r:id="rId10"/><w:footerReference w:type="first" r:id="rId11"/><w:type w:val="continuous"/><w:pgSz w:w="12240" w:h="15840"/><w:pgMar w:top="1008" w:right="936" w:bottom="1080" w:left="936" w:header="864" w:footer="432" w:gutter="0"/><w:cols w:space="720"/><w:titlePg/></w:sectPr></w:body></w:document>