<?xml version="1.0" encoding="UTF-8" standalone="yes"?>
<w:document xmlns:wpc="http://schemas.microsoft.com/office/word/2010/wordprocessingCanvas" xmlns:cx="http://schemas.microsoft.com/office/drawing/2014/chartex" xmlns:cx1="http://schemas.microsoft.com/office/drawing/2015/9/8/chartex" xmlns:cx2="http://schemas.microsoft.com/office/drawing/2015/10/21/chartex" xmlns:cx3="http://schemas.microsoft.com/office/drawing/2016/5/9/chartex" xmlns:cx4="http://schemas.microsoft.com/office/drawing/2016/5/10/chartex" xmlns:cx5="http://schemas.microsoft.com/office/drawing/2016/5/11/chartex" xmlns:cx6="http://schemas.microsoft.com/office/drawing/2016/5/12/chartex" xmlns:cx7="http://schemas.microsoft.com/office/drawing/2016/5/13/chartex" xmlns:cx8="http://schemas.microsoft.com/office/drawing/2016/5/14/chartex" xmlns:mc="http://schemas.openxmlformats.org/markup-compatibility/2006" xmlns:aink="http://schemas.microsoft.com/office/drawing/2016/ink" xmlns:am3d="http://schemas.microsoft.com/office/drawing/2017/model3d" xmlns:o="urn:schemas-microsoft-com:office:office" xmlns:r="http://schemas.openxmlformats.org/officeDocument/2006/relationships" xmlns:m="http://schemas.openxmlformats.org/officeDocument/2006/math" xmlns:v="urn:schemas-microsoft-com:vml" xmlns:wp14="http://schemas.microsoft.com/office/word/2010/wordprocessingDrawing" xmlns:wp="http://schemas.openxmlformats.org/drawingml/2006/wordprocessingDrawing" xmlns:w10="urn:schemas-microsoft-com:office:word" xmlns:w="http://schemas.openxmlformats.org/wordprocessingml/2006/main" xmlns:w14="http://schemas.microsoft.com/office/word/2010/wordml" xmlns:w15="http://schemas.microsoft.com/office/word/2012/wordml" xmlns:w16cid="http://schemas.microsoft.com/office/word/2016/wordml/cid" xmlns:w16se="http://schemas.microsoft.com/office/word/2015/wordml/symex" xmlns:wpg="http://schemas.microsoft.com/office/word/2010/wordprocessingGroup" xmlns:wpi="http://schemas.microsoft.com/office/word/2010/wordprocessingInk" xmlns:wne="http://schemas.microsoft.com/office/word/2006/wordml" xmlns:wps="http://schemas.microsoft.com/office/word/2010/wordprocessingShape" mc:Ignorable="w14 w15 w16se w16cid wp14"><w:body><w:p w14:paraId="6CC32454" w14:textId="77777777" w:rsidR="007C277E" w:rsidRDefault="007C277E"/><w:p w14:paraId="1555984A" w14:textId="77777777" w:rsidR="007C277E" w:rsidRDefault="007C277E" w:rsidP="007D640D"/><w:p w14:paraId="0FC00668" w14:textId="77777777" w:rsidR="007C277E" w:rsidRDefault="007C277E" w:rsidP="007D640D"/><w:p w14:paraId="54C28E1C" w14:textId="77777777" w:rsidR="007C277E" w:rsidRDefault="007C277E" w:rsidP="007D640D"/><w:p w14:paraId="46D2A934" w14:textId="085B1351" w:rsidR="007C277E" w:rsidRPr="00D34AC3" w:rsidRDefault="008015D9" w:rsidP="007D640D"><w:r><w:t>DATEFIELD</w:t></w:r></w:p><w:p w14:paraId="1AB21259" w14:textId="77777777" w:rsidR="007C277E" w:rsidRPr="00D34AC3" w:rsidRDefault="007C277E" w:rsidP="007D640D"/><w:p w14:paraId="3C76ADBC" w14:textId="77777777" w:rsidR="007C277E" w:rsidRPr="00D34AC3" w:rsidRDefault="007C277E" w:rsidP="007D640D"/><w:p w14:paraId="2FF3D120" w14:textId="66195401" w:rsidR="007C277E" w:rsidRPr="00D34AC3" w:rsidRDefault="008015D9" w:rsidP="007D640D"><w:r><w:rPr><w:noProof/></w:rPr><w:t>EMPLOYERNAME1</w:t></w:r></w:p><w:p w14:paraId="37AA8B92" w14:textId="77777777" w:rsidR="007C277E" w:rsidRPr="00D34AC3" w:rsidRDefault="007C277E" w:rsidP="007D640D"><w:r w:rsidRPr="00D34AC3"><w:t>Attn: Payroll/Garnishments</w:t></w:r></w:p><w:p w14:paraId="24B93CCD" w14:textId="0F9E5D12" w:rsidR="007C277E" w:rsidRDefault="008015D9" w:rsidP="007D640D"><w:r><w:rPr><w:noProof/></w:rPr><w:t>ERADD1</w:t></w:r></w:p><w:p w14:paraId="715E595D" w14:textId="33B6DB50" w:rsidR="007C277E" w:rsidRPr="00D34AC3" w:rsidRDefault="008015D9" w:rsidP="007D640D"><w:r><w:rPr><w:noProof/></w:rPr><w:t>ERADD2</w:t></w:r></w:p><w:p w14:paraId="4B973D45" w14:textId="77777777" w:rsidR="007C277E" w:rsidRDefault="007C277E" w:rsidP="007D640D"><w:r><w:tab/></w:r></w:p><w:p w14:paraId="04165CE8" w14:textId="77777777" w:rsidR="007C277E" w:rsidRDefault="007C277E" w:rsidP="007D640D"/><w:p w14:paraId="68F6E5C7" w14:textId="77777777" w:rsidR="007C277E" w:rsidRDefault="007C277E" w:rsidP="007D640D"><w:pPr><w:ind w:firstLine="720"/></w:pPr></w:p><w:p w14:paraId="62D9F7A8" w14:textId="77777777" w:rsidR="007C277E" w:rsidRDefault="007C277E" w:rsidP="007D640D"><w:pPr><w:ind w:firstLine="720"/></w:pPr></w:p><w:p w14:paraId="5EFEC53E" w14:textId="21873837" w:rsidR="007C277E" w:rsidRPr="00CD502A" w:rsidRDefault="007C277E" w:rsidP="00A366F4"><w:pPr><w:ind w:left="1440" w:hanging="720"/><w:rPr><w:highlight w:val="yellow"/></w:rPr></w:pPr><w:r><w:t xml:space="preserve">RE: </w:t></w:r><w:r><w:tab/></w:r><w:r w:rsidR="008015D9"><w:rPr><w:noProof/></w:rPr><w:t>CREDNAME</w:t></w:r><w:r><w:rPr><w:b/></w:rPr><w:t xml:space="preserve"> </w:t></w:r><w:r w:rsidRPr="00D34AC3"><w:t xml:space="preserve">v. </w:t></w:r><w:r w:rsidR="008015D9"><w:rPr><w:noProof/></w:rPr><w:t>DEBTORNAME</w:t></w:r><w:r w:rsidRPr="00D34AC3"><w:t xml:space="preserve"> </w:t></w:r><w:r><w:t>(</w:t></w:r><w:r w:rsidR="008015D9"><w:rPr><w:noProof/></w:rPr><w:t>SOCIAL</w:t></w:r><w:r><w:t>)</w:t></w:r></w:p><w:p w14:paraId="6EE1B3DD" w14:textId="383CB79D" w:rsidR="007C277E" w:rsidRDefault="007C277E" w:rsidP="00F838C8"><w:pPr><w:tabs><w:tab w:val="left" w:pos="720"/><w:tab w:val="left" w:pos="1440"/><w:tab w:val="left" w:pos="2160"/><w:tab w:val="left" w:pos="2880"/><w:tab w:val="left" w:pos="3600"/><w:tab w:val="left" w:pos="4320"/><w:tab w:val="left" w:pos="5040"/><w:tab w:val="left" w:pos="5835"/></w:tabs></w:pPr><w:r w:rsidRPr="00AB6B01"><w:tab/></w:r><w:r w:rsidRPr="00AB6B01"><w:tab/></w:r><w:r w:rsidR="008015D9"><w:rPr><w:bCs/><w:noProof/></w:rPr><w:t>JCOUNTY</w:t></w:r><w:r w:rsidRPr="00AB6B01"><w:t xml:space="preserve"> County Case No.: </w:t></w:r><w:r w:rsidR="008015D9"><w:rPr><w:noProof/></w:rPr><w:t>CASENO</w:t></w:r><w:bookmarkStart w:id="0" w:name="_GoBack"/><w:bookmarkEnd w:id="0"/></w:p><w:p w14:paraId="63BE050B" w14:textId="77777777" w:rsidR="007C277E" w:rsidRDefault="007C277E" w:rsidP="007D640D"><w:r><w:tab/></w:r><w:r><w:tab/></w:r></w:p><w:p w14:paraId="0BD4563C" w14:textId="77777777" w:rsidR="007C277E" w:rsidRDefault="007C277E" w:rsidP="007D640D"/><w:p w14:paraId="6BFCEA1A" w14:textId="77777777" w:rsidR="007C277E" w:rsidRDefault="007C277E" w:rsidP="007D640D"><w:r><w:t>Dear Payroll Department:</w:t></w:r></w:p><w:p w14:paraId="60ADCB06" w14:textId="77777777" w:rsidR="007C277E" w:rsidRDefault="007C277E" w:rsidP="007D640D"/><w:p w14:paraId="06528E75" w14:textId="6C48D5C9" w:rsidR="007C277E" w:rsidRDefault="007C277E" w:rsidP="007D640D"><w:r><w:t xml:space="preserve">Enclosed please find the documents necessary to file an earnings garnishment in this matter. Also enclosed is a $15.00 check for </w:t></w:r><w:r w:rsidR="008015D9"><w:rPr><w:noProof/></w:rPr><w:t>EMPLOYERNAME1</w:t></w:r><w:r><w:t xml:space="preserve">. Please mail the garnishment answer, checks, and any other correspondence to </w:t></w:r><w:proofErr w:type="spellStart"/><w:r><w:t>Dobberstein</w:t></w:r><w:proofErr w:type="spellEnd"/><w:r><w:t xml:space="preserve"> Law Firm at 225 S. Executive Dr., Suite 201, </w:t></w:r><w:smartTag w:uri="urn:schemas-microsoft-com:office:smarttags" w:element="City"><w:r><w:t>Brookfield</w:t></w:r></w:smartTag><w:r><w:t xml:space="preserve">, </w:t></w:r><w:smartTag w:uri="urn:schemas-microsoft-com:office:smarttags" w:element="State"><w:r><w:t>WI</w:t></w:r></w:smartTag><w:r><w:t xml:space="preserve">  </w:t></w:r><w:smartTag w:uri="urn:schemas-microsoft-com:office:smarttags" w:element="PostalCode"><w:r><w:t>53005</w:t></w:r></w:smartTag><w:r><w:t>.</w:t></w:r><w:r w:rsidRPr="00AC06A6"><w:t xml:space="preserve"> </w:t></w:r><w:r><w:t xml:space="preserve">Should you have any questions, please contact us at 262-641-3715. </w:t></w:r></w:p><w:p w14:paraId="282FD9D9" w14:textId="77777777" w:rsidR="007C277E" w:rsidRDefault="007C277E" w:rsidP="007D640D"/><w:p w14:paraId="4EC52E47" w14:textId="77777777" w:rsidR="007C277E" w:rsidRDefault="007C277E" w:rsidP="007D640D"><w:r><w:t xml:space="preserve">I appreciate your time and attention in this matter. </w:t></w:r></w:p><w:p w14:paraId="7D8D2877" w14:textId="77777777" w:rsidR="007C277E" w:rsidRDefault="007C277E" w:rsidP="007D640D"/><w:p w14:paraId="2B5652CB" w14:textId="77777777" w:rsidR="007C277E" w:rsidRDefault="007C277E" w:rsidP="007D640D"/><w:p w14:paraId="29B30F70" w14:textId="77777777" w:rsidR="007C277E" w:rsidRDefault="007C277E" w:rsidP="007D640D"/><w:p w14:paraId="5563FF6C" w14:textId="77777777" w:rsidR="007C277E" w:rsidRDefault="007C277E" w:rsidP="007D640D"><w:r><w:t>Very truly yours,</w:t></w:r></w:p><w:p w14:paraId="784AB3DD" w14:textId="77777777" w:rsidR="007C277E" w:rsidRDefault="007C277E" w:rsidP="007D640D"/><w:p w14:paraId="64E3191F" w14:textId="77777777" w:rsidR="007C277E" w:rsidRDefault="007C277E" w:rsidP="007D640D"/><w:p w14:paraId="7747B391" w14:textId="77777777" w:rsidR="007C277E" w:rsidRPr="006629C0" w:rsidRDefault="007C277E" w:rsidP="007D640D"><w:pPr><w:rPr><w:szCs w:val="20"/></w:rPr></w:pPr><w:r><w:t xml:space="preserve">Kevin E. </w:t></w:r><w:proofErr w:type="spellStart"/><w:r><w:t>Skogg</w:t></w:r><w:proofErr w:type="spellEnd"/><w:r w:rsidRPr="0038797C"><w:rPr><w:szCs w:val="20"/></w:rPr><w:t>, Esq.</w:t></w:r></w:p><w:p w14:paraId="14C0C4CE" w14:textId="77777777" w:rsidR="007C277E" w:rsidRDefault="007C277E" w:rsidP="007D640D"/><w:p w14:paraId="424AC184" w14:textId="77777777" w:rsidR="007C277E" w:rsidRDefault="007C277E" w:rsidP="007D640D"/><w:p w14:paraId="48EEC503" w14:textId="77777777" w:rsidR="007C277E" w:rsidRDefault="007C277E" w:rsidP="007D640D"/><w:p w14:paraId="0B08D8B0" w14:textId="77777777" w:rsidR="007C277E" w:rsidRDefault="007C277E" w:rsidP="007D640D"/><w:p w14:paraId="6D6D8E2F" w14:textId="77777777" w:rsidR="007C277E" w:rsidRDefault="007C277E" w:rsidP="007D640D"/><w:p w14:paraId="1EF48E66" w14:textId="77777777" w:rsidR="007C277E" w:rsidRDefault="007C277E" w:rsidP="007D640D"/><w:p w14:paraId="27079322" w14:textId="77777777" w:rsidR="007C277E" w:rsidRDefault="007C277E" w:rsidP="007D640D"/><w:p w14:paraId="68A43C0B" w14:textId="77777777" w:rsidR="007C277E" w:rsidRDefault="007C277E"><w:r><w:t xml:space="preserve">NOTICE:  This communication is an attempt to collect a debt and any information obtained will be used for that purpose. </w:t></w:r></w:p><w:sectPr w:rsidR="007C277E" w:rsidSect="006D530E"><w:headerReference w:type="even" r:id="rId6"/><w:headerReference w:type="default" r:id="rId7"/><w:footerReference w:type="even" r:id="rId8"/><w:footerReference w:type="default" r:id="rId9"/><w:headerReference w:type="first" r:id="rId10"/><w:footerReference w:type="first" r:id="rId11"/><w:pgSz w:w="12240" w:h="15840"/><w:pgMar w:top="1440" w:right="1800" w:bottom="1440" w:left="1800" w:header="720" w:footer="720" w:gutter="0"/><w:cols w:space="720"/><w:titlePg/><w:docGrid w:linePitch="360"/></w:sectPr></w:body></w:document>