<?xml version="1.0" encoding="UTF-8" standalone="yes"?>
<w:ftr xmlns:wpc="http://schemas.microsoft.com/office/word/2010/wordprocessingCanvas" xmlns:cx="http://schemas.microsoft.com/office/drawing/2014/chartex" xmlns:cx1="http://schemas.microsoft.com/office/drawing/2015/9/8/chartex" xmlns:cx2="http://schemas.microsoft.com/office/drawing/2015/10/21/chartex" xmlns:cx3="http://schemas.microsoft.com/office/drawing/2016/5/9/chartex" xmlns:cx4="http://schemas.microsoft.com/office/drawing/2016/5/10/chartex" xmlns:cx5="http://schemas.microsoft.com/office/drawing/2016/5/11/chartex" xmlns:cx6="http://schemas.microsoft.com/office/drawing/2016/5/12/chartex" xmlns:cx7="http://schemas.microsoft.com/office/drawing/2016/5/13/chartex" xmlns:cx8="http://schemas.microsoft.com/office/drawing/2016/5/14/chartex" xmlns:mc="http://schemas.openxmlformats.org/markup-compatibility/2006" xmlns:aink="http://schemas.microsoft.com/office/drawing/2016/ink" xmlns:am3d="http://schemas.microsoft.com/office/drawing/2017/model3d" xmlns:o="urn:schemas-microsoft-com:office:office" xmlns:r="http://schemas.openxmlformats.org/officeDocument/2006/relationships" xmlns:m="http://schemas.openxmlformats.org/officeDocument/2006/math" xmlns:v="urn:schemas-microsoft-com:vml" xmlns:wp14="http://schemas.microsoft.com/office/word/2010/wordprocessingDrawing" xmlns:wp="http://schemas.openxmlformats.org/drawingml/2006/wordprocessingDrawing" xmlns:w10="urn:schemas-microsoft-com:office:word" xmlns:w="http://schemas.openxmlformats.org/wordprocessingml/2006/main" xmlns:w14="http://schemas.microsoft.com/office/word/2010/wordml" xmlns:w15="http://schemas.microsoft.com/office/word/2012/wordml" xmlns:w16cid="http://schemas.microsoft.com/office/word/2016/wordml/cid" xmlns:w16se="http://schemas.microsoft.com/office/word/2015/wordml/symex" xmlns:wpg="http://schemas.microsoft.com/office/word/2010/wordprocessingGroup" xmlns:wpi="http://schemas.microsoft.com/office/word/2010/wordprocessingInk" xmlns:wne="http://schemas.microsoft.com/office/word/2006/wordml" xmlns:wps="http://schemas.microsoft.com/office/word/2010/wordprocessingShape" mc:Ignorable="w14 w15 w16se w16cid wp14"><w:tbl><w:tblPr><w:tblW w:w="10312" w:type="dxa"/><w:jc w:val="center"/><w:tblCellMar><w:left w:w="115" w:type="dxa"/><w:right w:w="115" w:type="dxa"/></w:tblCellMar><w:tblLook w:val="04A0" w:firstRow="1" w:lastRow="0" w:firstColumn="1" w:lastColumn="0" w:noHBand="0" w:noVBand="1"/></w:tblPr><w:tblGrid><w:gridCol w:w="10530"/></w:tblGrid><w:tr w:rsidR="00C1627E" w:rsidRPr="00C1627E" w14:paraId="7794D72E" w14:textId="77777777" w:rsidTr="006851BB"><w:trPr><w:trHeight w:val="318"/><w:jc w:val="center"/></w:trPr><w:tc><w:tcPr><w:tcW w:w="10312" w:type="dxa"/><w:shd w:val="clear" w:color="auto" w:fill="auto"/></w:tcPr><w:p w14:paraId="4A213902" w14:textId="77777777" w:rsidR="00C1627E" w:rsidRPr="00C1627E" w:rsidRDefault="00C1627E" w:rsidP="00C1627E"><w:pPr><w:rPr><w:rFonts w:ascii="Garamond" w:eastAsia="Garamond" w:hAnsi="Garamond" w:cs="Garamond"/><w:color w:val="716B6C"/><w:sz w:val="20"/><w:szCs w:val="20"/></w:rPr></w:pPr><w:r w:rsidRPr="00C1627E"><w:rPr><w:rFonts w:ascii="Garamond" w:eastAsia="Garamond" w:hAnsi="Garamond" w:cs="Garamond"/><w:color w:val="716B6C"/><w:sz w:val="20"/><w:szCs w:val="20"/></w:rPr><w:t>_______________________________________________________________________________________________________</w:t></w:r></w:p></w:tc></w:tr><w:tr w:rsidR="00C1627E" w:rsidRPr="00C1627E" w14:paraId="12E83C35" w14:textId="77777777" w:rsidTr="006851BB"><w:trPr><w:trHeight w:val="318"/><w:jc w:val="center"/></w:trPr><w:tc><w:tcPr><w:tcW w:w="10312" w:type="dxa"/><w:shd w:val="clear" w:color="auto" w:fill="auto"/></w:tcPr><w:p w14:paraId="240FF2F4" w14:textId="77777777" w:rsidR="00C1627E" w:rsidRPr="00C1627E" w:rsidRDefault="00C1627E" w:rsidP="006851BB"><w:pPr><w:ind w:left="223"/><w:rPr><w:rFonts w:ascii="Garamond" w:eastAsia="Garamond" w:hAnsi="Garamond" w:cs="Garamond"/><w:color w:val="716B6C"/><w:sz w:val="20"/><w:szCs w:val="20"/></w:rPr></w:pPr><w:r w:rsidRPr="00C1627E"><w:rPr><w:rFonts w:ascii="Garamond" w:eastAsia="Garamond" w:hAnsi="Garamond" w:cs="Garamond"/><w:color w:val="716B6C"/><w:sz w:val="20"/><w:szCs w:val="22"/></w:rPr><w:t>225 S. Executive Dr., Suite 201, Brookfield, WI 53005 |P: (262) 641-3715 |F: (262) 641-3714 | info@dlflaw.com | dlflaw.com</w:t></w:r></w:p></w:tc></w:tr></w:tbl><w:p w14:paraId="725A6E41" w14:textId="77777777" w:rsidR="00510424" w:rsidRDefault="00510424"><w:pPr><w:pStyle w:val="Footer"/></w:pPr></w:p></w:ftr>