<?xml version="1.0" encoding="UTF-8" standalone="yes"?>
<w:document xmlns:wpc="http://schemas.microsoft.com/office/word/2010/wordprocessingCanvas" xmlns:cx="http://schemas.microsoft.com/office/drawing/2014/chartex" xmlns:cx1="http://schemas.microsoft.com/office/drawing/2015/9/8/chartex" xmlns:cx2="http://schemas.microsoft.com/office/drawing/2015/10/21/chartex" xmlns:cx3="http://schemas.microsoft.com/office/drawing/2016/5/9/chartex" xmlns:cx4="http://schemas.microsoft.com/office/drawing/2016/5/10/chartex" xmlns:cx5="http://schemas.microsoft.com/office/drawing/2016/5/11/chartex" xmlns:cx6="http://schemas.microsoft.com/office/drawing/2016/5/12/chartex" xmlns:cx7="http://schemas.microsoft.com/office/drawing/2016/5/13/chartex" xmlns:cx8="http://schemas.microsoft.com/office/drawing/2016/5/14/chartex" xmlns:mc="http://schemas.openxmlformats.org/markup-compatibility/2006" xmlns:aink="http://schemas.microsoft.com/office/drawing/2016/ink" xmlns:am3d="http://schemas.microsoft.com/office/drawing/2017/model3d" xmlns:o="urn:schemas-microsoft-com:office:office" xmlns:r="http://schemas.openxmlformats.org/officeDocument/2006/relationships" xmlns:m="http://schemas.openxmlformats.org/officeDocument/2006/math" xmlns:v="urn:schemas-microsoft-com:vml" xmlns:wp14="http://schemas.microsoft.com/office/word/2010/wordprocessingDrawing" xmlns:wp="http://schemas.openxmlformats.org/drawingml/2006/wordprocessingDrawing" xmlns:w10="urn:schemas-microsoft-com:office:word" xmlns:w="http://schemas.openxmlformats.org/wordprocessingml/2006/main" xmlns:w14="http://schemas.microsoft.com/office/word/2010/wordml" xmlns:w15="http://schemas.microsoft.com/office/word/2012/wordml" xmlns:w16cid="http://schemas.microsoft.com/office/word/2016/wordml/cid" xmlns:w16se="http://schemas.microsoft.com/office/word/2015/wordml/symex" xmlns:wpg="http://schemas.microsoft.com/office/word/2010/wordprocessingGroup" xmlns:wpi="http://schemas.microsoft.com/office/word/2010/wordprocessingInk" xmlns:wne="http://schemas.microsoft.com/office/word/2006/wordml" xmlns:wps="http://schemas.microsoft.com/office/word/2010/wordprocessingShape" mc:Ignorable="w14 w15 w16se w16cid wp14"><w:body><w:tbl><w:tblPr><w:tblW w:w="10458" w:type="dxa"/><w:tblBorders><w:bottom w:val="single" w:sz="4" w:space="0" w:color="auto"/></w:tblBorders><w:tblLayout w:type="fixed"/><w:tblLook w:val="0000" w:firstRow="0" w:lastRow="0" w:firstColumn="0" w:lastColumn="0" w:noHBand="0" w:noVBand="0"/></w:tblPr><w:tblGrid><w:gridCol w:w="918"/><w:gridCol w:w="4320"/><w:gridCol w:w="2970"/><w:gridCol w:w="2250"/></w:tblGrid><w:tr w:rsidR="00A84873" w:rsidRPr="009A2172" w14:paraId="013DF61D" w14:textId="77777777" w:rsidTr="007A7BB6"><w:trPr><w:cantSplit/><w:trHeight w:val="240"/></w:trPr><w:tc><w:tcPr><w:tcW w:w="8208" w:type="dxa"/><w:gridSpan w:val="3"/><w:tcBorders><w:bottom w:val="single" w:sz="4" w:space="0" w:color="auto"/><w:right w:val="single" w:sz="4" w:space="0" w:color="auto"/></w:tcBorders><w:vAlign w:val="bottom"/></w:tcPr><w:p w14:paraId="62984168" w14:textId="28BEDB39" w:rsidR="00A84873" w:rsidRPr="003A6033" w:rsidRDefault="00A84873" w:rsidP="007A5790"><w:pPr><w:tabs><w:tab w:val="right" w:pos="8010"/></w:tabs><w:spacing w:after="40"/><w:rPr><w:b/><w:sz w:val="24"/><w:u w:val="single"/></w:rPr></w:pPr><w:r w:rsidRPr="003A6033"><w:rPr><w:b/></w:rPr><w:t>STATE OF WISCONSIN, CIRCUIT COURT,</w:t></w:r><w:r><w:rPr><w:b/><w:u w:val="single"/></w:rPr><w:t xml:space="preserve"> </w:t></w:r><w:r w:rsidR="002B3EEF"><w:rPr><w:b/><w:bCs/><w:noProof/><w:u w:val="single"/></w:rPr><w:t>JCOUNTY1</w:t></w:r><w:r><w:rPr><w:b/><w:u w:val="single"/></w:rPr><w:t xml:space="preserve">                    </w:t></w:r><w:r w:rsidRPr="00400B6E"><w:rPr><w:b/><w:u w:val="single"/></w:rPr><w:t xml:space="preserve">  </w:t></w:r><w:r w:rsidRPr="003A6033"><w:rPr><w:b/><w:u w:val="single"/></w:rPr><w:tab/></w:r><w:r w:rsidRPr="003A6033"><w:rPr><w:b/></w:rPr><w:t xml:space="preserve"> COUNTY</w:t></w:r></w:p></w:tc><w:tc><w:tcPr><w:tcW w:w="2250" w:type="dxa"/><w:vMerge w:val="restart"/><w:tcBorders><w:left w:val="single" w:sz="4" w:space="0" w:color="auto"/></w:tcBorders></w:tcPr><w:p w14:paraId="061225BA" w14:textId="77777777" w:rsidR="00A84873" w:rsidRPr="009A2172" w:rsidRDefault="00A84873" w:rsidP="00872FBE"><w:pPr><w:pStyle w:val="Heading3"/><w:rPr><w:sz w:val="18"/><w:szCs w:val="18"/></w:rPr></w:pPr></w:p></w:tc></w:tr><w:tr w:rsidR="00A84873" w:rsidRPr="003A6033" w14:paraId="76062A04" w14:textId="77777777" w:rsidTr="007A7BB6"><w:trPr><w:cantSplit/><w:trHeight w:val="287"/></w:trPr><w:tc><w:tcPr><w:tcW w:w="918" w:type="dxa"/><w:tcBorders><w:top w:val="nil"/><w:bottom w:val="nil"/></w:tcBorders></w:tcPr><w:p w14:paraId="41176A16" w14:textId="77777777" w:rsidR="00A84873" w:rsidRPr="003A6033" w:rsidRDefault="00A84873" w:rsidP="007A5790"><w:pPr><w:pStyle w:val="Header"/><w:ind w:right="-108"/><w:rPr><w:sz w:val="18"/></w:rPr></w:pPr></w:p></w:tc><w:tc><w:tcPr><w:tcW w:w="4320" w:type="dxa"/><w:tcBorders><w:top w:val="single" w:sz="4" w:space="0" w:color="auto"/><w:bottom w:val="nil"/></w:tcBorders></w:tcPr><w:p w14:paraId="3A4DA6A2" w14:textId="77777777" w:rsidR="00A84873" w:rsidRPr="003A6033" w:rsidRDefault="00A84873" w:rsidP="007A5790"><w:pPr><w:pStyle w:val="Header"/><w:tabs><w:tab w:val="left" w:pos="4860"/></w:tabs><w:ind w:left="-108"/><w:rPr><w:sz w:val="16"/></w:rPr></w:pPr></w:p></w:tc><w:tc><w:tcPr><w:tcW w:w="2970" w:type="dxa"/><w:vMerge w:val="restart"/><w:tcBorders><w:top w:val="nil"/><w:bottom w:val="nil"/><w:right w:val="single" w:sz="4" w:space="0" w:color="auto"/></w:tcBorders></w:tcPr><w:p w14:paraId="4FFE7595" w14:textId="77777777" w:rsidR="00A84873" w:rsidRPr="003A6033" w:rsidRDefault="00A84873"><w:pPr><w:pStyle w:val="Header"/><w:jc w:val="center"/><w:rPr><w:b/><w:sz w:val="24"/></w:rPr></w:pPr></w:p><w:p w14:paraId="6FF1C212" w14:textId="77777777" w:rsidR="00A84873" w:rsidRPr="003A6033" w:rsidRDefault="00A84873"><w:pPr><w:jc w:val="center"/><w:rPr><w:b/><w:sz w:val="24"/></w:rPr></w:pPr><w:r><w:rPr><w:b/><w:sz w:val="24"/></w:rPr><w:t>Earnings Garnishment</w:t></w:r></w:p><w:p w14:paraId="28AF30CA" w14:textId="77777777" w:rsidR="00A84873" w:rsidRPr="003A6033" w:rsidRDefault="00A84873"><w:pPr><w:tabs><w:tab w:val="left" w:pos="2934"/></w:tabs><w:ind w:left="-108"/><w:jc w:val="center"/><w:rPr><w:b/><w:sz w:val="24"/></w:rPr></w:pPr><w:r w:rsidRPr="003A6033"><w:rPr><w:b/><w:sz w:val="24"/></w:rPr><w:t xml:space="preserve"> </w:t></w:r></w:p></w:tc><w:tc><w:tcPr><w:tcW w:w="2250" w:type="dxa"/><w:vMerge/><w:tcBorders><w:left w:val="single" w:sz="4" w:space="0" w:color="auto"/></w:tcBorders></w:tcPr><w:p w14:paraId="63EF7FC9" w14:textId="77777777" w:rsidR="00A84873" w:rsidRPr="003A6033" w:rsidRDefault="00A84873"/></w:tc></w:tr><w:tr w:rsidR="00A84873" w:rsidRPr="003A6033" w14:paraId="5FCD1C33" w14:textId="77777777" w:rsidTr="007A7BB6"><w:trPr><w:cantSplit/><w:trHeight w:val="300"/></w:trPr><w:tc><w:tcPr><w:tcW w:w="918" w:type="dxa"/><w:tcBorders><w:top w:val="nil"/><w:bottom w:val="nil"/></w:tcBorders></w:tcPr><w:p w14:paraId="6586E026" w14:textId="77777777" w:rsidR="00A84873" w:rsidRPr="003A6033" w:rsidRDefault="00A84873" w:rsidP="007A5790"><w:pPr><w:pStyle w:val="Header"/><w:ind w:right="-108"/><w:rPr><w:sz w:val="16"/></w:rPr></w:pPr><w:r w:rsidRPr="003A6033"><w:rPr><w:sz w:val="16"/></w:rPr><w:t>Creditor:</w:t></w:r></w:p></w:tc><w:tc><w:tcPr><w:tcW w:w="4320" w:type="dxa"/><w:tcBorders><w:top w:val="nil"/><w:bottom w:val="nil"/></w:tcBorders></w:tcPr><w:p w14:paraId="02520606" w14:textId="1518C3A6" w:rsidR="00A84873" w:rsidRPr="003A6033" w:rsidRDefault="002B3EEF" w:rsidP="007A5790"><w:pPr><w:pStyle w:val="Header"/><w:tabs><w:tab w:val="clear" w:pos="4320"/><w:tab w:val="left" w:pos="4032"/><w:tab w:val="left" w:pos="4860"/></w:tabs><w:ind w:left="-108"/><w:rPr><w:rFonts w:ascii="Times New Roman" w:hAnsi="Times New Roman"/><w:u w:val="single"/></w:rPr></w:pPr><w:r><w:rPr><w:rFonts w:ascii="Times New Roman" w:hAnsi="Times New Roman"/><w:noProof/><w:u w:val="single"/></w:rPr><w:t>CREDNAME</w:t></w:r><w:r w:rsidR="00A84873" w:rsidRPr="006D0B82"><w:rPr><w:rFonts w:ascii="Times New Roman" w:hAnsi="Times New Roman"/><w:noProof/><w:u w:val="single"/></w:rPr><w:t xml:space="preserve"> </w:t></w:r><w:r w:rsidR="00A84873" w:rsidRPr="003A6033"><w:rPr><w:rFonts w:ascii="Times New Roman" w:hAnsi="Times New Roman"/><w:u w:val="single"/></w:rPr><w:tab/></w:r></w:p></w:tc><w:tc><w:tcPr><w:tcW w:w="2970" w:type="dxa"/><w:vMerge/><w:tcBorders><w:top w:val="nil"/><w:bottom w:val="nil"/><w:right w:val="single" w:sz="4" w:space="0" w:color="auto"/></w:tcBorders></w:tcPr><w:p w14:paraId="1FBDBD18" w14:textId="77777777" w:rsidR="00A84873" w:rsidRPr="003A6033" w:rsidRDefault="00A84873"><w:pPr><w:pStyle w:val="Header"/><w:rPr><w:b/><w:sz w:val="24"/></w:rPr></w:pPr></w:p></w:tc><w:tc><w:tcPr><w:tcW w:w="2250" w:type="dxa"/><w:vMerge/><w:tcBorders><w:left w:val="single" w:sz="4" w:space="0" w:color="auto"/></w:tcBorders></w:tcPr><w:p w14:paraId="4D0BFBF1" w14:textId="77777777" w:rsidR="00A84873" w:rsidRPr="003A6033" w:rsidRDefault="00A84873"/></w:tc></w:tr><w:tr w:rsidR="00A84873" w:rsidRPr="003A6033" w14:paraId="5A495211" w14:textId="77777777" w:rsidTr="007A7BB6"><w:trPr><w:cantSplit/><w:trHeight w:val="600"/></w:trPr><w:tc><w:tcPr><w:tcW w:w="918" w:type="dxa"/><w:tcBorders><w:top w:val="nil"/><w:bottom w:val="nil"/></w:tcBorders></w:tcPr><w:p w14:paraId="5ABFAD96" w14:textId="77777777" w:rsidR="00A84873" w:rsidRPr="003A6033" w:rsidRDefault="00A84873" w:rsidP="007A5790"><w:pPr><w:pStyle w:val="Header"/><w:ind w:right="-108"/><w:rPr><w:sz w:val="16"/></w:rPr></w:pPr><w:r w:rsidRPr="003A6033"><w:rPr><w:sz w:val="16"/></w:rPr><w:t>Address:</w:t></w:r></w:p></w:tc><w:tc><w:tcPr><w:tcW w:w="4320" w:type="dxa"/><w:tcBorders><w:top w:val="nil"/><w:bottom w:val="nil"/></w:tcBorders></w:tcPr><w:p w14:paraId="06734443" w14:textId="361709A3" w:rsidR="00A84873" w:rsidRPr="003A6033" w:rsidRDefault="002B3EEF" w:rsidP="007A5790"><w:pPr><w:pStyle w:val="Header"/><w:tabs><w:tab w:val="clear" w:pos="4320"/><w:tab w:val="left" w:pos="4032"/><w:tab w:val="left" w:pos="4860"/></w:tabs><w:ind w:left="-108"/><w:rPr><w:rFonts w:ascii="Times New Roman" w:hAnsi="Times New Roman"/><w:u w:val="single"/></w:rPr></w:pPr><w:r><w:rPr><w:rFonts w:ascii="Times New Roman" w:hAnsi="Times New Roman"/><w:noProof/><w:u w:val="single"/></w:rPr><w:t>CREDADD1</w:t></w:r><w:r w:rsidR="00A84873" w:rsidRPr="003A6033"><w:rPr><w:rFonts w:ascii="Times New Roman" w:hAnsi="Times New Roman"/><w:u w:val="single"/></w:rPr><w:tab/></w:r></w:p><w:p w14:paraId="3A507828" w14:textId="6514871D" w:rsidR="00A84873" w:rsidRPr="003A6033" w:rsidRDefault="002B3EEF" w:rsidP="007A5790"><w:pPr><w:pStyle w:val="Header"/><w:tabs><w:tab w:val="clear" w:pos="4320"/><w:tab w:val="left" w:pos="4032"/><w:tab w:val="left" w:pos="4860"/></w:tabs><w:ind w:left="-115"/><w:rPr><w:rFonts w:ascii="Times New Roman" w:hAnsi="Times New Roman"/></w:rPr></w:pPr><w:r><w:rPr><w:rFonts w:ascii="Times New Roman" w:hAnsi="Times New Roman"/><w:u w:val="single"/></w:rPr><w:t>CREDADD2</w:t></w:r><w:r w:rsidR="00A84873" w:rsidRPr="003A6033"><w:rPr><w:rFonts w:ascii="Times New Roman" w:hAnsi="Times New Roman"/><w:u w:val="single"/></w:rPr><w:tab/></w:r></w:p></w:tc><w:tc><w:tcPr><w:tcW w:w="2970" w:type="dxa"/><w:vMerge/><w:tcBorders><w:top w:val="nil"/><w:bottom w:val="nil"/><w:right w:val="single" w:sz="4" w:space="0" w:color="auto"/></w:tcBorders></w:tcPr><w:p w14:paraId="3C1E644F" w14:textId="77777777" w:rsidR="00A84873" w:rsidRPr="003A6033" w:rsidRDefault="00A84873"><w:pPr><w:pStyle w:val="Header"/><w:rPr><w:b/><w:sz w:val="24"/></w:rPr></w:pPr></w:p></w:tc><w:tc><w:tcPr><w:tcW w:w="2250" w:type="dxa"/><w:vMerge/><w:tcBorders><w:left w:val="single" w:sz="4" w:space="0" w:color="auto"/></w:tcBorders></w:tcPr><w:p w14:paraId="74FAF301" w14:textId="77777777" w:rsidR="00A84873" w:rsidRPr="003A6033" w:rsidRDefault="00A84873"/></w:tc></w:tr><w:tr w:rsidR="00A84873" w:rsidRPr="003A6033" w14:paraId="5EC3D573" w14:textId="77777777" w:rsidTr="007A7BB6"><w:trPr><w:cantSplit/><w:trHeight w:hRule="exact" w:val="120"/></w:trPr><w:tc><w:tcPr><w:tcW w:w="918" w:type="dxa"/></w:tcPr><w:p w14:paraId="49DE34CF" w14:textId="77777777" w:rsidR="00A84873" w:rsidRPr="003A6033" w:rsidRDefault="00A84873" w:rsidP="007A5790"><w:pPr><w:pStyle w:val="Header"/><w:tabs><w:tab w:val="clear" w:pos="4320"/><w:tab w:val="clear" w:pos="8640"/><w:tab w:val="left" w:pos="360"/></w:tabs><w:ind w:right="-108"/><w:rPr><w:sz w:val="16"/></w:rPr></w:pPr></w:p></w:tc><w:tc><w:tcPr><w:tcW w:w="4320" w:type="dxa"/></w:tcPr><w:p w14:paraId="6C9CD2D9" w14:textId="77777777" w:rsidR="00A84873" w:rsidRPr="003A6033" w:rsidRDefault="00A84873" w:rsidP="007A5790"><w:pPr><w:pStyle w:val="Header"/><w:tabs><w:tab w:val="clear" w:pos="4320"/><w:tab w:val="clear" w:pos="8640"/><w:tab w:val="left" w:pos="4032"/><w:tab w:val="left" w:pos="4860"/></w:tabs><w:ind w:left="-108"/><w:rPr><w:rFonts w:ascii="Times New Roman" w:hAnsi="Times New Roman"/><w:u w:val="single"/></w:rPr></w:pPr></w:p></w:tc><w:tc><w:tcPr><w:tcW w:w="2970" w:type="dxa"/><w:vMerge/><w:tcBorders><w:bottom w:val="nil"/><w:right w:val="single" w:sz="4" w:space="0" w:color="auto"/></w:tcBorders></w:tcPr><w:p w14:paraId="5751AD04" w14:textId="77777777" w:rsidR="00A84873" w:rsidRPr="003A6033" w:rsidRDefault="00A84873"><w:pPr><w:pStyle w:val="FormTitle"/></w:pPr></w:p></w:tc><w:tc><w:tcPr><w:tcW w:w="2250" w:type="dxa"/><w:vMerge/><w:tcBorders><w:left w:val="single" w:sz="4" w:space="0" w:color="auto"/></w:tcBorders></w:tcPr><w:p w14:paraId="736758BA" w14:textId="77777777" w:rsidR="00A84873" w:rsidRPr="003A6033" w:rsidRDefault="00A84873"/></w:tc></w:tr><w:tr w:rsidR="00A84873" w:rsidRPr="003A6033" w14:paraId="15520536" w14:textId="77777777" w:rsidTr="007A7BB6"><w:trPr><w:cantSplit/><w:trHeight w:val="300"/></w:trPr><w:tc><w:tcPr><w:tcW w:w="918" w:type="dxa"/></w:tcPr><w:p w14:paraId="19E07C9D" w14:textId="77777777" w:rsidR="00A84873" w:rsidRPr="003A6033" w:rsidRDefault="00A84873" w:rsidP="007A5790"><w:pPr><w:pStyle w:val="Header"/><w:tabs><w:tab w:val="clear" w:pos="4320"/><w:tab w:val="clear" w:pos="8640"/><w:tab w:val="left" w:pos="360"/></w:tabs><w:ind w:right="-108"/><w:rPr><w:sz w:val="16"/></w:rPr></w:pPr><w:r w:rsidRPr="003A6033"><w:rPr><w:sz w:val="16"/></w:rPr><w:t>Debtor:</w:t></w:r></w:p></w:tc><w:tc><w:tcPr><w:tcW w:w="4320" w:type="dxa"/></w:tcPr><w:p w14:paraId="541952B9" w14:textId="248F214D" w:rsidR="00A84873" w:rsidRPr="003A6033" w:rsidRDefault="002B3EEF" w:rsidP="007A5790"><w:pPr><w:pStyle w:val="Header"/><w:tabs><w:tab w:val="clear" w:pos="4320"/><w:tab w:val="clear" w:pos="8640"/><w:tab w:val="left" w:pos="4032"/><w:tab w:val="left" w:pos="4860"/></w:tabs><w:ind w:left="-108"/><w:rPr><w:rFonts w:ascii="Times New Roman" w:hAnsi="Times New Roman"/></w:rPr></w:pPr><w:r><w:rPr><w:rFonts w:ascii="Times New Roman" w:hAnsi="Times New Roman"/><w:noProof/><w:u w:val="single"/></w:rPr><w:t>DEBTORNAME</w:t></w:r><w:r w:rsidR="00A84873" w:rsidRPr="003A6033"><w:rPr><w:rFonts w:ascii="Times New Roman" w:hAnsi="Times New Roman"/><w:u w:val="single"/></w:rPr><w:tab/></w:r></w:p></w:tc><w:tc><w:tcPr><w:tcW w:w="2970" w:type="dxa"/><w:vMerge/><w:tcBorders><w:bottom w:val="nil"/><w:right w:val="single" w:sz="4" w:space="0" w:color="auto"/></w:tcBorders></w:tcPr><w:p w14:paraId="6A876C2E" w14:textId="77777777" w:rsidR="00A84873" w:rsidRPr="003A6033" w:rsidRDefault="00A84873"><w:pPr><w:pStyle w:val="FormTitle"/></w:pPr></w:p></w:tc><w:tc><w:tcPr><w:tcW w:w="2250" w:type="dxa"/><w:vMerge/><w:tcBorders><w:left w:val="single" w:sz="4" w:space="0" w:color="auto"/></w:tcBorders></w:tcPr><w:p w14:paraId="684E0CE8" w14:textId="77777777" w:rsidR="00A84873" w:rsidRPr="003A6033" w:rsidRDefault="00A84873"/></w:tc></w:tr><w:tr w:rsidR="00A84873" w:rsidRPr="003A6033" w14:paraId="2A27BC22" w14:textId="77777777" w:rsidTr="007A7BB6"><w:trPr><w:cantSplit/><w:trHeight w:val="600"/></w:trPr><w:tc><w:tcPr><w:tcW w:w="918" w:type="dxa"/></w:tcPr><w:p w14:paraId="069EB5CC" w14:textId="77777777" w:rsidR="00A84873" w:rsidRPr="003A6033" w:rsidRDefault="00A84873" w:rsidP="007A5790"><w:pPr><w:pStyle w:val="Header"/><w:tabs><w:tab w:val="clear" w:pos="4320"/><w:tab w:val="clear" w:pos="8640"/><w:tab w:val="left" w:pos="360"/></w:tabs><w:ind w:right="-108"/><w:rPr><w:sz w:val="16"/></w:rPr></w:pPr><w:r w:rsidRPr="003A6033"><w:rPr><w:sz w:val="16"/></w:rPr><w:t>Address:</w:t></w:r></w:p></w:tc><w:tc><w:tcPr><w:tcW w:w="4320" w:type="dxa"/></w:tcPr><w:p w14:paraId="11B10A09" w14:textId="31161E76" w:rsidR="00A84873" w:rsidRPr="003A6033" w:rsidRDefault="002B3EEF" w:rsidP="007A5790"><w:pPr><w:pStyle w:val="Header"/><w:tabs><w:tab w:val="clear" w:pos="4320"/><w:tab w:val="left" w:pos="4032"/><w:tab w:val="left" w:pos="4860"/></w:tabs><w:ind w:left="-108"/><w:rPr><w:rFonts w:ascii="Times New Roman" w:hAnsi="Times New Roman"/><w:u w:val="single"/></w:rPr></w:pPr><w:r><w:rPr><w:rFonts w:ascii="Times New Roman" w:hAnsi="Times New Roman"/><w:noProof/><w:u w:val="single"/></w:rPr><w:t>DEFADD1</w:t></w:r><w:r w:rsidR="00A84873" w:rsidRPr="003A6033"><w:rPr><w:rFonts w:ascii="Times New Roman" w:hAnsi="Times New Roman"/><w:u w:val="single"/></w:rPr><w:tab/></w:r></w:p><w:p w14:paraId="4FDAB437" w14:textId="5A0140F2" w:rsidR="00A84873" w:rsidRPr="003A6033" w:rsidRDefault="002B3EEF" w:rsidP="007A5790"><w:pPr><w:pStyle w:val="Header"/><w:tabs><w:tab w:val="clear" w:pos="4320"/><w:tab w:val="clear" w:pos="8640"/><w:tab w:val="left" w:pos="4032"/><w:tab w:val="left" w:pos="4860"/></w:tabs><w:ind w:left="-108"/><w:rPr><w:rFonts w:ascii="Times New Roman" w:hAnsi="Times New Roman"/></w:rPr></w:pPr><w:r><w:rPr><w:rFonts w:ascii="Times New Roman" w:hAnsi="Times New Roman"/><w:noProof/><w:u w:val="single"/></w:rPr><w:t>DEFADD2</w:t></w:r><w:r w:rsidR="00A84873" w:rsidRPr="003A6033"><w:rPr><w:rFonts w:ascii="Times New Roman" w:hAnsi="Times New Roman"/><w:u w:val="single"/></w:rPr><w:tab/></w:r></w:p></w:tc><w:tc><w:tcPr><w:tcW w:w="2970" w:type="dxa"/><w:vMerge w:val="restart"/><w:tcBorders><w:bottom w:val="nil"/><w:right w:val="single" w:sz="4" w:space="0" w:color="auto"/></w:tcBorders></w:tcPr><w:p w14:paraId="14407D9F" w14:textId="0A80C042" w:rsidR="00A84873" w:rsidRPr="003A6033" w:rsidRDefault="00A84873" w:rsidP="000123C7"><w:pPr><w:pStyle w:val="FormTitle"/><w:tabs><w:tab w:val="left" w:pos="2502"/></w:tabs><w:ind w:left="-108"/><w:rPr><w:b w:val="0"/><w:sz w:val="20"/></w:rPr></w:pPr><w:r w:rsidRPr="003A6033"><w:rPr><w:b w:val="0"/><w:sz w:val="20"/></w:rPr><w:t xml:space="preserve">Case No. </w:t></w:r><w:r w:rsidR="002B3EEF"><w:rPr><w:rFonts w:ascii="Times New Roman" w:hAnsi="Times New Roman"/><w:b w:val="0"/><w:noProof/><w:sz w:val="20"/><w:u w:val="single"/></w:rPr><w:t>CASENO1</w:t></w:r><w:r w:rsidRPr="000123C7"><w:rPr><w:rFonts w:ascii="Times New Roman" w:hAnsi="Times New Roman"/><w:b w:val="0"/><w:sz w:val="20"/><w:u w:val="single"/></w:rPr><w:tab/></w:r></w:p></w:tc><w:tc><w:tcPr><w:tcW w:w="2250" w:type="dxa"/><w:vMerge/><w:tcBorders><w:left w:val="single" w:sz="4" w:space="0" w:color="auto"/></w:tcBorders></w:tcPr><w:p w14:paraId="091FF5DC" w14:textId="77777777" w:rsidR="00A84873" w:rsidRPr="003A6033" w:rsidRDefault="00A84873"/></w:tc></w:tr><w:tr w:rsidR="00A84873" w:rsidRPr="003A6033" w14:paraId="7DE859C9" w14:textId="77777777" w:rsidTr="007A7BB6"><w:trPr><w:cantSplit/><w:trHeight w:hRule="exact" w:val="240"/></w:trPr><w:tc><w:tcPr><w:tcW w:w="918" w:type="dxa"/><w:vAlign w:val="center"/></w:tcPr><w:p w14:paraId="51693B91" w14:textId="77777777" w:rsidR="00A84873" w:rsidRPr="003A6033" w:rsidRDefault="00A84873" w:rsidP="007A5790"><w:pPr><w:pStyle w:val="Header"/><w:tabs><w:tab w:val="clear" w:pos="4320"/><w:tab w:val="clear" w:pos="8640"/></w:tabs><w:ind w:right="-108"/><w:rPr><w:sz w:val="16"/></w:rPr></w:pPr><w:r w:rsidRPr="003A6033"><w:rPr><w:sz w:val="16"/></w:rPr><w:t xml:space="preserve">          and</w:t></w:r></w:p></w:tc><w:tc><w:tcPr><w:tcW w:w="4320" w:type="dxa"/><w:tcBorders><w:bottom w:val="nil"/></w:tcBorders></w:tcPr><w:p w14:paraId="4D1F1400" w14:textId="77777777" w:rsidR="00A84873" w:rsidRPr="003A6033" w:rsidRDefault="00A84873" w:rsidP="007A5790"><w:pPr><w:pStyle w:val="Header"/><w:tabs><w:tab w:val="clear" w:pos="4320"/><w:tab w:val="clear" w:pos="8640"/><w:tab w:val="left" w:pos="252"/><w:tab w:val="left" w:pos="4032"/></w:tabs><w:ind w:left="-108"/><w:rPr><w:sz w:val="16"/></w:rPr></w:pPr></w:p></w:tc><w:tc><w:tcPr><w:tcW w:w="2970" w:type="dxa"/><w:vMerge/><w:tcBorders><w:bottom w:val="nil"/><w:right w:val="single" w:sz="4" w:space="0" w:color="auto"/></w:tcBorders></w:tcPr><w:p w14:paraId="3C4F142C" w14:textId="77777777" w:rsidR="00A84873" w:rsidRPr="003A6033" w:rsidRDefault="00A84873"><w:pPr><w:pStyle w:val="Header"/><w:tabs><w:tab w:val="left" w:pos="2934"/></w:tabs><w:ind w:left="-108"/></w:pPr></w:p></w:tc><w:tc><w:tcPr><w:tcW w:w="2250" w:type="dxa"/><w:vMerge/><w:tcBorders><w:left w:val="single" w:sz="4" w:space="0" w:color="auto"/></w:tcBorders></w:tcPr><w:p w14:paraId="40C5C376" w14:textId="77777777" w:rsidR="00A84873" w:rsidRPr="003A6033" w:rsidRDefault="00A84873"/></w:tc></w:tr><w:tr w:rsidR="00A84873" w:rsidRPr="003A6033" w14:paraId="4189262A" w14:textId="77777777" w:rsidTr="007A5790"><w:trPr><w:cantSplit/><w:trHeight w:val="261"/></w:trPr><w:tc><w:tcPr><w:tcW w:w="918" w:type="dxa"/><w:tcBorders><w:bottom w:val="single" w:sz="4" w:space="0" w:color="auto"/></w:tcBorders></w:tcPr><w:p w14:paraId="55C95EA4" w14:textId="77777777" w:rsidR="00A84873" w:rsidRPr="003A6033" w:rsidRDefault="00A84873" w:rsidP="007A5790"><w:pPr><w:pStyle w:val="Header"/><w:tabs><w:tab w:val="clear" w:pos="4320"/><w:tab w:val="clear" w:pos="8640"/></w:tabs><w:ind w:right="-108"/></w:pPr><w:r w:rsidRPr="003A6033"><w:rPr><w:sz w:val="16"/></w:rPr><w:t>Garnishee:</w:t></w:r></w:p></w:tc><w:tc><w:tcPr><w:tcW w:w="4320" w:type="dxa"/><w:tcBorders><w:bottom w:val="single" w:sz="4" w:space="0" w:color="auto"/></w:tcBorders></w:tcPr><w:p w14:paraId="2940A5B4" w14:textId="6C13DB9F" w:rsidR="00A84873" w:rsidRPr="003A6033" w:rsidRDefault="002B3EEF" w:rsidP="007A5790"><w:pPr><w:pStyle w:val="Header"/><w:tabs><w:tab w:val="clear" w:pos="4320"/><w:tab w:val="clear" w:pos="8640"/><w:tab w:val="left" w:pos="4032"/><w:tab w:val="left" w:pos="4860"/></w:tabs><w:ind w:left="-108"/><w:rPr><w:rFonts w:ascii="Times New Roman" w:hAnsi="Times New Roman"/></w:rPr></w:pPr><w:r><w:rPr><w:rFonts w:ascii="Times New Roman" w:hAnsi="Times New Roman"/><w:noProof/><w:u w:val="single"/></w:rPr><w:t>EMPLOYERNAME1</w:t></w:r><w:r w:rsidR="00A84873" w:rsidRPr="003A6033"><w:rPr><w:rFonts w:ascii="Times New Roman" w:hAnsi="Times New Roman"/><w:u w:val="single"/></w:rPr><w:tab/></w:r></w:p></w:tc><w:tc><w:tcPr><w:tcW w:w="2970" w:type="dxa"/><w:vMerge/><w:tcBorders><w:bottom w:val="single" w:sz="4" w:space="0" w:color="auto"/><w:right w:val="single" w:sz="4" w:space="0" w:color="auto"/></w:tcBorders></w:tcPr><w:p w14:paraId="3021A1FD" w14:textId="77777777" w:rsidR="00A84873" w:rsidRPr="003A6033" w:rsidRDefault="00A84873"><w:pPr><w:pStyle w:val="Header"/><w:tabs><w:tab w:val="clear" w:pos="4320"/><w:tab w:val="clear" w:pos="8640"/><w:tab w:val="left" w:pos="2934"/></w:tabs><w:ind w:left="-108"/></w:pPr></w:p></w:tc><w:tc><w:tcPr><w:tcW w:w="2250" w:type="dxa"/><w:vMerge/><w:tcBorders><w:left w:val="single" w:sz="4" w:space="0" w:color="auto"/><w:bottom w:val="single" w:sz="4" w:space="0" w:color="auto"/></w:tcBorders></w:tcPr><w:p w14:paraId="15503836" w14:textId="77777777" w:rsidR="00A84873" w:rsidRPr="003A6033" w:rsidRDefault="00A84873"/></w:tc></w:tr></w:tbl><w:p w14:paraId="4589FC17" w14:textId="77777777" w:rsidR="00A84873" w:rsidRPr="003A6033" w:rsidRDefault="00A84873"><w:pPr><w:ind w:right="806"/><w:rPr><w:b/><w:snapToGrid w:val="0"/><w:color w:val="000000"/></w:rPr></w:pPr></w:p><w:p w14:paraId="5998C83C" w14:textId="77777777" w:rsidR="00A84873" w:rsidRPr="003A6033" w:rsidRDefault="00A84873"><w:pPr><w:ind w:right="806"/><w:rPr><w:b/><w:snapToGrid w:val="0"/><w:color w:val="000000"/></w:rPr></w:pPr></w:p><w:p w14:paraId="55468362" w14:textId="77777777" w:rsidR="00A84873" w:rsidRPr="003A6033" w:rsidRDefault="00A84873"><w:pPr><w:tabs><w:tab w:val="left" w:pos="1440"/><w:tab w:val="left" w:pos="2160"/><w:tab w:val="left" w:pos="2880"/><w:tab w:val="left" w:pos="3600"/><w:tab w:val="left" w:pos="4320"/><w:tab w:val="left" w:pos="5040"/><w:tab w:val="left" w:pos="5760"/><w:tab w:val="left" w:pos="6480"/><w:tab w:val="left" w:pos="7200"/><w:tab w:val="left" w:pos="7920"/><w:tab w:val="left" w:pos="8640"/><w:tab w:val="left" w:pos="9360"/></w:tabs><w:spacing w:line="240" w:lineRule="atLeast"/><w:ind w:left="720" w:right="720"/><w:rPr><w:snapToGrid w:val="0"/></w:rPr></w:pPr><w:r w:rsidRPr="003A6033"><w:rPr><w:snapToGrid w:val="0"/><w:color w:val="000000"/></w:rPr><w:t xml:space="preserve">THE STATE OF </w:t></w:r><w:smartTag w:uri="urn:schemas-microsoft-com:office:smarttags" w:element="State"><w:smartTag w:uri="urn:schemas-microsoft-com:office:smarttags" w:element="place"><w:r w:rsidRPr="003A6033"><w:rPr><w:snapToGrid w:val="0"/><w:color w:val="000000"/></w:rPr><w:t>WISCONSIN</w:t></w:r></w:smartTag></w:smartTag><w:r w:rsidRPr="003A6033"><w:rPr><w:snapToGrid w:val="0"/><w:color w:val="000000"/></w:rPr><w:t>, to the garnishee:</w:t></w:r></w:p><w:p w14:paraId="0D2B1B6C" w14:textId="77777777" w:rsidR="00A84873" w:rsidRPr="003A6033" w:rsidRDefault="00A84873"><w:pPr><w:tabs><w:tab w:val="left" w:pos="1440"/><w:tab w:val="left" w:pos="2160"/><w:tab w:val="left" w:pos="2880"/><w:tab w:val="left" w:pos="3600"/><w:tab w:val="left" w:pos="4320"/><w:tab w:val="left" w:pos="5040"/><w:tab w:val="left" w:pos="5760"/><w:tab w:val="left" w:pos="6480"/><w:tab w:val="left" w:pos="7200"/><w:tab w:val="left" w:pos="7920"/><w:tab w:val="left" w:pos="8640"/><w:tab w:val="left" w:pos="9360"/></w:tabs><w:spacing w:line="240" w:lineRule="atLeast"/><w:ind w:left="720" w:right="720"/><w:rPr><w:snapToGrid w:val="0"/></w:rPr></w:pPr></w:p><w:p w14:paraId="49C7C963" w14:textId="77777777" w:rsidR="00A84873" w:rsidRPr="003A6033" w:rsidRDefault="00A84873"><w:pPr><w:tabs><w:tab w:val="left" w:pos="1440"/><w:tab w:val="left" w:pos="2160"/><w:tab w:val="left" w:pos="2880"/><w:tab w:val="left" w:pos="3600"/><w:tab w:val="left" w:pos="4320"/><w:tab w:val="left" w:pos="5040"/><w:tab w:val="left" w:pos="5760"/><w:tab w:val="left" w:pos="6480"/><w:tab w:val="left" w:pos="7200"/><w:tab w:val="left" w:pos="7920"/><w:tab w:val="left" w:pos="8640"/><w:tab w:val="left" w:pos="9360"/></w:tabs><w:spacing w:line="240" w:lineRule="atLeast"/><w:ind w:left="720" w:right="720"/><w:rPr><w:snapToGrid w:val="0"/></w:rPr></w:pPr><w:r w:rsidRPr="003A6033"><w:rPr><w:snapToGrid w:val="0"/></w:rPr><w:t>The creditor has been awarded a court judgment that has not been paid.  As a result, the creditor claims that the amount owed by the debtor is as follows:</w:t></w:r></w:p><w:tbl><w:tblPr><w:tblW w:w="0" w:type="auto"/><w:tblInd w:w="1278" w:type="dxa"/><w:tblBorders><w:top w:val="single" w:sz="4" w:space="0" w:color="auto"/><w:left w:val="single" w:sz="4" w:space="0" w:color="auto"/><w:bottom w:val="single" w:sz="4" w:space="0" w:color="auto"/><w:right w:val="single" w:sz="4" w:space="0" w:color="auto"/><w:insideH w:val="single" w:sz="4" w:space="0" w:color="auto"/><w:insideV w:val="single" w:sz="4" w:space="0" w:color="auto"/></w:tblBorders><w:tblLayout w:type="fixed"/><w:tblLook w:val="0000" w:firstRow="0" w:lastRow="0" w:firstColumn="0" w:lastColumn="0" w:noHBand="0" w:noVBand="0"/></w:tblPr><w:tblGrid><w:gridCol w:w="4680"/><w:gridCol w:w="2424"/></w:tblGrid><w:tr w:rsidR="00A84873" w:rsidRPr="003A6033" w14:paraId="5D1EE43A" w14:textId="77777777"><w:trPr><w:trHeight w:val="480"/></w:trPr><w:tc><w:tcPr><w:tcW w:w="4680" w:type="dxa"/><w:vAlign w:val="bottom"/></w:tcPr><w:p w14:paraId="1085BBED" w14:textId="77777777" w:rsidR="00A84873" w:rsidRPr="003A6033" w:rsidRDefault="00A84873"><w:pPr><w:rPr><w:snapToGrid w:val="0"/></w:rPr></w:pPr><w:r w:rsidRPr="003A6033"><w:rPr><w:snapToGrid w:val="0"/></w:rPr><w:t>Unpaid balance on judgment</w:t></w:r></w:p></w:tc><w:tc><w:tcPr><w:tcW w:w="2424" w:type="dxa"/><w:vAlign w:val="bottom"/></w:tcPr><w:p w14:paraId="75872838" w14:textId="5B234D6F" w:rsidR="00A84873" w:rsidRPr="003A6033" w:rsidRDefault="00A84873" w:rsidP="009371C7"><w:pPr><w:rPr><w:snapToGrid w:val="0"/></w:rPr></w:pPr><w:r w:rsidRPr="003A6033"><w:rPr><w:snapToGrid w:val="0"/></w:rPr><w:t>$</w:t></w:r><w:r><w:rPr><w:rFonts w:ascii="Times New Roman" w:hAnsi="Times New Roman"/><w:noProof/></w:rPr><w:t xml:space="preserve">     </w:t></w:r><w:r w:rsidR="002B3EEF"><w:rPr><w:rFonts w:ascii="Times New Roman" w:hAnsi="Times New Roman"/><w:noProof/></w:rPr><w:t>JUNPAID</w:t></w:r></w:p></w:tc></w:tr><w:tr w:rsidR="00A84873" w:rsidRPr="003A6033" w14:paraId="69E273D3" w14:textId="77777777"><w:trPr><w:trHeight w:val="480"/></w:trPr><w:tc><w:tcPr><w:tcW w:w="4680" w:type="dxa"/><w:vAlign w:val="bottom"/></w:tcPr><w:p w14:paraId="052676E4" w14:textId="77777777" w:rsidR="00A84873" w:rsidRPr="003A6033" w:rsidRDefault="00A84873"><w:pPr><w:rPr><w:snapToGrid w:val="0"/></w:rPr></w:pPr><w:r><w:rPr><w:snapToGrid w:val="0"/></w:rPr><w:t>Unpaid post-</w:t></w:r><w:r w:rsidRPr="003A6033"><w:rPr><w:snapToGrid w:val="0"/></w:rPr><w:t>judgment interest</w:t></w:r></w:p></w:tc><w:tc><w:tcPr><w:tcW w:w="2424" w:type="dxa"/><w:vAlign w:val="bottom"/></w:tcPr><w:p w14:paraId="2FABB8EF" w14:textId="6F13517C" w:rsidR="00A84873" w:rsidRPr="003A6033" w:rsidRDefault="00A84873" w:rsidP="009371C7"><w:pPr><w:rPr><w:snapToGrid w:val="0"/></w:rPr></w:pPr><w:r w:rsidRPr="003A6033"><w:rPr><w:snapToGrid w:val="0"/></w:rPr><w:t>$</w:t></w:r><w:r><w:rPr><w:rFonts w:ascii="Times New Roman" w:hAnsi="Times New Roman"/><w:noProof/><w:snapToGrid w:val="0"/></w:rPr><w:t xml:space="preserve">     0</w:t></w:r><w:r w:rsidR="002B3EEF"><w:rPr><w:rFonts w:ascii="Times New Roman" w:hAnsi="Times New Roman"/><w:noProof/><w:snapToGrid w:val="0"/></w:rPr><w:t>.00</w:t></w:r></w:p></w:tc></w:tr><w:tr w:rsidR="00A84873" w:rsidRPr="003A6033" w14:paraId="7AC690C5" w14:textId="77777777"><w:trPr><w:trHeight w:val="480"/></w:trPr><w:tc><w:tcPr><w:tcW w:w="4680" w:type="dxa"/><w:vAlign w:val="bottom"/></w:tcPr><w:p w14:paraId="2F825F0A" w14:textId="77777777" w:rsidR="00A84873" w:rsidRPr="003A6033" w:rsidRDefault="00A84873"><w:pPr><w:rPr><w:snapToGrid w:val="0"/></w:rPr></w:pPr><w:r w:rsidRPr="003A6033"><w:rPr><w:snapToGrid w:val="0"/></w:rPr><w:t>Estimated costs of this earnings garnishment</w:t></w:r></w:p></w:tc><w:tc><w:tcPr><w:tcW w:w="2424" w:type="dxa"/><w:vAlign w:val="bottom"/></w:tcPr><w:p w14:paraId="3784C000" w14:textId="3F4DA612" w:rsidR="00A84873" w:rsidRPr="003A6033" w:rsidRDefault="00A84873" w:rsidP="009371C7"><w:pPr><w:rPr><w:snapToGrid w:val="0"/></w:rPr></w:pPr><w:r w:rsidRPr="003A6033"><w:rPr><w:snapToGrid w:val="0"/></w:rPr><w:t>$</w:t></w:r><w:r><w:rPr><w:rFonts w:ascii="Times New Roman" w:hAnsi="Times New Roman"/><w:noProof/><w:snapToGrid w:val="0"/></w:rPr><w:t xml:space="preserve">     </w:t></w:r><w:r w:rsidR="002B3EEF"><w:rPr><w:rFonts w:ascii="Times New Roman" w:hAnsi="Times New Roman"/><w:noProof/><w:snapToGrid w:val="0"/></w:rPr><w:t>GARNFEE</w:t></w:r></w:p></w:tc></w:tr><w:tr w:rsidR="00A84873" w:rsidRPr="003A6033" w14:paraId="35642C23" w14:textId="77777777"><w:trPr><w:trHeight w:val="480"/></w:trPr><w:tc><w:tcPr><w:tcW w:w="4680" w:type="dxa"/><w:tcBorders><w:bottom w:val="single" w:sz="4" w:space="0" w:color="auto"/></w:tcBorders><w:vAlign w:val="bottom"/></w:tcPr><w:p w14:paraId="2EACCE6D" w14:textId="77777777" w:rsidR="00A84873" w:rsidRPr="003A6033" w:rsidRDefault="00A84873"><w:pPr><w:rPr><w:b/><w:snapToGrid w:val="0"/></w:rPr></w:pPr><w:r w:rsidRPr="003A6033"><w:rPr><w:b/><w:snapToGrid w:val="0"/></w:rPr><w:t>Total amount owed by the debtor</w:t></w:r></w:p></w:tc><w:tc><w:tcPr><w:tcW w:w="2424" w:type="dxa"/><w:tcBorders><w:bottom w:val="single" w:sz="4" w:space="0" w:color="auto"/></w:tcBorders><w:vAlign w:val="bottom"/></w:tcPr><w:p w14:paraId="367804FD" w14:textId="45FC11B4" w:rsidR="00A84873" w:rsidRPr="003A6033" w:rsidRDefault="00A84873" w:rsidP="009371C7"><w:pPr><w:rPr><w:snapToGrid w:val="0"/></w:rPr></w:pPr><w:r w:rsidRPr="003A6033"><w:rPr><w:snapToGrid w:val="0"/></w:rPr><w:t>$</w:t></w:r><w:r><w:rPr><w:rFonts w:ascii="Times New Roman" w:hAnsi="Times New Roman"/><w:noProof/><w:snapToGrid w:val="0"/></w:rPr><w:t xml:space="preserve">     </w:t></w:r><w:r w:rsidR="00BE6EE0"><w:rPr><w:rFonts w:ascii="Times New Roman" w:hAnsi="Times New Roman"/><w:noProof/><w:snapToGrid w:val="0"/></w:rPr><w:t>TOTALOWED</w:t></w:r><w:bookmarkStart w:id="0" w:name="_GoBack"/><w:bookmarkEnd w:id="0"/></w:p></w:tc></w:tr></w:tbl><w:p w14:paraId="5EFE0677" w14:textId="77777777" w:rsidR="00A84873" w:rsidRPr="003A6033" w:rsidRDefault="00A84873"><w:pPr><w:tabs><w:tab w:val="left" w:pos="1040"/><w:tab w:val="left" w:pos="1320"/><w:tab w:val="left" w:pos="2160"/><w:tab w:val="left" w:pos="2880"/><w:tab w:val="left" w:pos="3600"/><w:tab w:val="left" w:pos="4320"/><w:tab w:val="left" w:pos="5040"/><w:tab w:val="left" w:pos="5760"/><w:tab w:val="left" w:pos="6480"/><w:tab w:val="left" w:pos="7200"/><w:tab w:val="left" w:pos="7920"/><w:tab w:val="left" w:pos="8640"/><w:tab w:val="left" w:pos="9360"/></w:tabs><w:spacing w:line="240" w:lineRule="atLeast"/><w:ind w:left="720" w:right="960"/><w:rPr><w:snapToGrid w:val="0"/></w:rPr></w:pPr></w:p><w:p w14:paraId="524AF592" w14:textId="77777777" w:rsidR="00A84873" w:rsidRPr="00491968" w:rsidRDefault="00A84873"><w:pPr><w:tabs><w:tab w:val="left" w:pos="1040"/><w:tab w:val="left" w:pos="1320"/><w:tab w:val="left" w:pos="2160"/><w:tab w:val="left" w:pos="2880"/><w:tab w:val="left" w:pos="3600"/><w:tab w:val="left" w:pos="4320"/><w:tab w:val="left" w:pos="5040"/><w:tab w:val="left" w:pos="5760"/><w:tab w:val="left" w:pos="6480"/><w:tab w:val="left" w:pos="7200"/><w:tab w:val="left" w:pos="7920"/><w:tab w:val="left" w:pos="8640"/><w:tab w:val="left" w:pos="9360"/></w:tabs><w:spacing w:line="240" w:lineRule="atLeast"/><w:ind w:left="720" w:right="960"/><w:rPr><w:snapToGrid w:val="0"/></w:rPr></w:pPr></w:p><w:p w14:paraId="20BBC2EC" w14:textId="77777777" w:rsidR="00A84873" w:rsidRDefault="00A84873"><w:pPr><w:tabs><w:tab w:val="left" w:pos="1440"/><w:tab w:val="left" w:pos="2160"/><w:tab w:val="left" w:pos="2880"/><w:tab w:val="left" w:pos="3600"/><w:tab w:val="left" w:pos="4320"/><w:tab w:val="left" w:pos="5040"/><w:tab w:val="left" w:pos="5760"/><w:tab w:val="left" w:pos="6480"/><w:tab w:val="left" w:pos="7200"/><w:tab w:val="left" w:pos="7920"/><w:tab w:val="left" w:pos="8640"/><w:tab w:val="left" w:pos="9360"/></w:tabs><w:spacing w:line="240" w:lineRule="atLeast"/><w:ind w:left="720" w:right="720"/><w:rPr><w:snapToGrid w:val="0"/></w:rPr></w:pPr><w:r w:rsidRPr="00491968"><w:rPr><w:snapToGrid w:val="0"/></w:rPr><w:t xml:space="preserve">The creditor believes that you will owe the debtor for earnings within the next 13 weeks.  If the creditor has tendered the statutorily required fees with these papers, you are directed to complete the activities listed on </w:t></w:r><w:r><w:rPr><w:snapToGrid w:val="0"/></w:rPr><w:t>page 2</w:t></w:r><w:r w:rsidRPr="00491968"><w:rPr><w:snapToGrid w:val="0"/></w:rPr><w:t xml:space="preserve"> of this form.</w:t></w:r></w:p><w:p w14:paraId="5E31AC41" w14:textId="77777777" w:rsidR="00A84873" w:rsidRPr="00491968" w:rsidRDefault="00A84873"><w:pPr><w:tabs><w:tab w:val="left" w:pos="1440"/><w:tab w:val="left" w:pos="2160"/><w:tab w:val="left" w:pos="2880"/><w:tab w:val="left" w:pos="3600"/><w:tab w:val="left" w:pos="4320"/><w:tab w:val="left" w:pos="5040"/><w:tab w:val="left" w:pos="5760"/><w:tab w:val="left" w:pos="6480"/><w:tab w:val="left" w:pos="7200"/><w:tab w:val="left" w:pos="7920"/><w:tab w:val="left" w:pos="8640"/><w:tab w:val="left" w:pos="9360"/></w:tabs><w:spacing w:line="240" w:lineRule="atLeast"/><w:ind w:left="720" w:right="720"/><w:rPr><w:b/><w:i/><w:snapToGrid w:val="0"/></w:rPr></w:pPr></w:p><w:p w14:paraId="32AA0F42" w14:textId="77777777" w:rsidR="00A84873" w:rsidRPr="001A50A5" w:rsidRDefault="00A84873" w:rsidP="009702A8"><w:pPr><w:tabs><w:tab w:val="left" w:pos="1440"/><w:tab w:val="left" w:pos="2160"/><w:tab w:val="left" w:pos="2880"/><w:tab w:val="left" w:pos="3600"/><w:tab w:val="left" w:pos="4320"/><w:tab w:val="left" w:pos="5040"/><w:tab w:val="left" w:pos="5760"/><w:tab w:val="left" w:pos="6480"/><w:tab w:val="left" w:pos="7200"/><w:tab w:val="left" w:pos="7920"/><w:tab w:val="left" w:pos="8640"/><w:tab w:val="left" w:pos="9360"/></w:tabs><w:spacing w:line="240" w:lineRule="atLeast"/><w:ind w:left="720" w:right="720" w:hanging="360"/><w:rPr><w:rFonts w:cs="Arial"/><w:snapToGrid w:val="0"/></w:rPr></w:pPr><w:r w:rsidRPr="001A50A5"><w:rPr><w:rFonts w:ascii="Helv" w:hAnsi="Helv"/><w:snapToGrid w:val="0"/></w:rPr><w:fldChar w:fldCharType="begin"><w:ffData><w:name w:val="Check1"/><w:enabled/><w:calcOnExit w:val="0"/><w:checkBox><w:sizeAuto/><w:default w:val="0"/></w:checkBox></w:ffData></w:fldChar></w:r><w:r w:rsidRPr="001A50A5"><w:rPr><w:rFonts w:ascii="Helv" w:hAnsi="Helv"/><w:snapToGrid w:val="0"/></w:rPr><w:instrText xml:space="preserve"> FORMCHECKBOX </w:instrText></w:r><w:r w:rsidR="00152798"><w:rPr><w:rFonts w:ascii="Helv" w:hAnsi="Helv"/><w:snapToGrid w:val="0"/></w:rPr></w:r><w:r w:rsidR="00152798"><w:rPr><w:rFonts w:ascii="Helv" w:hAnsi="Helv"/><w:snapToGrid w:val="0"/></w:rPr><w:fldChar w:fldCharType="separate"/></w:r><w:r w:rsidRPr="001A50A5"><w:rPr><w:rFonts w:ascii="Helv" w:hAnsi="Helv"/><w:snapToGrid w:val="0"/></w:rPr><w:fldChar w:fldCharType="end"/></w:r><w:r w:rsidRPr="001A50A5"><w:rPr><w:rFonts w:ascii="Helv" w:hAnsi="Helv"/><w:snapToGrid w:val="0"/></w:rPr><w:tab/></w:r><w:r w:rsidRPr="00842667"><w:rPr><w:rFonts w:cs="Arial"/><w:b/><w:snapToGrid w:val="0"/></w:rPr><w:t>This is a garnishment action to satisfy an order for victim restitution and there is no filing fee. This garnishment remains in effect until the judgment is satisfied.</w:t></w:r></w:p><w:p w14:paraId="4118220E" w14:textId="77777777" w:rsidR="00A84873" w:rsidRPr="003A6033" w:rsidRDefault="00A84873"><w:pPr><w:tabs><w:tab w:val="left" w:pos="1440"/><w:tab w:val="left" w:pos="2160"/><w:tab w:val="left" w:pos="2880"/><w:tab w:val="left" w:pos="3600"/><w:tab w:val="left" w:pos="4320"/><w:tab w:val="left" w:pos="5040"/><w:tab w:val="left" w:pos="5760"/><w:tab w:val="left" w:pos="6480"/><w:tab w:val="left" w:pos="7200"/><w:tab w:val="left" w:pos="7920"/><w:tab w:val="left" w:pos="8640"/><w:tab w:val="left" w:pos="9360"/></w:tabs><w:spacing w:line="240" w:lineRule="atLeast"/><w:ind w:left="720" w:right="720"/><w:rPr><w:b/><w:i/><w:snapToGrid w:val="0"/></w:rPr></w:pPr></w:p><w:tbl><w:tblPr><w:tblW w:w="0" w:type="auto"/><w:tblInd w:w="720" w:type="dxa"/><w:tblBorders><w:top w:val="single" w:sz="4" w:space="0" w:color="auto"/><w:left w:val="single" w:sz="4" w:space="0" w:color="auto"/><w:bottom w:val="single" w:sz="4" w:space="0" w:color="auto"/><w:right w:val="single" w:sz="4" w:space="0" w:color="auto"/><w:insideH w:val="single" w:sz="4" w:space="0" w:color="auto"/><w:insideV w:val="single" w:sz="4" w:space="0" w:color="auto"/></w:tblBorders><w:tblLook w:val="0000" w:firstRow="0" w:lastRow="0" w:firstColumn="0" w:lastColumn="0" w:noHBand="0" w:noVBand="0"/></w:tblPr><w:tblGrid><w:gridCol w:w="5143"/><w:gridCol w:w="4644"/></w:tblGrid><w:tr w:rsidR="00A84873" w:rsidRPr="003A6033" w14:paraId="0A1F855D" w14:textId="77777777"><w:trPr><w:trHeight w:val="1634"/></w:trPr><w:tc><w:tcPr><w:tcW w:w="5268" w:type="dxa"/></w:tcPr><w:p w14:paraId="55DF4D13" w14:textId="77777777" w:rsidR="00A84873" w:rsidRPr="003A6033" w:rsidRDefault="00A84873"><w:pPr><w:tabs><w:tab w:val="left" w:pos="1440"/><w:tab w:val="left" w:pos="2160"/><w:tab w:val="left" w:pos="2880"/><w:tab w:val="left" w:pos="3600"/><w:tab w:val="left" w:pos="4320"/><w:tab w:val="left" w:pos="5040"/><w:tab w:val="left" w:pos="5760"/><w:tab w:val="left" w:pos="6480"/><w:tab w:val="left" w:pos="7200"/><w:tab w:val="left" w:pos="7920"/><w:tab w:val="left" w:pos="8640"/><w:tab w:val="left" w:pos="9360"/></w:tabs><w:spacing w:line="240" w:lineRule="atLeast"/><w:ind w:right="252"/><w:rPr><w:bCs/><w:iCs/><w:snapToGrid w:val="0"/></w:rPr></w:pPr><w:r w:rsidRPr="003A6033"><w:rPr><w:bCs/><w:iCs/><w:snapToGrid w:val="0"/></w:rPr><w:t>Please make check payable to and remit payment to:</w:t></w:r></w:p><w:p w14:paraId="729CB182" w14:textId="77777777" w:rsidR="00A84873" w:rsidRPr="0037115E" w:rsidRDefault="00A84873" w:rsidP="007C40B0"><w:pPr><w:tabs><w:tab w:val="left" w:pos="1440"/><w:tab w:val="left" w:pos="2160"/><w:tab w:val="left" w:pos="2880"/><w:tab w:val="left" w:pos="3600"/><w:tab w:val="left" w:pos="4320"/><w:tab w:val="left" w:pos="5040"/><w:tab w:val="left" w:pos="5760"/><w:tab w:val="left" w:pos="6480"/><w:tab w:val="left" w:pos="7200"/><w:tab w:val="left" w:pos="7920"/><w:tab w:val="left" w:pos="8640"/><w:tab w:val="left" w:pos="9360"/></w:tabs><w:spacing w:line="240" w:lineRule="atLeast"/><w:ind w:right="252"/><w:rPr><w:rFonts w:ascii="Times New Roman" w:hAnsi="Times New Roman"/><w:bCs/><w:iCs/><w:snapToGrid w:val="0"/></w:rPr></w:pPr><w:r w:rsidRPr="0037115E"><w:rPr><w:rFonts w:ascii="Times New Roman" w:hAnsi="Times New Roman"/><w:bCs/><w:iCs/><w:snapToGrid w:val="0"/></w:rPr><w:t>Dobberstein Law Firm, LLC</w:t></w:r></w:p><w:p w14:paraId="0052BFBE" w14:textId="77777777" w:rsidR="00A84873" w:rsidRPr="0037115E" w:rsidRDefault="00A84873" w:rsidP="007C40B0"><w:pPr><w:tabs><w:tab w:val="left" w:pos="1440"/><w:tab w:val="left" w:pos="2160"/><w:tab w:val="left" w:pos="2880"/><w:tab w:val="left" w:pos="3600"/><w:tab w:val="left" w:pos="4320"/><w:tab w:val="left" w:pos="5040"/><w:tab w:val="left" w:pos="5760"/><w:tab w:val="left" w:pos="6480"/><w:tab w:val="left" w:pos="7200"/><w:tab w:val="left" w:pos="7920"/><w:tab w:val="left" w:pos="8640"/><w:tab w:val="left" w:pos="9360"/></w:tabs><w:spacing w:line="240" w:lineRule="atLeast"/><w:ind w:right="252"/><w:rPr><w:rFonts w:ascii="Times New Roman" w:hAnsi="Times New Roman"/><w:bCs/><w:iCs/><w:snapToGrid w:val="0"/></w:rPr></w:pPr><w:r w:rsidRPr="0037115E"><w:rPr><w:rFonts w:ascii="Times New Roman" w:hAnsi="Times New Roman"/><w:bCs/><w:iCs/><w:snapToGrid w:val="0"/></w:rPr><w:t>225 S. Executive Drive, Suite 201</w:t></w:r></w:p><w:p w14:paraId="019284B7" w14:textId="77777777" w:rsidR="00A84873" w:rsidRPr="00497269" w:rsidRDefault="00A84873" w:rsidP="007C40B0"><w:pPr><w:tabs><w:tab w:val="left" w:pos="1440"/><w:tab w:val="left" w:pos="2160"/><w:tab w:val="left" w:pos="2880"/><w:tab w:val="left" w:pos="3600"/><w:tab w:val="left" w:pos="4320"/><w:tab w:val="left" w:pos="5040"/><w:tab w:val="left" w:pos="5760"/><w:tab w:val="left" w:pos="6480"/><w:tab w:val="left" w:pos="7200"/><w:tab w:val="left" w:pos="7920"/><w:tab w:val="left" w:pos="8640"/><w:tab w:val="left" w:pos="9360"/></w:tabs><w:spacing w:line="240" w:lineRule="atLeast"/><w:ind w:right="252"/><w:rPr><w:rFonts w:ascii="Times New Roman" w:hAnsi="Times New Roman"/><w:bCs/><w:iCs/><w:snapToGrid w:val="0"/></w:rPr></w:pPr><w:r w:rsidRPr="0037115E"><w:rPr><w:rFonts w:ascii="Times New Roman" w:hAnsi="Times New Roman"/><w:bCs/><w:iCs/><w:snapToGrid w:val="0"/></w:rPr><w:t>Brookfield, WI 53005</w:t></w:r></w:p><w:p w14:paraId="6CFA05CB" w14:textId="77777777" w:rsidR="00A84873" w:rsidRPr="003A6033" w:rsidRDefault="00A84873"><w:pPr><w:tabs><w:tab w:val="left" w:pos="1440"/><w:tab w:val="left" w:pos="2160"/><w:tab w:val="left" w:pos="2880"/><w:tab w:val="left" w:pos="3600"/><w:tab w:val="left" w:pos="4320"/><w:tab w:val="left" w:pos="5040"/><w:tab w:val="left" w:pos="5760"/><w:tab w:val="left" w:pos="6480"/><w:tab w:val="left" w:pos="7200"/><w:tab w:val="left" w:pos="7920"/><w:tab w:val="left" w:pos="8640"/><w:tab w:val="left" w:pos="9360"/></w:tabs><w:spacing w:line="240" w:lineRule="atLeast"/><w:ind w:right="252"/><w:rPr><w:rFonts w:ascii="Times New Roman" w:hAnsi="Times New Roman"/><w:bCs/><w:iCs/><w:snapToGrid w:val="0"/></w:rPr></w:pPr></w:p></w:tc><w:tc><w:tcPr><w:tcW w:w="4740" w:type="dxa"/><w:tcBorders><w:top w:val="nil"/><w:bottom w:val="nil"/><w:right w:val="nil"/></w:tcBorders></w:tcPr><w:p w14:paraId="4EBD367E" w14:textId="77777777" w:rsidR="00A84873" w:rsidRPr="003A6033" w:rsidRDefault="00A84873"><w:pPr><w:tabs><w:tab w:val="left" w:pos="1440"/><w:tab w:val="left" w:pos="2160"/><w:tab w:val="left" w:pos="2880"/><w:tab w:val="left" w:pos="3600"/><w:tab w:val="left" w:pos="4320"/><w:tab w:val="left" w:pos="5040"/><w:tab w:val="left" w:pos="5760"/><w:tab w:val="left" w:pos="6480"/><w:tab w:val="left" w:pos="7200"/><w:tab w:val="left" w:pos="7920"/><w:tab w:val="left" w:pos="8640"/><w:tab w:val="left" w:pos="9360"/></w:tabs><w:spacing w:line="240" w:lineRule="atLeast"/><w:ind w:right="720"/><w:rPr><w:rFonts w:ascii="Times New Roman" w:hAnsi="Times New Roman"/><w:i/><w:snapToGrid w:val="0"/><w:sz w:val="24"/><w:szCs w:val="24"/></w:rPr></w:pPr></w:p><w:p w14:paraId="4BE054AB" w14:textId="77777777" w:rsidR="00A84873" w:rsidRPr="003A6033" w:rsidRDefault="00A84873"><w:pPr><w:tabs><w:tab w:val="left" w:pos="1440"/><w:tab w:val="left" w:pos="2160"/><w:tab w:val="left" w:pos="2880"/><w:tab w:val="left" w:pos="3600"/><w:tab w:val="left" w:pos="4320"/><w:tab w:val="left" w:pos="5040"/><w:tab w:val="left" w:pos="5760"/><w:tab w:val="left" w:pos="6480"/><w:tab w:val="left" w:pos="7200"/><w:tab w:val="left" w:pos="7920"/><w:tab w:val="left" w:pos="8640"/><w:tab w:val="left" w:pos="9360"/></w:tabs><w:spacing w:line="240" w:lineRule="atLeast"/><w:ind w:right="720"/><w:rPr><w:rFonts w:ascii="Times New Roman" w:hAnsi="Times New Roman"/><w:i/><w:snapToGrid w:val="0"/><w:sz w:val="24"/><w:szCs w:val="24"/></w:rPr></w:pPr></w:p><w:p w14:paraId="781CF63D" w14:textId="77777777" w:rsidR="00A84873" w:rsidRPr="007A5790" w:rsidRDefault="00A84873" w:rsidP="00242D2C"><w:pPr><w:tabs><w:tab w:val="left" w:pos="1440"/><w:tab w:val="left" w:pos="2160"/><w:tab w:val="left" w:pos="2880"/><w:tab w:val="left" w:pos="3600"/><w:tab w:val="left" w:pos="4320"/><w:tab w:val="left" w:pos="5040"/><w:tab w:val="left" w:pos="5760"/><w:tab w:val="left" w:pos="6480"/><w:tab w:val="left" w:pos="7200"/><w:tab w:val="left" w:pos="7920"/><w:tab w:val="left" w:pos="8640"/><w:tab w:val="left" w:pos="9360"/></w:tabs><w:spacing w:line="240" w:lineRule="atLeast"/><w:ind w:right="720"/><w:jc w:val="center"/><w:rPr><w:b/><w:i/><w:caps/><w:snapToGrid w:val="0"/><w:sz w:val="24"/><w:szCs w:val="24"/></w:rPr></w:pPr><w:r w:rsidRPr="007A5790"><w:rPr><w:rFonts w:ascii="Times New Roman" w:hAnsi="Times New Roman"/><w:b/><w:i/><w:caps/><w:snapToGrid w:val="0"/><w:sz w:val="24"/><w:szCs w:val="24"/></w:rPr><w:t>(Court Seal)</w:t></w:r></w:p></w:tc></w:tr></w:tbl><w:p w14:paraId="764BF65B" w14:textId="77777777" w:rsidR="00A84873" w:rsidRPr="003A6033" w:rsidRDefault="00A84873"><w:pPr><w:tabs><w:tab w:val="left" w:pos="1440"/><w:tab w:val="left" w:pos="2160"/><w:tab w:val="left" w:pos="2880"/><w:tab w:val="left" w:pos="3600"/><w:tab w:val="left" w:pos="4320"/><w:tab w:val="left" w:pos="5040"/><w:tab w:val="left" w:pos="5760"/><w:tab w:val="left" w:pos="6480"/><w:tab w:val="left" w:pos="7200"/><w:tab w:val="left" w:pos="7920"/><w:tab w:val="left" w:pos="8640"/><w:tab w:val="left" w:pos="9360"/></w:tabs><w:spacing w:line="240" w:lineRule="atLeast"/><w:ind w:left="720" w:right="720"/><w:rPr><w:b/><w:i/><w:snapToGrid w:val="0"/></w:rPr></w:pPr></w:p><w:p w14:paraId="5B36FC64" w14:textId="77777777" w:rsidR="00A84873" w:rsidRPr="003A6033" w:rsidRDefault="00A84873"><w:pPr><w:tabs><w:tab w:val="left" w:pos="1440"/><w:tab w:val="left" w:pos="2160"/><w:tab w:val="left" w:pos="2880"/><w:tab w:val="left" w:pos="3600"/><w:tab w:val="left" w:pos="4320"/><w:tab w:val="left" w:pos="5040"/><w:tab w:val="left" w:pos="5760"/><w:tab w:val="left" w:pos="6480"/><w:tab w:val="left" w:pos="7200"/><w:tab w:val="left" w:pos="7920"/><w:tab w:val="left" w:pos="8640"/><w:tab w:val="left" w:pos="9360"/></w:tabs><w:spacing w:line="240" w:lineRule="atLeast"/><w:ind w:left="720" w:right="720"/><w:rPr><w:b/><w:i/><w:snapToGrid w:val="0"/></w:rPr></w:pPr></w:p><w:p w14:paraId="677D6191" w14:textId="77777777" w:rsidR="00A84873" w:rsidRPr="003A6033" w:rsidRDefault="00A84873"><w:pPr><w:tabs><w:tab w:val="left" w:pos="1440"/><w:tab w:val="left" w:pos="2160"/><w:tab w:val="left" w:pos="2880"/><w:tab w:val="left" w:pos="3600"/><w:tab w:val="left" w:pos="4320"/><w:tab w:val="left" w:pos="5040"/><w:tab w:val="left" w:pos="5760"/><w:tab w:val="left" w:pos="6480"/><w:tab w:val="left" w:pos="7200"/><w:tab w:val="left" w:pos="7920"/><w:tab w:val="left" w:pos="8640"/><w:tab w:val="left" w:pos="9360"/></w:tabs><w:spacing w:line="240" w:lineRule="atLeast"/><w:ind w:left="720" w:right="720"/><w:rPr><w:rFonts w:ascii="Times New Roman" w:hAnsi="Times New Roman"/><w:i/><w:snapToGrid w:val="0"/><w:sz w:val="24"/><w:szCs w:val="24"/></w:rPr></w:pPr><w:r w:rsidRPr="003A6033"><w:rPr><w:rFonts w:ascii="Times New Roman" w:hAnsi="Times New Roman"/><w:b/><w:i/><w:snapToGrid w:val="0"/><w:sz w:val="24"/><w:szCs w:val="24"/></w:rPr><w:tab/><w:t xml:space="preserve"> </w:t></w:r></w:p><w:p w14:paraId="5014DE54" w14:textId="77777777" w:rsidR="00A84873" w:rsidRPr="003A6033" w:rsidRDefault="00A84873"><w:pPr><w:tabs><w:tab w:val="left" w:pos="1440"/><w:tab w:val="left" w:pos="2160"/><w:tab w:val="left" w:pos="2880"/><w:tab w:val="left" w:pos="3600"/><w:tab w:val="left" w:pos="4320"/><w:tab w:val="left" w:pos="5040"/><w:tab w:val="left" w:pos="5760"/><w:tab w:val="left" w:pos="6480"/><w:tab w:val="left" w:pos="7200"/><w:tab w:val="left" w:pos="7920"/><w:tab w:val="left" w:pos="8640"/><w:tab w:val="left" w:pos="9360"/></w:tabs><w:spacing w:line="240" w:lineRule="atLeast"/><w:ind w:left="720" w:right="720"/><w:rPr><w:b/><w:i/><w:snapToGrid w:val="0"/></w:rPr></w:pPr></w:p><w:p w14:paraId="4BA21083" w14:textId="77777777" w:rsidR="00A84873" w:rsidRPr="003A6033" w:rsidRDefault="00A84873" w:rsidP="00242D2C"><w:pPr><w:tabs><w:tab w:val="left" w:pos="-1440"/><w:tab w:val="left" w:pos="-720"/><w:tab w:val="left" w:pos="0"/><w:tab w:val="left" w:pos="2880"/></w:tabs><w:suppressAutoHyphens/><w:ind w:left="2880" w:hanging="2880"/><w:rPr><w:rFonts w:ascii="Times New Roman" w:hAnsi="Times New Roman"/><w:spacing w:val="-3"/><w:sz w:val="22"/></w:rPr></w:pPr><w:r w:rsidRPr="003A6033"><w:rPr><w:rFonts w:ascii="Times New Roman" w:hAnsi="Times New Roman"/><w:spacing w:val="-3"/><w:sz w:val="22"/></w:rPr><w:t>The creditor must serve the following documents on the debtor at the time of service of this document:</w:t></w:r></w:p><w:p w14:paraId="23603CD2" w14:textId="77777777" w:rsidR="00A84873" w:rsidRPr="00FA2F03" w:rsidRDefault="00A84873" w:rsidP="00242D2C"><w:pPr><w:tabs><w:tab w:val="left" w:pos="-1440"/><w:tab w:val="left" w:pos="-720"/><w:tab w:val="left" w:pos="0"/><w:tab w:val="left" w:pos="2880"/></w:tabs><w:suppressAutoHyphens/><w:ind w:left="3600" w:hanging="3600"/><w:rPr><w:rFonts w:ascii="Times New Roman" w:hAnsi="Times New Roman"/><w:spacing w:val="-3"/><w:sz w:val="22"/></w:rPr></w:pPr><w:r w:rsidRPr="003A6033"><w:rPr><w:rFonts w:ascii="Times New Roman" w:hAnsi="Times New Roman"/><w:spacing w:val="-3"/><w:sz w:val="22"/></w:rPr><w:tab/><w:t xml:space="preserve">   •</w:t></w:r><w:r w:rsidRPr="003A6033"><w:rPr><w:rFonts w:ascii="Times New Roman" w:hAnsi="Times New Roman"/><w:spacing w:val="-3"/><w:sz w:val="22"/></w:rPr><w:tab/><w:t xml:space="preserve">Exemption Notice - Earnings </w:t></w:r><w:r w:rsidRPr="00FA2F03"><w:rPr><w:rFonts w:ascii="Times New Roman" w:hAnsi="Times New Roman"/><w:spacing w:val="-3"/><w:sz w:val="22"/></w:rPr><w:t>Garnishment (CV-423)</w:t></w:r></w:p><w:p w14:paraId="3E0A05DA" w14:textId="77777777" w:rsidR="00A84873" w:rsidRPr="00FA2F03" w:rsidRDefault="00A84873" w:rsidP="006700AA"><w:pPr><w:tabs><w:tab w:val="left" w:pos="-1440"/><w:tab w:val="left" w:pos="-720"/><w:tab w:val="left" w:pos="0"/><w:tab w:val="left" w:pos="2880"/></w:tabs><w:suppressAutoHyphens/><w:ind w:left="3600" w:hanging="3600"/><w:rPr><w:rFonts w:ascii="Times New Roman" w:hAnsi="Times New Roman"/><w:spacing w:val="-3"/><w:sz w:val="22"/></w:rPr></w:pPr><w:r w:rsidRPr="00FA2F03"><w:rPr><w:rFonts w:ascii="Times New Roman" w:hAnsi="Times New Roman"/><w:spacing w:val="-3"/><w:sz w:val="22"/></w:rPr><w:tab/><w:t xml:space="preserve">   •</w:t></w:r><w:r w:rsidRPr="00FA2F03"><w:rPr><w:rFonts w:ascii="Times New Roman" w:hAnsi="Times New Roman"/><w:spacing w:val="-3"/><w:sz w:val="22"/></w:rPr><w:tab/><w:t>Earnings Garnishment - Debtor's Answer (CV-424)</w:t></w:r></w:p><w:p w14:paraId="218F5390" w14:textId="77777777" w:rsidR="00A84873" w:rsidRPr="00FA2F03" w:rsidRDefault="00A84873" w:rsidP="00242D2C"><w:pPr><w:tabs><w:tab w:val="left" w:pos="-1440"/><w:tab w:val="left" w:pos="-720"/><w:tab w:val="left" w:pos="0"/><w:tab w:val="left" w:pos="2880"/></w:tabs><w:suppressAutoHyphens/><w:rPr><w:rFonts w:ascii="Times New Roman" w:hAnsi="Times New Roman"/><w:spacing w:val="-3"/><w:sz w:val="22"/></w:rPr></w:pPr><w:r w:rsidRPr="00FA2F03"><w:rPr><w:rFonts w:ascii="Times New Roman" w:hAnsi="Times New Roman"/><w:spacing w:val="-3"/><w:sz w:val="22"/></w:rPr><w:tab/><w:t xml:space="preserve">   •</w:t></w:r><w:r w:rsidRPr="00FA2F03"><w:rPr><w:rFonts w:ascii="Times New Roman" w:hAnsi="Times New Roman"/><w:spacing w:val="-3"/><w:sz w:val="22"/></w:rPr><w:tab/><w:t>Garnishment Exemption Worksheet (CV-426)</w:t></w:r></w:p><w:p w14:paraId="12858D36" w14:textId="77777777" w:rsidR="00A84873" w:rsidRPr="003A6033" w:rsidRDefault="00A84873" w:rsidP="00242D2C"><w:pPr><w:tabs><w:tab w:val="left" w:pos="-1440"/><w:tab w:val="left" w:pos="-720"/><w:tab w:val="left" w:pos="0"/><w:tab w:val="left" w:pos="2880"/></w:tabs><w:suppressAutoHyphens/><w:rPr><w:rFonts w:ascii="Times New Roman" w:hAnsi="Times New Roman"/><w:spacing w:val="-3"/><w:sz w:val="22"/></w:rPr></w:pPr><w:r w:rsidRPr="00FA2F03"><w:rPr><w:rFonts w:ascii="Times New Roman" w:hAnsi="Times New Roman"/><w:spacing w:val="-3"/><w:sz w:val="22"/></w:rPr><w:tab/><w:t xml:space="preserve">   •</w:t></w:r><w:r w:rsidRPr="00FA2F03"><w:rPr><w:rFonts w:ascii="Times New Roman" w:hAnsi="Times New Roman"/><w:spacing w:val="-3"/><w:sz w:val="22"/></w:rPr><w:tab/><w:t>Poverty Guidelines for Earnings (CV-427)</w:t></w:r></w:p><w:p w14:paraId="2887188D" w14:textId="77777777" w:rsidR="00A84873" w:rsidRPr="003A6033" w:rsidRDefault="00A84873"><w:pPr><w:tabs><w:tab w:val="left" w:pos="1440"/><w:tab w:val="left" w:pos="2160"/><w:tab w:val="left" w:pos="2880"/><w:tab w:val="left" w:pos="3600"/><w:tab w:val="left" w:pos="4320"/><w:tab w:val="left" w:pos="5040"/><w:tab w:val="left" w:pos="5760"/><w:tab w:val="left" w:pos="6480"/><w:tab w:val="left" w:pos="7200"/><w:tab w:val="left" w:pos="7920"/><w:tab w:val="left" w:pos="8640"/><w:tab w:val="left" w:pos="9360"/></w:tabs><w:spacing w:line="240" w:lineRule="atLeast"/><w:ind w:left="720" w:right="720"/><w:rPr><w:b/><w:i/><w:snapToGrid w:val="0"/></w:rPr></w:pPr></w:p><w:p w14:paraId="61C59B15" w14:textId="77777777" w:rsidR="00A84873" w:rsidRPr="003A6033" w:rsidRDefault="00A84873"><w:pPr><w:tabs><w:tab w:val="left" w:pos="1440"/><w:tab w:val="left" w:pos="2160"/><w:tab w:val="left" w:pos="2880"/><w:tab w:val="left" w:pos="3600"/><w:tab w:val="left" w:pos="4320"/><w:tab w:val="left" w:pos="5040"/><w:tab w:val="left" w:pos="5760"/><w:tab w:val="left" w:pos="6480"/><w:tab w:val="left" w:pos="7200"/><w:tab w:val="left" w:pos="7920"/><w:tab w:val="left" w:pos="8640"/><w:tab w:val="left" w:pos="9360"/></w:tabs><w:spacing w:line="240" w:lineRule="atLeast"/><w:ind w:left="720" w:right="720"/><w:rPr><w:b/><w:i/><w:snapToGrid w:val="0"/></w:rPr></w:pPr></w:p><w:p w14:paraId="74DB67DE" w14:textId="77777777" w:rsidR="00A84873" w:rsidRPr="003A6033" w:rsidRDefault="00A84873"><w:pPr><w:tabs><w:tab w:val="left" w:pos="1440"/><w:tab w:val="left" w:pos="2160"/><w:tab w:val="left" w:pos="2880"/><w:tab w:val="left" w:pos="3600"/><w:tab w:val="left" w:pos="4320"/><w:tab w:val="left" w:pos="5040"/><w:tab w:val="left" w:pos="5760"/><w:tab w:val="left" w:pos="6480"/><w:tab w:val="left" w:pos="7200"/><w:tab w:val="left" w:pos="7920"/><w:tab w:val="left" w:pos="8640"/><w:tab w:val="left" w:pos="9360"/></w:tabs><w:spacing w:line="240" w:lineRule="atLeast"/><w:ind w:left="720" w:right="720"/><w:rPr><w:b/><w:i/><w:snapToGrid w:val="0"/></w:rPr></w:pPr></w:p><w:p w14:paraId="202C976D" w14:textId="77777777" w:rsidR="00A84873" w:rsidRPr="003A6033" w:rsidRDefault="00A84873"><w:pPr><w:tabs><w:tab w:val="left" w:pos="1040"/><w:tab w:val="left" w:pos="1320"/><w:tab w:val="left" w:pos="2160"/><w:tab w:val="left" w:pos="2880"/><w:tab w:val="left" w:pos="3600"/><w:tab w:val="left" w:pos="4320"/><w:tab w:val="left" w:pos="5040"/><w:tab w:val="left" w:pos="5760"/><w:tab w:val="left" w:pos="6480"/><w:tab w:val="left" w:pos="7200"/><w:tab w:val="left" w:pos="7920"/><w:tab w:val="left" w:pos="8640"/><w:tab w:val="left" w:pos="9360"/></w:tabs><w:spacing w:line="240" w:lineRule="atLeast"/><w:ind w:left="720" w:right="960"/><w:jc w:val="center"/><w:rPr><w:b/><w:i/><w:snapToGrid w:val="0"/><w:color w:val="000000"/></w:rPr></w:pPr><w:r w:rsidRPr="003A6033"><w:rPr><w:b/><w:i/><w:snapToGrid w:val="0"/><w:color w:val="000000"/></w:rPr><w:t>See page 2 of form for further information.</w:t></w:r></w:p><w:p w14:paraId="69B9FA1A" w14:textId="77777777" w:rsidR="00A84873" w:rsidRPr="003A6033" w:rsidRDefault="00A84873"><w:pPr><w:tabs><w:tab w:val="left" w:pos="1040"/><w:tab w:val="left" w:pos="1320"/><w:tab w:val="left" w:pos="2160"/><w:tab w:val="left" w:pos="2880"/><w:tab w:val="left" w:pos="3600"/><w:tab w:val="left" w:pos="4320"/><w:tab w:val="left" w:pos="5040"/><w:tab w:val="left" w:pos="5760"/><w:tab w:val="left" w:pos="6480"/><w:tab w:val="left" w:pos="7200"/><w:tab w:val="left" w:pos="7920"/><w:tab w:val="left" w:pos="8640"/></w:tabs><w:spacing w:line="240" w:lineRule="atLeast"/><w:ind w:right="18"/><w:jc w:val="center"/><w:rPr><w:b/><w:snapToGrid w:val="0"/></w:rPr></w:pPr><w:r w:rsidRPr="003A6033"><w:rPr><w:b/><w:i/><w:snapToGrid w:val="0"/><w:color w:val="000000"/></w:rPr><w:br w:type="page"/></w:r><w:r w:rsidRPr="003A6033"><w:rPr><w:b/><w:snapToGrid w:val="0"/><w:color w:val="000000"/></w:rPr><w:lastRenderedPageBreak/><w:t>DETERMINE WHETHER YOU WILL OWE THE DEBTOR EARNINGS</w:t></w:r></w:p><w:p w14:paraId="1EBC988E" w14:textId="77777777" w:rsidR="00A84873" w:rsidRDefault="00A84873" w:rsidP="00B72FE5"><w:pPr><w:numPr><w:ilvl w:val="0"/><w:numId w:val="11"/></w:numPr><w:tabs><w:tab w:val="left" w:pos="360"/><w:tab w:val="left" w:pos="630"/><w:tab w:val="left" w:pos="2160"/><w:tab w:val="left" w:pos="2880"/><w:tab w:val="left" w:pos="3600"/><w:tab w:val="left" w:pos="4320"/><w:tab w:val="left" w:pos="5040"/><w:tab w:val="left" w:pos="5760"/><w:tab w:val="left" w:pos="6480"/><w:tab w:val="left" w:pos="7200"/><w:tab w:val="left" w:pos="7920"/><w:tab w:val="left" w:pos="8640"/></w:tabs><w:spacing w:line="240" w:lineRule="atLeast"/><w:ind w:right="18"/><w:rPr><w:snapToGrid w:val="0"/></w:rPr></w:pPr><w:r w:rsidRPr="003A6033"><w:rPr><w:snapToGrid w:val="0"/></w:rPr><w:t>Determine if you are likely to owe the debtor for earnings in pay periods beginning within the next 13 weeks.</w:t></w:r></w:p><w:p w14:paraId="443542A6" w14:textId="77777777" w:rsidR="00A84873" w:rsidRPr="003A6033" w:rsidRDefault="00A84873" w:rsidP="00B72FE5"><w:pPr><w:tabs><w:tab w:val="left" w:pos="360"/><w:tab w:val="left" w:pos="630"/><w:tab w:val="left" w:pos="2160"/><w:tab w:val="left" w:pos="2880"/><w:tab w:val="left" w:pos="3600"/><w:tab w:val="left" w:pos="4320"/><w:tab w:val="left" w:pos="5040"/><w:tab w:val="left" w:pos="5760"/><w:tab w:val="left" w:pos="6480"/><w:tab w:val="left" w:pos="7200"/><w:tab w:val="left" w:pos="7920"/><w:tab w:val="left" w:pos="8640"/></w:tabs><w:spacing w:line="240" w:lineRule="atLeast"/><w:ind w:left="720" w:right="18"/><w:rPr><w:snapToGrid w:val="0"/></w:rPr></w:pPr></w:p><w:p w14:paraId="4A4AA396" w14:textId="77777777" w:rsidR="00A84873" w:rsidRPr="003A6033" w:rsidRDefault="00A84873" w:rsidP="00C100BE"><w:pPr><w:tabs><w:tab w:val="left" w:pos="360"/><w:tab w:val="left" w:pos="630"/><w:tab w:val="left" w:pos="2160"/><w:tab w:val="left" w:pos="2880"/><w:tab w:val="left" w:pos="3600"/><w:tab w:val="left" w:pos="4320"/><w:tab w:val="left" w:pos="5040"/><w:tab w:val="left" w:pos="5760"/><w:tab w:val="left" w:pos="6480"/><w:tab w:val="left" w:pos="7200"/><w:tab w:val="left" w:pos="7920"/><w:tab w:val="left" w:pos="8640"/></w:tabs><w:spacing w:line="240" w:lineRule="atLeast"/><w:ind w:left="630" w:right="18" w:hanging="270"/><w:rPr><w:snapToGrid w:val="0"/></w:rPr></w:pPr><w:r w:rsidRPr="003A6033"><w:rPr><w:snapToGrid w:val="0"/></w:rPr><w:t>2.</w:t></w:r><w:r w:rsidRPr="003A6033"><w:rPr><w:snapToGrid w:val="0"/></w:rPr><w:tab/><w:t>If you are not likely to owe the debtor for earnings in pay periods beginning within the next 13 weeks, send a statement stating that fact to the creditor by the end of the 7th business day after receiving the earnings garnishment forms.  (Business days do not include Saturdays, Sundays, or legal holidays).</w:t></w:r></w:p><w:p w14:paraId="2C727DB2" w14:textId="77777777" w:rsidR="00A84873" w:rsidRPr="003A6033" w:rsidRDefault="00A84873"><w:pPr><w:tabs><w:tab w:val="left" w:pos="360"/><w:tab w:val="left" w:pos="630"/><w:tab w:val="left" w:pos="2160"/><w:tab w:val="left" w:pos="2880"/><w:tab w:val="left" w:pos="3600"/><w:tab w:val="left" w:pos="4320"/><w:tab w:val="left" w:pos="5040"/><w:tab w:val="left" w:pos="5760"/><w:tab w:val="left" w:pos="6480"/><w:tab w:val="left" w:pos="7200"/><w:tab w:val="left" w:pos="7920"/><w:tab w:val="left" w:pos="8640"/></w:tabs><w:spacing w:line="240" w:lineRule="atLeast"/><w:ind w:right="18"/><w:rPr><w:snapToGrid w:val="0"/></w:rPr></w:pPr></w:p><w:p w14:paraId="3F4CE517" w14:textId="77777777" w:rsidR="00A84873" w:rsidRPr="003A6033" w:rsidRDefault="00A84873"><w:pPr><w:tabs><w:tab w:val="left" w:pos="360"/><w:tab w:val="left" w:pos="630"/><w:tab w:val="left" w:pos="2160"/><w:tab w:val="left" w:pos="2880"/><w:tab w:val="left" w:pos="3600"/><w:tab w:val="left" w:pos="4320"/><w:tab w:val="left" w:pos="5040"/><w:tab w:val="left" w:pos="5760"/><w:tab w:val="left" w:pos="6480"/><w:tab w:val="left" w:pos="7200"/><w:tab w:val="left" w:pos="7920"/><w:tab w:val="left" w:pos="8640"/></w:tabs><w:spacing w:line="240" w:lineRule="atLeast"/><w:ind w:right="18"/><w:jc w:val="center"/><w:rPr><w:b/><w:snapToGrid w:val="0"/></w:rPr></w:pPr><w:r w:rsidRPr="003A6033"><w:rPr><w:b/><w:snapToGrid w:val="0"/></w:rPr><w:t>IF THE DEBTOR SENDS YOU AN ANSWER</w:t></w:r></w:p><w:p w14:paraId="03FD6B84" w14:textId="77777777" w:rsidR="00A84873" w:rsidRDefault="00A84873" w:rsidP="00C100BE"><w:pPr><w:tabs><w:tab w:val="left" w:pos="360"/><w:tab w:val="left" w:pos="630"/><w:tab w:val="left" w:pos="2160"/><w:tab w:val="left" w:pos="2880"/><w:tab w:val="left" w:pos="3600"/><w:tab w:val="left" w:pos="4320"/><w:tab w:val="left" w:pos="5040"/><w:tab w:val="left" w:pos="5760"/><w:tab w:val="left" w:pos="6480"/><w:tab w:val="left" w:pos="7200"/><w:tab w:val="left" w:pos="7920"/><w:tab w:val="left" w:pos="8640"/></w:tabs><w:spacing w:line="240" w:lineRule="atLeast"/><w:ind w:left="630" w:right="18" w:hanging="270"/><w:rPr><w:snapToGrid w:val="0"/></w:rPr></w:pPr><w:r w:rsidRPr="003A6033"><w:rPr><w:snapToGrid w:val="0"/></w:rPr><w:t>3.</w:t></w:r><w:r w:rsidRPr="003A6033"><w:rPr><w:snapToGrid w:val="0"/></w:rPr><w:tab/><w:t>Whenever you receive a debtor's answer form from the debtor, mail a copy of the answer form to the creditor by the end of the 3rd business day after receipt of that form.  Include the date you received the answer form on the copy sent to the creditor.</w:t></w:r></w:p><w:p w14:paraId="2C12575C" w14:textId="77777777" w:rsidR="00A84873" w:rsidRPr="003A6033" w:rsidRDefault="00A84873" w:rsidP="00C100BE"><w:pPr><w:tabs><w:tab w:val="left" w:pos="360"/><w:tab w:val="left" w:pos="630"/><w:tab w:val="left" w:pos="2160"/><w:tab w:val="left" w:pos="2880"/><w:tab w:val="left" w:pos="3600"/><w:tab w:val="left" w:pos="4320"/><w:tab w:val="left" w:pos="5040"/><w:tab w:val="left" w:pos="5760"/><w:tab w:val="left" w:pos="6480"/><w:tab w:val="left" w:pos="7200"/><w:tab w:val="left" w:pos="7920"/><w:tab w:val="left" w:pos="8640"/></w:tabs><w:spacing w:line="240" w:lineRule="atLeast"/><w:ind w:left="630" w:right="18" w:hanging="270"/><w:rPr><w:snapToGrid w:val="0"/></w:rPr></w:pPr></w:p><w:p w14:paraId="56AE24EF" w14:textId="77777777" w:rsidR="00A84873" w:rsidRPr="003A6033" w:rsidRDefault="00A84873" w:rsidP="00C100BE"><w:pPr><w:tabs><w:tab w:val="left" w:pos="630"/><w:tab w:val="left" w:pos="2160"/><w:tab w:val="left" w:pos="2880"/><w:tab w:val="left" w:pos="3600"/><w:tab w:val="left" w:pos="4320"/><w:tab w:val="left" w:pos="5040"/><w:tab w:val="left" w:pos="5760"/><w:tab w:val="left" w:pos="6480"/><w:tab w:val="left" w:pos="7200"/><w:tab w:val="left" w:pos="7920"/><w:tab w:val="left" w:pos="8640"/></w:tabs><w:spacing w:line="240" w:lineRule="atLeast"/><w:ind w:left="630" w:right="18" w:hanging="270"/><w:rPr><w:snapToGrid w:val="0"/></w:rPr></w:pPr><w:r w:rsidRPr="003A6033"><w:rPr><w:snapToGrid w:val="0"/></w:rPr><w:t>4.</w:t></w:r><w:r w:rsidRPr="003A6033"><w:rPr><w:snapToGrid w:val="0"/></w:rPr><w:tab/><w:t>If the debtor's answer form claims a complete exemption or defense, do not withhold or pay to the creditor any part of the debtor's earnings under this garnishment unless you receive an order of the court directing you to do so.</w:t></w:r></w:p><w:p w14:paraId="71CBCDB9" w14:textId="77777777" w:rsidR="00A84873" w:rsidRDefault="00A84873"><w:pPr><w:tabs><w:tab w:val="left" w:pos="360"/><w:tab w:val="left" w:pos="630"/><w:tab w:val="left" w:pos="2160"/><w:tab w:val="left" w:pos="2880"/><w:tab w:val="left" w:pos="3600"/><w:tab w:val="left" w:pos="4320"/><w:tab w:val="left" w:pos="5040"/><w:tab w:val="left" w:pos="5760"/><w:tab w:val="left" w:pos="6480"/><w:tab w:val="left" w:pos="7200"/><w:tab w:val="left" w:pos="7920"/><w:tab w:val="left" w:pos="8640"/></w:tabs><w:spacing w:line="240" w:lineRule="atLeast"/><w:ind w:right="18"/><w:jc w:val="center"/><w:rPr><w:b/><w:snapToGrid w:val="0"/></w:rPr></w:pPr></w:p><w:p w14:paraId="32A01770" w14:textId="77777777" w:rsidR="00A84873" w:rsidRPr="003A6033" w:rsidRDefault="00A84873"><w:pPr><w:tabs><w:tab w:val="left" w:pos="360"/><w:tab w:val="left" w:pos="630"/><w:tab w:val="left" w:pos="2160"/><w:tab w:val="left" w:pos="2880"/><w:tab w:val="left" w:pos="3600"/><w:tab w:val="left" w:pos="4320"/><w:tab w:val="left" w:pos="5040"/><w:tab w:val="left" w:pos="5760"/><w:tab w:val="left" w:pos="6480"/><w:tab w:val="left" w:pos="7200"/><w:tab w:val="left" w:pos="7920"/><w:tab w:val="left" w:pos="8640"/></w:tabs><w:spacing w:line="240" w:lineRule="atLeast"/><w:ind w:right="18"/><w:jc w:val="center"/><w:rPr><w:b/><w:snapToGrid w:val="0"/></w:rPr></w:pPr><w:r w:rsidRPr="003A6033"><w:rPr><w:b/><w:snapToGrid w:val="0"/></w:rPr><w:t>MULTIPLE EARNINGS GARNISHMENTS</w:t></w:r></w:p><w:p w14:paraId="42AFE673" w14:textId="77777777" w:rsidR="00A84873" w:rsidRPr="003A6033" w:rsidRDefault="00A84873" w:rsidP="00C100BE"><w:pPr><w:tabs><w:tab w:val="left" w:pos="630"/><w:tab w:val="left" w:pos="2160"/><w:tab w:val="left" w:pos="2880"/><w:tab w:val="left" w:pos="3600"/><w:tab w:val="left" w:pos="4320"/><w:tab w:val="left" w:pos="5040"/><w:tab w:val="left" w:pos="5760"/><w:tab w:val="left" w:pos="6480"/><w:tab w:val="left" w:pos="7200"/><w:tab w:val="left" w:pos="7920"/><w:tab w:val="left" w:pos="8640"/></w:tabs><w:spacing w:line="240" w:lineRule="atLeast"/><w:ind w:left="630" w:right="18" w:hanging="270"/><w:rPr><w:snapToGrid w:val="0"/></w:rPr></w:pPr><w:r w:rsidRPr="003A6033"><w:rPr><w:snapToGrid w:val="0"/></w:rPr><w:t>5.</w:t></w:r><w:r w:rsidRPr="003A6033"><w:rPr><w:snapToGrid w:val="0"/></w:rPr><w:tab/><w:t>If the debtor's earnings are already being garnished when you receive this earnings garnishment, place this earnings garnishment into effect the pay period after the last of any prior earnings garnishments terminates.  Notify the debtor of the amount of the garnishment and notify the creditor of the amount owed on the pending garnishments by the end of the 7th business day after you receive these forms.  If there are no prior pending earnings garnishments against the debtor's earnings, place this earnings garnishment into effect the pay period after you receive it.</w:t></w:r></w:p><w:p w14:paraId="71289D8B" w14:textId="77777777" w:rsidR="00A84873" w:rsidRPr="003A6033" w:rsidRDefault="00A84873"><w:pPr><w:tabs><w:tab w:val="left" w:pos="360"/><w:tab w:val="left" w:pos="630"/><w:tab w:val="left" w:pos="2160"/><w:tab w:val="left" w:pos="2880"/><w:tab w:val="left" w:pos="3600"/><w:tab w:val="left" w:pos="4320"/><w:tab w:val="left" w:pos="5040"/><w:tab w:val="left" w:pos="5760"/><w:tab w:val="left" w:pos="6480"/><w:tab w:val="left" w:pos="7200"/><w:tab w:val="left" w:pos="7920"/><w:tab w:val="left" w:pos="8640"/></w:tabs><w:spacing w:line="240" w:lineRule="atLeast"/><w:ind w:right="18"/><w:rPr><w:snapToGrid w:val="0"/></w:rPr></w:pPr></w:p><w:p w14:paraId="3E30E08C" w14:textId="77777777" w:rsidR="00A84873" w:rsidRPr="00497543" w:rsidRDefault="00A84873"><w:pPr><w:tabs><w:tab w:val="left" w:pos="360"/><w:tab w:val="left" w:pos="630"/><w:tab w:val="left" w:pos="2160"/><w:tab w:val="left" w:pos="2880"/><w:tab w:val="left" w:pos="3600"/><w:tab w:val="left" w:pos="4320"/><w:tab w:val="left" w:pos="5040"/><w:tab w:val="left" w:pos="5760"/><w:tab w:val="left" w:pos="6480"/><w:tab w:val="left" w:pos="7200"/><w:tab w:val="left" w:pos="7920"/><w:tab w:val="left" w:pos="8640"/></w:tabs><w:spacing w:line="240" w:lineRule="atLeast"/><w:ind w:right="18"/><w:jc w:val="center"/><w:rPr><w:b/><w:snapToGrid w:val="0"/></w:rPr></w:pPr><w:r w:rsidRPr="00497543"><w:rPr><w:b/><w:snapToGrid w:val="0"/></w:rPr><w:t xml:space="preserve">EARNINGS GARNISHMENTS LAST 13 WEEKS, EXCEPT FOR PUBLIC EMPLOYEES </w:t></w:r></w:p><w:p w14:paraId="742328DB" w14:textId="77777777" w:rsidR="00A84873" w:rsidRPr="00497543" w:rsidRDefault="00A84873"><w:pPr><w:tabs><w:tab w:val="left" w:pos="360"/><w:tab w:val="left" w:pos="630"/><w:tab w:val="left" w:pos="2160"/><w:tab w:val="left" w:pos="2880"/><w:tab w:val="left" w:pos="3600"/><w:tab w:val="left" w:pos="4320"/><w:tab w:val="left" w:pos="5040"/><w:tab w:val="left" w:pos="5760"/><w:tab w:val="left" w:pos="6480"/><w:tab w:val="left" w:pos="7200"/><w:tab w:val="left" w:pos="7920"/><w:tab w:val="left" w:pos="8640"/></w:tabs><w:spacing w:line="240" w:lineRule="atLeast"/><w:ind w:right="18"/><w:jc w:val="center"/><w:rPr><w:b/><w:snapToGrid w:val="0"/></w:rPr></w:pPr><w:r w:rsidRPr="00497543"><w:rPr><w:b/><w:snapToGrid w:val="0"/></w:rPr><w:t>AND EXCEPT FOR GARNISHMENTS TO SATISFY AN ORDER FOR VICTIM RESTITUTION</w:t></w:r></w:p><w:p w14:paraId="03E35D23" w14:textId="77777777" w:rsidR="00A84873" w:rsidRPr="00497543" w:rsidRDefault="00A84873" w:rsidP="00C100BE"><w:pPr><w:tabs><w:tab w:val="left" w:pos="630"/><w:tab w:val="left" w:pos="2160"/><w:tab w:val="left" w:pos="2880"/><w:tab w:val="left" w:pos="3600"/><w:tab w:val="left" w:pos="4320"/><w:tab w:val="left" w:pos="5040"/><w:tab w:val="left" w:pos="5760"/><w:tab w:val="left" w:pos="6480"/><w:tab w:val="left" w:pos="7200"/><w:tab w:val="left" w:pos="7920"/><w:tab w:val="left" w:pos="8640"/></w:tabs><w:spacing w:line="240" w:lineRule="atLeast"/><w:ind w:left="630" w:right="18" w:hanging="270"/><w:rPr><w:snapToGrid w:val="0"/></w:rPr></w:pPr><w:r w:rsidRPr="00497543"><w:rPr><w:snapToGrid w:val="0"/></w:rPr><w:t>6.</w:t></w:r><w:r w:rsidRPr="00497543"><w:rPr><w:snapToGrid w:val="0"/></w:rPr><w:tab/><w:t xml:space="preserve">The garnishment of the earnings of employees of the state of </w:t></w:r><w:smartTag w:uri="urn:schemas-microsoft-com:office:smarttags" w:element="State"><w:smartTag w:uri="urn:schemas-microsoft-com:office:smarttags" w:element="place"><w:r w:rsidRPr="00497543"><w:rPr><w:snapToGrid w:val="0"/></w:rPr><w:t>Wisconsin</w:t></w:r></w:smartTag></w:smartTag><w:r w:rsidRPr="00497543"><w:rPr><w:snapToGrid w:val="0"/></w:rPr><w:t xml:space="preserve"> and its political subdivisions, and a garnishment to satisfy an order for victim restitution under </w:t></w:r><w:r w:rsidRPr="00497543"><w:rPr><w:rFonts w:cs="Arial"/><w:snapToGrid w:val="0"/></w:rPr><w:t>§</w:t></w:r><w:r w:rsidRPr="00497543"><w:rPr><w:snapToGrid w:val="0"/></w:rPr><w:t>973.20(1r), Wis. Stats., for victim restitution remain in effect until the judgment is satisfied.  The garnishment of earnings of other employees will affect the debtor's earnings for all pay periods beginning within 13 weeks after you receive it, unless the debtor's earnings are already being garnished.  If this earnings garnishment is delayed under paragraph 5 above, it will affect the debtor's earnings for all pay periods beginning within 13 weeks after the first day of the pay period that you put this earnings garnishment into effect.  If the amount claimed by the creditor is fully paid before the end of the 13 weeks, this earnings garnishment will terminate at that point.</w:t></w:r></w:p><w:p w14:paraId="4478B9B1" w14:textId="77777777" w:rsidR="00A84873" w:rsidRPr="00497543" w:rsidRDefault="00A84873"><w:pPr><w:tabs><w:tab w:val="left" w:pos="360"/><w:tab w:val="left" w:pos="630"/><w:tab w:val="left" w:pos="2160"/><w:tab w:val="left" w:pos="2880"/><w:tab w:val="left" w:pos="3600"/><w:tab w:val="left" w:pos="4320"/><w:tab w:val="left" w:pos="5040"/><w:tab w:val="left" w:pos="5760"/><w:tab w:val="left" w:pos="6480"/><w:tab w:val="left" w:pos="7200"/><w:tab w:val="left" w:pos="7920"/><w:tab w:val="left" w:pos="8640"/></w:tabs><w:spacing w:line="240" w:lineRule="atLeast"/><w:ind w:right="18"/><w:rPr><w:snapToGrid w:val="0"/></w:rPr></w:pPr></w:p><w:p w14:paraId="66789B0F" w14:textId="77777777" w:rsidR="00A84873" w:rsidRPr="00497543" w:rsidRDefault="00A84873"><w:pPr><w:tabs><w:tab w:val="left" w:pos="360"/><w:tab w:val="left" w:pos="630"/><w:tab w:val="left" w:pos="2160"/><w:tab w:val="left" w:pos="2880"/><w:tab w:val="left" w:pos="3600"/><w:tab w:val="left" w:pos="4320"/><w:tab w:val="left" w:pos="5040"/><w:tab w:val="left" w:pos="5760"/><w:tab w:val="left" w:pos="6480"/><w:tab w:val="left" w:pos="7200"/><w:tab w:val="left" w:pos="7920"/><w:tab w:val="left" w:pos="8640"/></w:tabs><w:spacing w:line="240" w:lineRule="atLeast"/><w:ind w:right="18"/><w:jc w:val="center"/><w:rPr><w:b/><w:snapToGrid w:val="0"/></w:rPr></w:pPr><w:r w:rsidRPr="00497543"><w:rPr><w:b/><w:snapToGrid w:val="0"/></w:rPr><w:t>PAYING THE CREDITOR</w:t></w:r></w:p><w:p w14:paraId="3BE16D89" w14:textId="77777777" w:rsidR="00A84873" w:rsidRPr="00497543" w:rsidRDefault="00A84873" w:rsidP="00C100BE"><w:pPr><w:tabs><w:tab w:val="left" w:pos="630"/><w:tab w:val="left" w:pos="2160"/><w:tab w:val="left" w:pos="2880"/><w:tab w:val="left" w:pos="3600"/><w:tab w:val="left" w:pos="4320"/><w:tab w:val="left" w:pos="5040"/><w:tab w:val="left" w:pos="5760"/><w:tab w:val="left" w:pos="6480"/><w:tab w:val="left" w:pos="7200"/><w:tab w:val="left" w:pos="7920"/><w:tab w:val="left" w:pos="8640"/></w:tabs><w:spacing w:line="240" w:lineRule="atLeast"/><w:ind w:left="630" w:right="18" w:hanging="270"/><w:rPr><w:snapToGrid w:val="0"/></w:rPr></w:pPr><w:r w:rsidRPr="00497543"><w:rPr><w:snapToGrid w:val="0"/></w:rPr><w:t>7.</w:t></w:r><w:r w:rsidRPr="00497543"><w:rPr><w:snapToGrid w:val="0"/></w:rPr><w:tab/><w:t>Between 5 and 10 business days after each payday of a pay period affected by this earnings garnishment, pay the creditor 20% of the debtor's disposable earnings or the amount by which disposable earnings exceed thirty times the federal minimum hourly wage, whichever is less, for that pay period. After the first payment, keep a $3 fee for each payment delivered to the creditor. That additional fee shall be deducted from the moneys delivered to the creditor.  Payment is complete upon mailing.  "Disposable earnings" are those remaining after deducting Social Security, state and federal income taxes.</w:t></w:r></w:p><w:p w14:paraId="5233E780" w14:textId="77777777" w:rsidR="00A84873" w:rsidRPr="00497543" w:rsidRDefault="00A84873"><w:pPr><w:tabs><w:tab w:val="left" w:pos="360"/><w:tab w:val="left" w:pos="630"/><w:tab w:val="left" w:pos="2160"/><w:tab w:val="left" w:pos="2880"/><w:tab w:val="left" w:pos="3600"/><w:tab w:val="left" w:pos="4320"/><w:tab w:val="left" w:pos="5040"/><w:tab w:val="left" w:pos="5760"/><w:tab w:val="left" w:pos="6480"/><w:tab w:val="left" w:pos="7200"/><w:tab w:val="left" w:pos="7920"/><w:tab w:val="left" w:pos="8640"/></w:tabs><w:spacing w:line="240" w:lineRule="atLeast"/><w:ind w:right="18"/><w:rPr><w:snapToGrid w:val="0"/></w:rPr></w:pPr></w:p><w:p w14:paraId="2C450553" w14:textId="77777777" w:rsidR="00A84873" w:rsidRPr="00497543" w:rsidRDefault="00A84873"><w:pPr><w:tabs><w:tab w:val="left" w:pos="360"/><w:tab w:val="left" w:pos="630"/><w:tab w:val="left" w:pos="2160"/><w:tab w:val="left" w:pos="2880"/><w:tab w:val="left" w:pos="3600"/><w:tab w:val="left" w:pos="4320"/><w:tab w:val="left" w:pos="5040"/><w:tab w:val="left" w:pos="5760"/><w:tab w:val="left" w:pos="6480"/><w:tab w:val="left" w:pos="7200"/><w:tab w:val="left" w:pos="7920"/><w:tab w:val="left" w:pos="8640"/></w:tabs><w:spacing w:line="240" w:lineRule="atLeast"/><w:ind w:right="18"/><w:jc w:val="center"/><w:rPr><w:b/><w:snapToGrid w:val="0"/></w:rPr></w:pPr><w:r w:rsidRPr="00497543"><w:rPr><w:b/><w:snapToGrid w:val="0"/></w:rPr><w:t>EFFECT OF COURT-ORDERED ASSIGNMENTS FOR SUPPORT</w:t></w:r></w:p><w:p w14:paraId="6EEA033D" w14:textId="77777777" w:rsidR="00A84873" w:rsidRPr="00497543" w:rsidRDefault="00A84873" w:rsidP="00C100BE"><w:pPr><w:tabs><w:tab w:val="left" w:pos="630"/><w:tab w:val="left" w:pos="2160"/><w:tab w:val="left" w:pos="2880"/><w:tab w:val="left" w:pos="3600"/><w:tab w:val="left" w:pos="4320"/><w:tab w:val="left" w:pos="5040"/><w:tab w:val="left" w:pos="5760"/><w:tab w:val="left" w:pos="6480"/><w:tab w:val="left" w:pos="7200"/><w:tab w:val="left" w:pos="7920"/><w:tab w:val="left" w:pos="8640"/></w:tabs><w:spacing w:line="240" w:lineRule="atLeast"/><w:ind w:left="630" w:right="18" w:hanging="270"/><w:rPr><w:snapToGrid w:val="0"/></w:rPr></w:pPr><w:r w:rsidRPr="00497543"><w:rPr><w:snapToGrid w:val="0"/></w:rPr><w:t>8.</w:t></w:r><w:r w:rsidRPr="00497543"><w:rPr><w:snapToGrid w:val="0"/></w:rPr><w:tab/><w:t>If the debtor has assigned his or her earnings for support by court order, those support payments take priority over this earnings garnishment.  If 25% or more of the debtors' disposable earnings is assigned for support by the court order, do not pay any part of the debtor's earnings to the creditor.  Instead, send the creditor a statement of that fact by the end of the 7th business day after you receive these forms.  If less than 25% of the debtor's earnings is assigned for support by court order, the amount the creditor must be paid is reduced so that the total of earnings assigned and garnished does not exceed 25% of the debtor's disposable earnings.</w:t></w:r></w:p><w:p w14:paraId="228B1CF2" w14:textId="77777777" w:rsidR="00A84873" w:rsidRPr="00497543" w:rsidRDefault="00A84873"><w:pPr><w:tabs><w:tab w:val="left" w:pos="360"/><w:tab w:val="left" w:pos="630"/><w:tab w:val="left" w:pos="2160"/><w:tab w:val="left" w:pos="2880"/><w:tab w:val="left" w:pos="3600"/><w:tab w:val="left" w:pos="4320"/><w:tab w:val="left" w:pos="5040"/><w:tab w:val="left" w:pos="5760"/><w:tab w:val="left" w:pos="6480"/><w:tab w:val="left" w:pos="7200"/><w:tab w:val="left" w:pos="7920"/><w:tab w:val="left" w:pos="8640"/></w:tabs><w:spacing w:line="240" w:lineRule="atLeast"/><w:ind w:right="18"/><w:rPr><w:snapToGrid w:val="0"/></w:rPr></w:pPr></w:p><w:p w14:paraId="4DE2250A" w14:textId="77777777" w:rsidR="00A84873" w:rsidRPr="00497543" w:rsidRDefault="00A84873"><w:pPr><w:tabs><w:tab w:val="left" w:pos="360"/><w:tab w:val="left" w:pos="630"/><w:tab w:val="left" w:pos="2160"/><w:tab w:val="left" w:pos="2880"/><w:tab w:val="left" w:pos="3600"/><w:tab w:val="left" w:pos="4320"/><w:tab w:val="left" w:pos="5040"/><w:tab w:val="left" w:pos="5760"/><w:tab w:val="left" w:pos="6480"/><w:tab w:val="left" w:pos="7200"/><w:tab w:val="left" w:pos="7920"/><w:tab w:val="left" w:pos="8640"/></w:tabs><w:spacing w:line="240" w:lineRule="atLeast"/><w:ind w:right="18"/><w:jc w:val="center"/><w:rPr><w:b/><w:snapToGrid w:val="0"/></w:rPr></w:pPr><w:r w:rsidRPr="00497543"><w:rPr><w:b/><w:snapToGrid w:val="0"/></w:rPr><w:t>EXTENSIONS</w:t></w:r></w:p><w:p w14:paraId="77B3C227" w14:textId="77777777" w:rsidR="00A84873" w:rsidRDefault="00A84873" w:rsidP="00C100BE"><w:pPr><w:tabs><w:tab w:val="left" w:pos="630"/><w:tab w:val="left" w:pos="2160"/><w:tab w:val="left" w:pos="2880"/><w:tab w:val="left" w:pos="3600"/><w:tab w:val="left" w:pos="4320"/><w:tab w:val="left" w:pos="5040"/><w:tab w:val="left" w:pos="5760"/><w:tab w:val="left" w:pos="6480"/><w:tab w:val="left" w:pos="7200"/><w:tab w:val="left" w:pos="7920"/><w:tab w:val="left" w:pos="8640"/></w:tabs><w:spacing w:line="240" w:lineRule="atLeast"/><w:ind w:left="630" w:right="18" w:hanging="270"/><w:rPr><w:snapToGrid w:val="0"/></w:rPr></w:pPr><w:r w:rsidRPr="00497543"><w:rPr><w:snapToGrid w:val="0"/></w:rPr><w:t>9.</w:t></w:r><w:r w:rsidRPr="00497543"><w:rPr><w:snapToGrid w:val="0"/></w:rPr><w:tab/><w:t>The debtor and creditor may agree in writing to extend this earnings garnishment for additional pay periods beginning within 13 weeks after this earnings garnishment would otherwise terminate.  If you receive a written</w:t></w:r><w:r w:rsidRPr="003A6033"><w:rPr><w:snapToGrid w:val="0"/></w:rPr><w:t xml:space="preserve"> extension stipulation, and an additional garnishee fee for each extension, you must honor it unless a different garnishment against this debtor's earnings is served upon you before the extension takes effect.  In that case, the extension is void and you must return the extension fee to the party who paid it to you.</w:t></w:r></w:p><w:sectPr w:rsidR="00A84873"><w:headerReference w:type="even" r:id="rId7"/><w:headerReference w:type="default" r:id="rId8"/><w:footerReference w:type="even" r:id="rId9"/><w:footerReference w:type="default" r:id="rId10"/><w:headerReference w:type="first" r:id="rId11"/><w:footerReference w:type="first" r:id="rId12"/><w:type w:val="continuous"/><w:pgSz w:w="12240" w:h="15840"/><w:pgMar w:top="864" w:right="864" w:bottom="864" w:left="864" w:header="864" w:footer="360" w:gutter="0"/><w:cols w:space="720"/><w:titlePg/></w:sectPr></w:body></w:document>