<?xml version="1.0" encoding="UTF-8" standalone="yes"?>
<Properties xmlns="http://schemas.openxmlformats.org/officeDocument/2006/extended-properties" xmlns:vt="http://schemas.openxmlformats.org/officeDocument/2006/docPropsVTypes"><Template>CivilTemplate_Master</Template><TotalTime>3</TotalTime><Pages>2</Pages><Words>577</Words><Characters>3295</Characters><Application>Microsoft Office Word</Application><DocSecurity>0</DocSecurity><Lines>27</Lines><Paragraphs>7</Paragraphs><ScaleCrop>false</ScaleCrop><HeadingPairs><vt:vector size="2" baseType="variant"><vt:variant><vt:lpstr>Title</vt:lpstr></vt:variant><vt:variant><vt:i4>1</vt:i4></vt:variant></vt:vector></HeadingPairs><TitlesOfParts><vt:vector size="1" baseType="lpstr"><vt:lpstr>CV-423: Earnings Garnishment - Exemption Notice</vt:lpstr></vt:vector></TitlesOfParts><Company>Wisconsin State Courts</Company><LinksUpToDate>false</LinksUpToDate><CharactersWithSpaces>3865</CharactersWithSpaces><SharedDoc>false</SharedDoc><HyperlinksChanged>false</HyperlinksChanged><AppVersion>16.0000</AppVersion></Properties>