<?xml version="1.0" encoding="UTF-8" standalone="yes"?>
<Properties xmlns="http://schemas.openxmlformats.org/officeDocument/2006/custom-properties" xmlns:vt="http://schemas.openxmlformats.org/officeDocument/2006/docPropsVTypes"><property fmtid="{D5CDD505-2E9C-101B-9397-08002B2CF9AE}" pid="2" name="Revision_Date"><vt:lpwstr>10/10</vt:lpwstr></property><property fmtid="{D5CDD505-2E9C-101B-9397-08002B2CF9AE}" pid="3" name="Title_Line1"><vt:lpwstr>Earnings Garnishment -</vt:lpwstr></property><property fmtid="{D5CDD505-2E9C-101B-9397-08002B2CF9AE}" pid="4" name="Title_Line2"><vt:lpwstr>Exemption Notice</vt:lpwstr></property><property fmtid="{D5CDD505-2E9C-101B-9397-08002B2CF9AE}" pid="5" name="Title_Line3"><vt:lpwstr></vt:lpwstr></property><property fmtid="{D5CDD505-2E9C-101B-9397-08002B2CF9AE}" pid="6" name="Descriptive_Preface_1"><vt:lpwstr></vt:lpwstr></property><property fmtid="{D5CDD505-2E9C-101B-9397-08002B2CF9AE}" pid="7" name="Descriptive_Preface_2"><vt:lpwstr></vt:lpwstr></property><property fmtid="{D5CDD505-2E9C-101B-9397-08002B2CF9AE}" pid="8" name="Relevant_Statutes"><vt:lpwstr>Wis. Stats. §§812.34(2)(b) &amp; (c), 812.37 and 812.44(4)</vt:lpwstr></property><property fmtid="{D5CDD505-2E9C-101B-9397-08002B2CF9AE}" pid="9" name="Form_Number"><vt:lpwstr>CV-423</vt:lpwstr></property></Properties>