<?xml version="1.0" encoding="UTF-8" standalone="yes"?>
<w:document xmlns:wpc="http://schemas.microsoft.com/office/word/2010/wordprocessingCanvas" xmlns:cx="http://schemas.microsoft.com/office/drawing/2014/chartex" xmlns:cx1="http://schemas.microsoft.com/office/drawing/2015/9/8/chartex" xmlns:cx2="http://schemas.microsoft.com/office/drawing/2015/10/21/chartex" xmlns:cx3="http://schemas.microsoft.com/office/drawing/2016/5/9/chartex" xmlns:cx4="http://schemas.microsoft.com/office/drawing/2016/5/10/chartex" xmlns:cx5="http://schemas.microsoft.com/office/drawing/2016/5/11/chartex" xmlns:cx6="http://schemas.microsoft.com/office/drawing/2016/5/12/chartex" xmlns:cx7="http://schemas.microsoft.com/office/drawing/2016/5/13/chartex" xmlns:cx8="http://schemas.microsoft.com/office/drawing/2016/5/14/chartex" xmlns:mc="http://schemas.openxmlformats.org/markup-compatibility/2006" xmlns:aink="http://schemas.microsoft.com/office/drawing/2016/ink" xmlns:am3d="http://schemas.microsoft.com/office/drawing/2017/model3d" xmlns:o="urn:schemas-microsoft-com:office:office" xmlns:r="http://schemas.openxmlformats.org/officeDocument/2006/relationships" xmlns:m="http://schemas.openxmlformats.org/officeDocument/2006/math" xmlns:v="urn:schemas-microsoft-com:vml" xmlns:wp14="http://schemas.microsoft.com/office/word/2010/wordprocessingDrawing" xmlns:wp="http://schemas.openxmlformats.org/drawingml/2006/wordprocessingDrawing" xmlns:w10="urn:schemas-microsoft-com:office:word" xmlns:w="http://schemas.openxmlformats.org/wordprocessingml/2006/main" xmlns:w14="http://schemas.microsoft.com/office/word/2010/wordml" xmlns:w15="http://schemas.microsoft.com/office/word/2012/wordml" xmlns:w16cid="http://schemas.microsoft.com/office/word/2016/wordml/cid" xmlns:w16se="http://schemas.microsoft.com/office/word/2015/wordml/symex" xmlns:wpg="http://schemas.microsoft.com/office/word/2010/wordprocessingGroup" xmlns:wpi="http://schemas.microsoft.com/office/word/2010/wordprocessingInk" xmlns:wne="http://schemas.microsoft.com/office/word/2006/wordml" xmlns:wps="http://schemas.microsoft.com/office/word/2010/wordprocessingShape" mc:Ignorable="w14 w15 w16se w16cid wp14"><w:body><w:tbl><w:tblPr><w:tblW w:w="0" w:type="auto"/><w:tblBorders><w:bottom w:val="single" w:sz="4" w:space="0" w:color="auto"/></w:tblBorders><w:tblLayout w:type="fixed"/><w:tblLook w:val="0000" w:firstRow="0" w:lastRow="0" w:firstColumn="0" w:lastColumn="0" w:noHBand="0" w:noVBand="0"/></w:tblPr><w:tblGrid><w:gridCol w:w="918"/><w:gridCol w:w="4500"/><w:gridCol w:w="3150"/><w:gridCol w:w="1890"/></w:tblGrid><w:tr w:rsidR="00235C4A" w14:paraId="4F790394" w14:textId="77777777"><w:trPr><w:cantSplit/><w:trHeight w:val="240"/></w:trPr><w:tc><w:tcPr><w:tcW w:w="8568" w:type="dxa"/><w:gridSpan w:val="3"/><w:tcBorders><w:bottom w:val="single" w:sz="4" w:space="0" w:color="auto"/><w:right w:val="single" w:sz="4" w:space="0" w:color="auto"/></w:tcBorders><w:vAlign w:val="bottom"/></w:tcPr><w:p w14:paraId="4B0D0C14" w14:textId="79E5DA90" w:rsidR="00235C4A" w:rsidRDefault="00235C4A" w:rsidP="006152BA"><w:pPr><w:tabs><w:tab w:val="right" w:pos="8280"/></w:tabs><w:spacing w:after="40"/><w:rPr><w:b/><w:sz w:val="24"/><w:u w:val="single"/></w:rPr></w:pPr><w:r><w:rPr><w:b/></w:rPr><w:t>STATE OF WISCONSIN, CIRCUIT COURT,</w:t></w:r><w:r><w:rPr><w:b/><w:u w:val="single"/></w:rPr><w:t xml:space="preserve"> </w:t></w:r><w:r w:rsidR="00EA3A7A"><w:rPr><w:b/><w:bCs/><w:noProof/><w:u w:val="single"/></w:rPr><w:t>JCOUNTY</w:t></w:r><w:r><w:rPr><w:b/><w:u w:val="single"/></w:rPr><w:tab/></w:r><w:r><w:rPr><w:b/></w:rPr><w:t xml:space="preserve"> COUNTY</w:t></w:r></w:p></w:tc><w:tc><w:tcPr><w:tcW w:w="1890" w:type="dxa"/><w:vMerge w:val="restart"/><w:tcBorders><w:left w:val="single" w:sz="4" w:space="0" w:color="auto"/><w:bottom w:val="single" w:sz="4" w:space="0" w:color="auto"/></w:tcBorders></w:tcPr><w:p w14:paraId="4E9544B0" w14:textId="77777777" w:rsidR="00235C4A" w:rsidRDefault="00235C4A"><w:pPr><w:pStyle w:val="Heading3"/></w:pPr><w:r><w:rPr><w:sz w:val="18"/><w:szCs w:val="18"/></w:rPr><w:t>For Official Use</w:t></w:r></w:p></w:tc></w:tr><w:tr w:rsidR="00235C4A" w14:paraId="221D5C02" w14:textId="77777777"><w:trPr><w:cantSplit/><w:trHeight w:val="287"/></w:trPr><w:tc><w:tcPr><w:tcW w:w="918" w:type="dxa"/><w:tcBorders><w:top w:val="single" w:sz="4" w:space="0" w:color="auto"/><w:bottom w:val="nil"/></w:tcBorders></w:tcPr><w:p w14:paraId="708B3754" w14:textId="77777777" w:rsidR="00235C4A" w:rsidRDefault="00235C4A"><w:pPr><w:pStyle w:val="Header"/><w:ind w:right="-108"/><w:rPr><w:sz w:val="18"/></w:rPr></w:pPr></w:p></w:tc><w:tc><w:tcPr><w:tcW w:w="4500" w:type="dxa"/><w:tcBorders><w:top w:val="single" w:sz="4" w:space="0" w:color="auto"/><w:bottom w:val="nil"/></w:tcBorders></w:tcPr><w:p w14:paraId="27D6874E" w14:textId="77777777" w:rsidR="00235C4A" w:rsidRDefault="00235C4A"><w:pPr><w:pStyle w:val="Header"/><w:tabs><w:tab w:val="left" w:pos="4860"/></w:tabs><w:ind w:left="-108"/><w:rPr><w:sz w:val="16"/></w:rPr></w:pPr></w:p></w:tc><w:tc><w:tcPr><w:tcW w:w="3150" w:type="dxa"/><w:vMerge w:val="restart"/><w:tcBorders><w:top w:val="single" w:sz="4" w:space="0" w:color="auto"/><w:bottom w:val="nil"/><w:right w:val="single" w:sz="4" w:space="0" w:color="auto"/></w:tcBorders></w:tcPr><w:p w14:paraId="6C11837D" w14:textId="77777777" w:rsidR="00235C4A" w:rsidRDefault="00235C4A"><w:pPr><w:pStyle w:val="Header"/><w:jc w:val="center"/><w:rPr><w:b/><w:sz w:val="24"/></w:rPr></w:pPr></w:p><w:p w14:paraId="76EE4F8A" w14:textId="77777777" w:rsidR="00235C4A" w:rsidRDefault="00235C4A"><w:pPr><w:jc w:val="center"/><w:rPr><w:b/><w:sz w:val="24"/></w:rPr></w:pPr><w:r><w:rPr><w:b/><w:sz w:val="24"/></w:rPr><w:t>Earnings Garnishment -</w:t></w:r></w:p><w:p w14:paraId="2F6E4829" w14:textId="77777777" w:rsidR="00235C4A" w:rsidRDefault="00235C4A"><w:pPr><w:tabs><w:tab w:val="left" w:pos="2934"/></w:tabs><w:ind w:left="-108"/><w:jc w:val="center"/><w:rPr><w:b/><w:sz w:val="24"/></w:rPr></w:pPr><w:r><w:rPr><w:b/><w:sz w:val="24"/></w:rPr><w:t xml:space="preserve">Exemption Notice </w:t></w:r></w:p></w:tc><w:tc><w:tcPr><w:tcW w:w="1890" w:type="dxa"/><w:vMerge/><w:tcBorders><w:left w:val="single" w:sz="4" w:space="0" w:color="auto"/><w:bottom w:val="single" w:sz="4" w:space="0" w:color="auto"/></w:tcBorders></w:tcPr><w:p w14:paraId="34D31D72" w14:textId="77777777" w:rsidR="00235C4A" w:rsidRDefault="00235C4A"/></w:tc></w:tr><w:tr w:rsidR="00235C4A" w14:paraId="358C5D53" w14:textId="77777777"><w:trPr><w:cantSplit/><w:trHeight w:val="441"/></w:trPr><w:tc><w:tcPr><w:tcW w:w="918" w:type="dxa"/><w:tcBorders><w:top w:val="nil"/><w:bottom w:val="nil"/></w:tcBorders></w:tcPr><w:p w14:paraId="5B5F780A" w14:textId="77777777" w:rsidR="00235C4A" w:rsidRDefault="00235C4A"><w:pPr><w:pStyle w:val="Header"/><w:ind w:right="-108"/><w:rPr><w:sz w:val="16"/></w:rPr></w:pPr><w:r><w:rPr><w:sz w:val="16"/></w:rPr><w:t>Creditor:</w:t></w:r></w:p></w:tc><w:tc><w:tcPr><w:tcW w:w="4500" w:type="dxa"/><w:tcBorders><w:top w:val="nil"/><w:bottom w:val="nil"/></w:tcBorders></w:tcPr><w:p w14:paraId="788D0420" w14:textId="2E4EC501" w:rsidR="00235C4A" w:rsidRDefault="00EA3A7A" w:rsidP="006152BA"><w:pPr><w:pStyle w:val="Header"/><w:tabs><w:tab w:val="clear" w:pos="4320"/><w:tab w:val="left" w:pos="4194"/><w:tab w:val="left" w:pos="4860"/></w:tabs><w:ind w:left="-108"/><w:rPr><w:rFonts w:ascii="Times New Roman" w:hAnsi="Times New Roman"/><w:u w:val="single"/></w:rPr></w:pPr><w:r><w:rPr><w:rFonts w:ascii="Times New Roman" w:hAnsi="Times New Roman"/><w:noProof/><w:u w:val="single"/></w:rPr><w:t>CREDNAME</w:t></w:r><w:r w:rsidR="00235C4A" w:rsidRPr="006D0B82"><w:rPr><w:rFonts w:ascii="Times New Roman" w:hAnsi="Times New Roman"/><w:noProof/><w:u w:val="single"/></w:rPr><w:t xml:space="preserve"> </w:t></w:r><w:r w:rsidR="00235C4A" w:rsidRPr="006D0B82"><w:rPr><w:rFonts w:ascii="Times New Roman" w:hAnsi="Times New Roman"/><w:u w:val="single"/></w:rPr><w:tab/></w:r></w:p></w:tc><w:tc><w:tcPr><w:tcW w:w="3150" w:type="dxa"/><w:vMerge/><w:tcBorders><w:top w:val="nil"/><w:bottom w:val="nil"/><w:right w:val="single" w:sz="4" w:space="0" w:color="auto"/></w:tcBorders></w:tcPr><w:p w14:paraId="54E4406D" w14:textId="77777777" w:rsidR="00235C4A" w:rsidRDefault="00235C4A"><w:pPr><w:pStyle w:val="Header"/><w:rPr><w:b/><w:sz w:val="24"/></w:rPr></w:pPr></w:p></w:tc><w:tc><w:tcPr><w:tcW w:w="1890" w:type="dxa"/><w:vMerge/><w:tcBorders><w:left w:val="single" w:sz="4" w:space="0" w:color="auto"/><w:bottom w:val="single" w:sz="4" w:space="0" w:color="auto"/></w:tcBorders></w:tcPr><w:p w14:paraId="538878BA" w14:textId="77777777" w:rsidR="00235C4A" w:rsidRDefault="00235C4A"/></w:tc></w:tr><w:tr w:rsidR="00235C4A" w14:paraId="71EDFD55" w14:textId="77777777"><w:trPr><w:cantSplit/><w:trHeight w:val="306"/></w:trPr><w:tc><w:tcPr><w:tcW w:w="918" w:type="dxa"/></w:tcPr><w:p w14:paraId="64E50640" w14:textId="77777777" w:rsidR="00235C4A" w:rsidRDefault="00235C4A"><w:pPr><w:pStyle w:val="Header"/><w:tabs><w:tab w:val="clear" w:pos="4320"/><w:tab w:val="clear" w:pos="8640"/><w:tab w:val="left" w:pos="360"/></w:tabs><w:ind w:right="-108"/><w:rPr><w:sz w:val="16"/></w:rPr></w:pPr><w:r><w:rPr><w:sz w:val="16"/></w:rPr><w:t>Debtor:</w:t></w:r></w:p></w:tc><w:tc><w:tcPr><w:tcW w:w="4500" w:type="dxa"/></w:tcPr><w:p w14:paraId="412DC1EE" w14:textId="26EDFC36" w:rsidR="00235C4A" w:rsidRDefault="00EA3A7A" w:rsidP="00107ADE"><w:pPr><w:pStyle w:val="Header"/><w:tabs><w:tab w:val="clear" w:pos="4320"/><w:tab w:val="clear" w:pos="8640"/><w:tab w:val="left" w:pos="4212"/><w:tab w:val="left" w:pos="4860"/></w:tabs><w:ind w:left="-108"/><w:rPr><w:rFonts w:ascii="Times New Roman" w:hAnsi="Times New Roman"/><w:u w:val="single"/></w:rPr></w:pPr><w:r><w:rPr><w:rFonts w:ascii="Times New Roman" w:hAnsi="Times New Roman"/><w:noProof/><w:u w:val="single"/></w:rPr><w:t>DEBTORNAME</w:t></w:r><w:r w:rsidR="00235C4A"><w:rPr><w:rFonts w:ascii="Times New Roman" w:hAnsi="Times New Roman"/><w:u w:val="single"/></w:rPr><w:tab/></w:r></w:p></w:tc><w:tc><w:tcPr><w:tcW w:w="3150" w:type="dxa"/><w:vMerge/><w:tcBorders><w:bottom w:val="nil"/><w:right w:val="single" w:sz="4" w:space="0" w:color="auto"/></w:tcBorders></w:tcPr><w:p w14:paraId="1375AAE5" w14:textId="77777777" w:rsidR="00235C4A" w:rsidRDefault="00235C4A"><w:pPr><w:pStyle w:val="FormTitle"/></w:pPr></w:p></w:tc><w:tc><w:tcPr><w:tcW w:w="1890" w:type="dxa"/><w:vMerge/><w:tcBorders><w:left w:val="single" w:sz="4" w:space="0" w:color="auto"/><w:bottom w:val="single" w:sz="4" w:space="0" w:color="auto"/></w:tcBorders></w:tcPr><w:p w14:paraId="2429C818" w14:textId="77777777" w:rsidR="00235C4A" w:rsidRDefault="00235C4A"/></w:tc></w:tr><w:tr w:rsidR="00235C4A" w14:paraId="42B3A1E1" w14:textId="77777777"><w:trPr><w:cantSplit/><w:trHeight w:hRule="exact" w:val="240"/></w:trPr><w:tc><w:tcPr><w:tcW w:w="918" w:type="dxa"/><w:vAlign w:val="center"/></w:tcPr><w:p w14:paraId="521CA40F" w14:textId="77777777" w:rsidR="00235C4A" w:rsidRDefault="00235C4A"><w:pPr><w:pStyle w:val="Header"/><w:tabs><w:tab w:val="clear" w:pos="4320"/><w:tab w:val="clear" w:pos="8640"/></w:tabs><w:spacing w:line="180" w:lineRule="exact"/><w:ind w:right="-108"/><w:rPr><w:sz w:val="16"/></w:rPr></w:pPr><w:r><w:rPr><w:sz w:val="16"/></w:rPr><w:t xml:space="preserve">          and</w:t></w:r></w:p></w:tc><w:tc><w:tcPr><w:tcW w:w="4500" w:type="dxa"/></w:tcPr><w:p w14:paraId="2FCEA8CB" w14:textId="77777777" w:rsidR="00235C4A" w:rsidRDefault="00235C4A"><w:pPr><w:pStyle w:val="Header"/><w:tabs><w:tab w:val="clear" w:pos="4320"/><w:tab w:val="clear" w:pos="8640"/><w:tab w:val="left" w:pos="252"/></w:tabs><w:spacing w:line="200" w:lineRule="exact"/><w:ind w:left="-108"/><w:rPr><w:sz w:val="16"/><w:u w:val="single"/></w:rPr></w:pPr></w:p></w:tc><w:tc><w:tcPr><w:tcW w:w="3150" w:type="dxa"/><w:vMerge/><w:tcBorders><w:bottom w:val="nil"/><w:right w:val="single" w:sz="4" w:space="0" w:color="auto"/></w:tcBorders></w:tcPr><w:p w14:paraId="262E4951" w14:textId="77777777" w:rsidR="00235C4A" w:rsidRDefault="00235C4A"><w:pPr><w:pStyle w:val="FormTitle"/></w:pPr></w:p></w:tc><w:tc><w:tcPr><w:tcW w:w="1890" w:type="dxa"/><w:vMerge/><w:tcBorders><w:left w:val="single" w:sz="4" w:space="0" w:color="auto"/><w:bottom w:val="single" w:sz="4" w:space="0" w:color="auto"/></w:tcBorders></w:tcPr><w:p w14:paraId="58BF6C89" w14:textId="77777777" w:rsidR="00235C4A" w:rsidRDefault="00235C4A"/></w:tc></w:tr><w:tr w:rsidR="00235C4A" w14:paraId="5AF23AAB" w14:textId="77777777"><w:trPr><w:cantSplit/><w:trHeight w:val="588"/></w:trPr><w:tc><w:tcPr><w:tcW w:w="918" w:type="dxa"/></w:tcPr><w:p w14:paraId="005613FA" w14:textId="77777777" w:rsidR="00235C4A" w:rsidRDefault="00235C4A"><w:pPr><w:pStyle w:val="Header"/><w:tabs><w:tab w:val="clear" w:pos="4320"/><w:tab w:val="clear" w:pos="8640"/></w:tabs><w:ind w:right="-108"/></w:pPr><w:r><w:rPr><w:sz w:val="16"/></w:rPr><w:t>Garnishee:</w:t></w:r></w:p></w:tc><w:tc><w:tcPr><w:tcW w:w="4500" w:type="dxa"/></w:tcPr><w:p w14:paraId="01490C21" w14:textId="1D63F9BB" w:rsidR="00235C4A" w:rsidRDefault="00EA3A7A"><w:pPr><w:pStyle w:val="Header"/><w:tabs><w:tab w:val="clear" w:pos="4320"/><w:tab w:val="clear" w:pos="8640"/><w:tab w:val="left" w:pos="4194"/><w:tab w:val="left" w:pos="4860"/></w:tabs><w:ind w:left="-108"/><w:rPr><w:rFonts w:ascii="Times New Roman" w:hAnsi="Times New Roman"/><w:u w:val="single"/></w:rPr></w:pPr><w:r><w:rPr><w:rFonts w:ascii="Times New Roman" w:hAnsi="Times New Roman"/><w:noProof/><w:u w:val="single"/></w:rPr><w:t>EMPLOYERNAME1</w:t></w:r><w:r w:rsidR="00235C4A"><w:rPr><w:rFonts w:ascii="Times New Roman" w:hAnsi="Times New Roman"/><w:u w:val="single"/></w:rPr><w:tab/></w:r></w:p><w:p w14:paraId="6A630B34" w14:textId="77777777" w:rsidR="00235C4A" w:rsidRDefault="00235C4A"><w:pPr><w:pStyle w:val="Header"/><w:tabs><w:tab w:val="clear" w:pos="4320"/><w:tab w:val="clear" w:pos="8640"/><w:tab w:val="left" w:pos="4194"/><w:tab w:val="left" w:pos="4860"/></w:tabs><w:ind w:left="-108"/><w:rPr><w:rFonts w:ascii="Times New Roman" w:hAnsi="Times New Roman"/></w:rPr></w:pPr></w:p></w:tc><w:tc><w:tcPr><w:tcW w:w="3150" w:type="dxa"/><w:tcBorders><w:bottom w:val="single" w:sz="4" w:space="0" w:color="auto"/><w:right w:val="single" w:sz="4" w:space="0" w:color="auto"/></w:tcBorders></w:tcPr><w:p w14:paraId="74B1C176" w14:textId="25C24A6E" w:rsidR="00235C4A" w:rsidRDefault="00235C4A" w:rsidP="006152BA"><w:pPr><w:pStyle w:val="Header"/><w:tabs><w:tab w:val="clear" w:pos="4320"/><w:tab w:val="clear" w:pos="8640"/><w:tab w:val="left" w:pos="2934"/></w:tabs><w:ind w:left="-108"/></w:pPr><w:r><w:t>Case No.</w:t></w:r><w:r w:rsidR="00EA3A7A"><w:t xml:space="preserve"> </w:t></w:r><w:r w:rsidR="00EA3A7A"><w:rPr><w:rFonts w:ascii="Times New Roman" w:hAnsi="Times New Roman"/><w:noProof/><w:u w:val="single"/></w:rPr><w:t>CASENO</w:t></w:r><w:r><w:rPr><w:u w:val="single"/></w:rPr><w:tab/></w:r></w:p></w:tc><w:tc><w:tcPr><w:tcW w:w="1890" w:type="dxa"/><w:vMerge/><w:tcBorders><w:left w:val="single" w:sz="4" w:space="0" w:color="auto"/><w:bottom w:val="single" w:sz="4" w:space="0" w:color="auto"/></w:tcBorders></w:tcPr><w:p w14:paraId="6257BCC8" w14:textId="77777777" w:rsidR="00235C4A" w:rsidRDefault="00235C4A"/></w:tc></w:tr></w:tbl><w:p w14:paraId="19C18F2F" w14:textId="77777777" w:rsidR="00235C4A" w:rsidRDefault="00235C4A"><w:pPr><w:ind w:right="806"/><w:rPr><w:b/><w:snapToGrid w:val="0"/><w:color w:val="000000"/></w:rPr></w:pPr></w:p><w:p w14:paraId="319EC87B" w14:textId="77777777" w:rsidR="00235C4A" w:rsidRDefault="00235C4A"><w:pPr><w:tabs><w:tab w:val="left" w:pos="1440"/><w:tab w:val="left" w:pos="2160"/><w:tab w:val="left" w:pos="2880"/><w:tab w:val="left" w:pos="3600"/><w:tab w:val="left" w:pos="4320"/><w:tab w:val="left" w:pos="5040"/><w:tab w:val="left" w:pos="5760"/><w:tab w:val="left" w:pos="6480"/><w:tab w:val="left" w:pos="7200"/><w:tab w:val="left" w:pos="7920"/><w:tab w:val="left" w:pos="8640"/><w:tab w:val="left" w:pos="9360"/></w:tabs><w:spacing w:line="240" w:lineRule="atLeast"/><w:ind w:left="720" w:right="720"/><w:rPr><w:snapToGrid w:val="0"/></w:rPr></w:pPr><w:r><w:rPr><w:snapToGrid w:val="0"/><w:color w:val="000000"/></w:rPr><w:t>To the debtor:</w:t></w:r></w:p><w:p w14:paraId="337DD852" w14:textId="77777777" w:rsidR="00235C4A" w:rsidRDefault="00235C4A"><w:pPr><w:tabs><w:tab w:val="left" w:pos="1440"/><w:tab w:val="left" w:pos="2160"/><w:tab w:val="left" w:pos="2880"/><w:tab w:val="left" w:pos="3600"/><w:tab w:val="left" w:pos="4320"/><w:tab w:val="left" w:pos="5040"/><w:tab w:val="left" w:pos="5760"/><w:tab w:val="left" w:pos="6480"/><w:tab w:val="left" w:pos="7200"/><w:tab w:val="left" w:pos="7920"/><w:tab w:val="left" w:pos="8640"/><w:tab w:val="left" w:pos="9360"/></w:tabs><w:spacing w:line="240" w:lineRule="atLeast"/><w:ind w:left="720" w:right="720"/><w:rPr><w:snapToGrid w:val="0"/></w:rPr></w:pPr></w:p><w:p w14:paraId="7DE0A01F" w14:textId="77777777" w:rsidR="00235C4A" w:rsidRDefault="00235C4A"><w:pPr><w:tabs><w:tab w:val="left" w:pos="1440"/><w:tab w:val="left" w:pos="2160"/><w:tab w:val="left" w:pos="2880"/><w:tab w:val="left" w:pos="3600"/><w:tab w:val="left" w:pos="4320"/><w:tab w:val="left" w:pos="5040"/><w:tab w:val="left" w:pos="5760"/><w:tab w:val="left" w:pos="6480"/><w:tab w:val="left" w:pos="7200"/><w:tab w:val="left" w:pos="7920"/><w:tab w:val="left" w:pos="8640"/><w:tab w:val="left" w:pos="9360"/></w:tabs><w:spacing w:line="240" w:lineRule="atLeast"/><w:ind w:left="720" w:right="720"/><w:rPr><w:snapToGrid w:val="0"/></w:rPr></w:pPr><w:r><w:rPr><w:snapToGrid w:val="0"/></w:rPr><w:t>The creditor has been awarded a judgment against you or your spouse as indicated below.  That judgment has not been fully paid.  The creditor has now filed a garnishment proceeding against your earnings from the garnishee.  This means that the creditor is seeking to take some of your earnings to satisfy part or all of the judgment against you or your spouse.</w:t></w:r><w:bookmarkStart w:id="0" w:name="_GoBack"/><w:bookmarkEnd w:id="0"/></w:p><w:p w14:paraId="2D6BB967" w14:textId="77777777" w:rsidR="00235C4A" w:rsidRDefault="00235C4A"><w:pPr><w:tabs><w:tab w:val="left" w:pos="1440"/><w:tab w:val="left" w:pos="2160"/><w:tab w:val="left" w:pos="2880"/><w:tab w:val="left" w:pos="3600"/><w:tab w:val="left" w:pos="4320"/><w:tab w:val="left" w:pos="5040"/><w:tab w:val="left" w:pos="5760"/><w:tab w:val="left" w:pos="6480"/><w:tab w:val="left" w:pos="7200"/><w:tab w:val="left" w:pos="7920"/><w:tab w:val="left" w:pos="8640"/><w:tab w:val="left" w:pos="9360"/></w:tabs><w:spacing w:line="240" w:lineRule="atLeast"/><w:ind w:left="720" w:right="720"/><w:rPr><w:snapToGrid w:val="0"/></w:rPr></w:pPr></w:p><w:p w14:paraId="18B46CE0" w14:textId="77777777" w:rsidR="00235C4A" w:rsidRDefault="00235C4A"><w:pPr><w:ind w:left="720" w:right="806"/><w:rPr><w:snapToGrid w:val="0"/></w:rPr></w:pPr><w:r><w:rPr><w:snapToGrid w:val="0"/></w:rPr><w:t>The total amount of the creditor's claim is as follows:</w:t></w:r></w:p><w:tbl><w:tblPr><w:tblW w:w="0" w:type="auto"/><w:tblInd w:w="1278" w:type="dxa"/><w:tblBorders><w:top w:val="single" w:sz="4" w:space="0" w:color="auto"/><w:left w:val="single" w:sz="4" w:space="0" w:color="auto"/><w:bottom w:val="single" w:sz="4" w:space="0" w:color="auto"/><w:right w:val="single" w:sz="4" w:space="0" w:color="auto"/><w:insideH w:val="single" w:sz="4" w:space="0" w:color="auto"/><w:insideV w:val="single" w:sz="4" w:space="0" w:color="auto"/></w:tblBorders><w:tblLayout w:type="fixed"/><w:tblLook w:val="0000" w:firstRow="0" w:lastRow="0" w:firstColumn="0" w:lastColumn="0" w:noHBand="0" w:noVBand="0"/></w:tblPr><w:tblGrid><w:gridCol w:w="2430"/><w:gridCol w:w="2244"/><w:gridCol w:w="6"/><w:gridCol w:w="2424"/></w:tblGrid><w:tr w:rsidR="00235C4A" w14:paraId="2EC6B18E" w14:textId="77777777"><w:trPr><w:trHeight w:val="480"/></w:trPr><w:tc><w:tcPr><w:tcW w:w="2430" w:type="dxa"/></w:tcPr><w:p w14:paraId="5CC199A7" w14:textId="77777777" w:rsidR="00235C4A" w:rsidRDefault="00235C4A"><w:pPr><w:spacing w:line="180" w:lineRule="exact"/><w:rPr><w:snapToGrid w:val="0"/><w:sz w:val="14"/></w:rPr></w:pPr><w:smartTag w:uri="urn:schemas-microsoft-com:office:smarttags" w:element="place"><w:smartTag w:uri="urn:schemas-microsoft-com:office:smarttags" w:element="PlaceType"><w:r><w:rPr><w:snapToGrid w:val="0"/><w:sz w:val="14"/></w:rPr><w:t>County</w:t></w:r></w:smartTag><w:r><w:rPr><w:snapToGrid w:val="0"/><w:sz w:val="14"/></w:rPr><w:t xml:space="preserve"> of </w:t></w:r><w:smartTag w:uri="urn:schemas-microsoft-com:office:smarttags" w:element="PlaceName"><w:r><w:rPr><w:snapToGrid w:val="0"/><w:sz w:val="14"/></w:rPr><w:t>Judgment</w:t></w:r></w:smartTag></w:smartTag></w:p><w:p w14:paraId="0A307210" w14:textId="3F4BCC3E" w:rsidR="00235C4A" w:rsidRPr="00A4615D" w:rsidRDefault="00EA3A7A" w:rsidP="00107ADE"><w:pPr><w:rPr><w:rFonts w:ascii="Times New Roman" w:hAnsi="Times New Roman"/><w:snapToGrid w:val="0"/></w:rPr></w:pPr><w:r><w:rPr><w:rFonts w:ascii="Times New Roman" w:hAnsi="Times New Roman"/><w:bCs/><w:noProof/></w:rPr><w:t>JCOUNTY</w:t></w:r></w:p></w:tc><w:tc><w:tcPr><w:tcW w:w="2244" w:type="dxa"/></w:tcPr><w:p w14:paraId="7F9493D8" w14:textId="77777777" w:rsidR="00235C4A" w:rsidRDefault="00235C4A"><w:pPr><w:spacing w:line="180" w:lineRule="exact"/><w:rPr><w:snapToGrid w:val="0"/><w:sz w:val="14"/></w:rPr></w:pPr><w:r><w:rPr><w:snapToGrid w:val="0"/><w:sz w:val="14"/></w:rPr><w:t>Case Number</w:t></w:r></w:p><w:p w14:paraId="01F8C2FA" w14:textId="0EF60677" w:rsidR="00235C4A" w:rsidRDefault="00EA3A7A" w:rsidP="00107ADE"><w:pPr><w:rPr><w:snapToGrid w:val="0"/></w:rPr></w:pPr><w:r><w:rPr><w:rFonts w:ascii="Times New Roman" w:hAnsi="Times New Roman"/><w:noProof/></w:rPr><w:t>CASENO</w:t></w:r></w:p></w:tc><w:tc><w:tcPr><w:tcW w:w="2430" w:type="dxa"/><w:gridSpan w:val="2"/></w:tcPr><w:p w14:paraId="3F5CADE3" w14:textId="77777777" w:rsidR="00235C4A" w:rsidRDefault="00235C4A"><w:pPr><w:spacing w:line="180" w:lineRule="exact"/><w:rPr><w:snapToGrid w:val="0"/><w:sz w:val="14"/></w:rPr></w:pPr><w:r><w:rPr><w:snapToGrid w:val="0"/><w:sz w:val="14"/></w:rPr><w:t>Date of Judgment</w:t></w:r></w:p><w:p w14:paraId="6187B8BA" w14:textId="4F996FD1" w:rsidR="00235C4A" w:rsidRDefault="00EA3A7A" w:rsidP="00107ADE"><w:pPr><w:rPr><w:snapToGrid w:val="0"/></w:rPr></w:pPr><w:r><w:rPr><w:rFonts w:ascii="Times New Roman" w:hAnsi="Times New Roman"/><w:noProof/></w:rPr><w:t>JDATEFIELD</w:t></w:r></w:p></w:tc></w:tr><w:tr w:rsidR="00235C4A" w14:paraId="2E1581A4" w14:textId="77777777" w:rsidTr="00BB00CF"><w:trPr><w:trHeight w:val="480"/></w:trPr><w:tc><w:tcPr><w:tcW w:w="4680" w:type="dxa"/><w:gridSpan w:val="3"/><w:vAlign w:val="bottom"/></w:tcPr><w:p w14:paraId="17966357" w14:textId="77777777" w:rsidR="00235C4A" w:rsidRDefault="00235C4A" w:rsidP="00235C4A"><w:pPr><w:rPr><w:snapToGrid w:val="0"/></w:rPr></w:pPr><w:r><w:rPr><w:snapToGrid w:val="0"/></w:rPr><w:t>Unpaid balance on judgment</w:t></w:r></w:p></w:tc><w:tc><w:tcPr><w:tcW w:w="2424" w:type="dxa"/><w:tcBorders><w:top w:val="single" w:sz="4" w:space="0" w:color="auto"/><w:left w:val="single" w:sz="4" w:space="0" w:color="auto"/><w:bottom w:val="single" w:sz="4" w:space="0" w:color="auto"/><w:right w:val="single" w:sz="4" w:space="0" w:color="auto"/></w:tcBorders><w:shd w:val="clear" w:color="auto" w:fill="auto"/><w:vAlign w:val="bottom"/></w:tcPr><w:p w14:paraId="7F6DB068" w14:textId="41D0EC75" w:rsidR="00235C4A" w:rsidRPr="00311451" w:rsidRDefault="00196F4E" w:rsidP="00235C4A"><w:pPr><w:spacing w:line="240" w:lineRule="auto"/><w:rPr><w:rFonts w:ascii="Times New Roman" w:hAnsi="Times New Roman"/><w:color w:val="000000"/></w:rPr></w:pPr><w:r w:rsidRPr="00311451"><w:rPr><w:rFonts w:ascii="Times New Roman" w:hAnsi="Times New Roman"/><w:color w:val="000000"/></w:rPr><w:t>$</w:t></w:r><w:r w:rsidR="00DD59D3" w:rsidRPr="00311451"><w:rPr><w:rFonts w:ascii="Times New Roman" w:hAnsi="Times New Roman"/><w:color w:val="000000"/></w:rPr><w:t xml:space="preserve"> </w:t></w:r><w:r w:rsidR="00EA3A7A" w:rsidRPr="00311451"><w:rPr><w:rFonts w:ascii="Times New Roman" w:hAnsi="Times New Roman"/><w:color w:val="000000"/></w:rPr><w:t>JUNPAID</w:t></w:r></w:p></w:tc></w:tr><w:tr w:rsidR="00235C4A" w14:paraId="7AF5F7A6" w14:textId="77777777" w:rsidTr="00BB00CF"><w:trPr><w:trHeight w:val="480"/></w:trPr><w:tc><w:tcPr><w:tcW w:w="4680" w:type="dxa"/><w:gridSpan w:val="3"/><w:vAlign w:val="bottom"/></w:tcPr><w:p w14:paraId="0A1B2DCC" w14:textId="77777777" w:rsidR="00235C4A" w:rsidRDefault="00235C4A" w:rsidP="00235C4A"><w:pPr><w:rPr><w:snapToGrid w:val="0"/></w:rPr></w:pPr><w:r><w:rPr><w:snapToGrid w:val="0"/></w:rPr><w:t>Unpaid post judgment interest</w:t></w:r></w:p></w:tc><w:tc><w:tcPr><w:tcW w:w="2424" w:type="dxa"/><w:tcBorders><w:top w:val="nil"/><w:left w:val="single" w:sz="4" w:space="0" w:color="auto"/><w:bottom w:val="single" w:sz="4" w:space="0" w:color="auto"/><w:right w:val="single" w:sz="4" w:space="0" w:color="auto"/></w:tcBorders><w:shd w:val="clear" w:color="auto" w:fill="auto"/><w:vAlign w:val="bottom"/></w:tcPr><w:p w14:paraId="4FB8ADF2" w14:textId="070C1894" w:rsidR="00235C4A" w:rsidRPr="00311451" w:rsidRDefault="00235C4A" w:rsidP="00235C4A"><w:pPr><w:rPr><w:rFonts w:ascii="Times New Roman" w:hAnsi="Times New Roman"/><w:color w:val="000000"/></w:rPr></w:pPr><w:r w:rsidRPr="00311451"><w:rPr><w:rFonts w:ascii="Times New Roman" w:hAnsi="Times New Roman"/><w:color w:val="000000"/></w:rPr><w:t>$</w:t></w:r><w:r w:rsidR="00DD59D3" w:rsidRPr="00311451"><w:rPr><w:rFonts w:ascii="Times New Roman" w:hAnsi="Times New Roman"/><w:color w:val="000000"/></w:rPr><w:t xml:space="preserve"> </w:t></w:r><w:r w:rsidRPr="00311451"><w:rPr><w:rFonts w:ascii="Times New Roman" w:hAnsi="Times New Roman"/><w:color w:val="000000"/></w:rPr><w:t>0.00</w:t></w:r></w:p></w:tc></w:tr><w:tr w:rsidR="00235C4A" w14:paraId="7A6E578A" w14:textId="77777777" w:rsidTr="00BB00CF"><w:trPr><w:trHeight w:val="480"/></w:trPr><w:tc><w:tcPr><w:tcW w:w="4680" w:type="dxa"/><w:gridSpan w:val="3"/><w:vAlign w:val="bottom"/></w:tcPr><w:p w14:paraId="492A9A3C" w14:textId="77777777" w:rsidR="00235C4A" w:rsidRDefault="00235C4A" w:rsidP="00235C4A"><w:pPr><w:rPr><w:snapToGrid w:val="0"/></w:rPr></w:pPr><w:r><w:rPr><w:snapToGrid w:val="0"/></w:rPr><w:t>Estimated costs of this earnings garnishment</w:t></w:r></w:p></w:tc><w:tc><w:tcPr><w:tcW w:w="2424" w:type="dxa"/><w:tcBorders><w:top w:val="nil"/><w:left w:val="single" w:sz="4" w:space="0" w:color="auto"/><w:bottom w:val="single" w:sz="4" w:space="0" w:color="auto"/><w:right w:val="single" w:sz="4" w:space="0" w:color="auto"/></w:tcBorders><w:shd w:val="clear" w:color="auto" w:fill="auto"/><w:vAlign w:val="bottom"/></w:tcPr><w:p w14:paraId="026BBE40" w14:textId="76179199" w:rsidR="00235C4A" w:rsidRPr="00311451" w:rsidRDefault="00196F4E" w:rsidP="00235C4A"><w:pPr><w:rPr><w:rFonts w:ascii="Times New Roman" w:hAnsi="Times New Roman"/><w:color w:val="000000"/></w:rPr></w:pPr><w:r w:rsidRPr="00311451"><w:rPr><w:rFonts w:ascii="Times New Roman" w:hAnsi="Times New Roman"/><w:color w:val="000000"/></w:rPr><w:t>$</w:t></w:r><w:r w:rsidR="00DD59D3" w:rsidRPr="00311451"><w:rPr><w:rFonts w:ascii="Times New Roman" w:hAnsi="Times New Roman"/><w:color w:val="000000"/></w:rPr><w:t xml:space="preserve"> </w:t></w:r><w:r w:rsidR="00EA3A7A" w:rsidRPr="00311451"><w:rPr><w:rFonts w:ascii="Times New Roman" w:hAnsi="Times New Roman"/><w:color w:val="000000"/></w:rPr><w:t>GARNFEE</w:t></w:r></w:p></w:tc></w:tr><w:tr w:rsidR="00235C4A" w14:paraId="5A471A0E" w14:textId="77777777" w:rsidTr="00BB00CF"><w:trPr><w:trHeight w:val="480"/></w:trPr><w:tc><w:tcPr><w:tcW w:w="4680" w:type="dxa"/><w:gridSpan w:val="3"/><w:tcBorders><w:bottom w:val="single" w:sz="4" w:space="0" w:color="auto"/></w:tcBorders><w:vAlign w:val="bottom"/></w:tcPr><w:p w14:paraId="76215579" w14:textId="77777777" w:rsidR="00235C4A" w:rsidRDefault="00235C4A" w:rsidP="00235C4A"><w:pPr><w:rPr><w:b/><w:snapToGrid w:val="0"/></w:rPr></w:pPr><w:r><w:rPr><w:b/><w:snapToGrid w:val="0"/></w:rPr><w:t>Total amount owed by the debtor</w:t></w:r></w:p></w:tc><w:tc><w:tcPr><w:tcW w:w="2424" w:type="dxa"/><w:tcBorders><w:top w:val="nil"/><w:left w:val="single" w:sz="4" w:space="0" w:color="auto"/><w:bottom w:val="single" w:sz="4" w:space="0" w:color="auto"/><w:right w:val="single" w:sz="4" w:space="0" w:color="auto"/></w:tcBorders><w:shd w:val="clear" w:color="auto" w:fill="auto"/><w:vAlign w:val="bottom"/></w:tcPr><w:p w14:paraId="77D8FBF7" w14:textId="01397E64" w:rsidR="00235C4A" w:rsidRPr="00311451" w:rsidRDefault="00196F4E" w:rsidP="00235C4A"><w:pPr><w:rPr><w:rFonts w:ascii="Times New Roman" w:hAnsi="Times New Roman"/><w:color w:val="000000"/></w:rPr></w:pPr><w:r w:rsidRPr="00311451"><w:rPr><w:rFonts w:ascii="Times New Roman" w:hAnsi="Times New Roman"/><w:color w:val="000000"/></w:rPr><w:t>$</w:t></w:r><w:r w:rsidR="00DD59D3" w:rsidRPr="00311451"><w:rPr><w:rFonts w:ascii="Times New Roman" w:hAnsi="Times New Roman"/><w:color w:val="000000"/></w:rPr><w:t xml:space="preserve"> </w:t></w:r><w:r w:rsidR="00EA3A7A" w:rsidRPr="00311451"><w:rPr><w:rFonts w:ascii="Times New Roman" w:hAnsi="Times New Roman"/><w:color w:val="000000"/></w:rPr><w:t>TOTALOWED</w:t></w:r></w:p></w:tc></w:tr></w:tbl><w:p w14:paraId="74BF7781" w14:textId="77777777" w:rsidR="00235C4A" w:rsidRDefault="00235C4A"><w:pPr><w:tabs><w:tab w:val="left" w:pos="1040"/><w:tab w:val="left" w:pos="1320"/><w:tab w:val="left" w:pos="2160"/><w:tab w:val="left" w:pos="2880"/><w:tab w:val="left" w:pos="3600"/><w:tab w:val="left" w:pos="4320"/><w:tab w:val="left" w:pos="5040"/><w:tab w:val="left" w:pos="5760"/><w:tab w:val="left" w:pos="6480"/><w:tab w:val="left" w:pos="7200"/><w:tab w:val="left" w:pos="7920"/><w:tab w:val="left" w:pos="8640"/><w:tab w:val="left" w:pos="9360"/></w:tabs><w:spacing w:line="240" w:lineRule="atLeast"/><w:ind w:left="720" w:right="960"/><w:rPr><w:snapToGrid w:val="0"/><w:color w:val="000000"/></w:rPr></w:pPr></w:p><w:p w14:paraId="705889B2" w14:textId="77777777" w:rsidR="00235C4A" w:rsidRDefault="00235C4A"><w:pPr><w:tabs><w:tab w:val="left" w:pos="1040"/><w:tab w:val="left" w:pos="1320"/><w:tab w:val="left" w:pos="2160"/><w:tab w:val="left" w:pos="2880"/><w:tab w:val="left" w:pos="3600"/><w:tab w:val="left" w:pos="4320"/><w:tab w:val="left" w:pos="5040"/><w:tab w:val="left" w:pos="5760"/><w:tab w:val="left" w:pos="6480"/><w:tab w:val="left" w:pos="7200"/><w:tab w:val="left" w:pos="7920"/><w:tab w:val="left" w:pos="8640"/><w:tab w:val="left" w:pos="9360"/></w:tabs><w:spacing w:line="240" w:lineRule="atLeast"/><w:ind w:left="720" w:right="960"/><w:rPr><w:snapToGrid w:val="0"/></w:rPr></w:pPr><w:r><w:rPr><w:snapToGrid w:val="0"/><w:color w:val="000000"/></w:rPr><w:t xml:space="preserve">By law, you are entitled to an exemption of not less than 80% of your disposable earnings.  Your "disposable earnings" are those remaining after social security and federal and state income taxes are withheld. </w:t></w:r></w:p><w:p w14:paraId="0FA758FE" w14:textId="77777777" w:rsidR="00235C4A" w:rsidRDefault="00235C4A"><w:pPr><w:tabs><w:tab w:val="left" w:pos="1040"/><w:tab w:val="left" w:pos="1320"/><w:tab w:val="left" w:pos="2160"/><w:tab w:val="left" w:pos="2880"/><w:tab w:val="left" w:pos="3600"/><w:tab w:val="left" w:pos="4320"/><w:tab w:val="left" w:pos="5040"/><w:tab w:val="left" w:pos="5760"/><w:tab w:val="left" w:pos="6480"/><w:tab w:val="left" w:pos="7200"/><w:tab w:val="left" w:pos="7920"/><w:tab w:val="left" w:pos="8640"/><w:tab w:val="left" w:pos="9360"/></w:tabs><w:spacing w:line="240" w:lineRule="atLeast"/><w:ind w:left="720" w:right="960"/><w:rPr><w:snapToGrid w:val="0"/></w:rPr></w:pPr></w:p><w:p w14:paraId="220DCE55" w14:textId="77777777" w:rsidR="00235C4A" w:rsidRDefault="00235C4A"><w:pPr><w:tabs><w:tab w:val="left" w:pos="1040"/><w:tab w:val="left" w:pos="1320"/><w:tab w:val="left" w:pos="2160"/><w:tab w:val="left" w:pos="2880"/><w:tab w:val="left" w:pos="3600"/><w:tab w:val="left" w:pos="4320"/><w:tab w:val="left" w:pos="5040"/><w:tab w:val="left" w:pos="5760"/><w:tab w:val="left" w:pos="6480"/><w:tab w:val="left" w:pos="7200"/><w:tab w:val="left" w:pos="7920"/><w:tab w:val="left" w:pos="8640"/><w:tab w:val="left" w:pos="9360"/></w:tabs><w:spacing w:line="240" w:lineRule="atLeast"/><w:ind w:left="720" w:right="960"/><w:rPr><w:snapToGrid w:val="0"/></w:rPr></w:pPr><w:r><w:rPr><w:snapToGrid w:val="0"/></w:rPr><w:t xml:space="preserve">Your earnings are completely exempt from garnishment if: </w:t></w:r></w:p><w:p w14:paraId="06B1665A" w14:textId="77777777" w:rsidR="00235C4A" w:rsidRDefault="00235C4A"><w:pPr><w:tabs><w:tab w:val="left" w:pos="1040"/><w:tab w:val="left" w:pos="1320"/><w:tab w:val="left" w:pos="2160"/><w:tab w:val="left" w:pos="2880"/><w:tab w:val="left" w:pos="3600"/><w:tab w:val="left" w:pos="4320"/><w:tab w:val="left" w:pos="5040"/><w:tab w:val="left" w:pos="5760"/><w:tab w:val="left" w:pos="6480"/><w:tab w:val="left" w:pos="7200"/><w:tab w:val="left" w:pos="7920"/><w:tab w:val="left" w:pos="8640"/><w:tab w:val="left" w:pos="9360"/></w:tabs><w:spacing w:line="240" w:lineRule="atLeast"/><w:ind w:left="720" w:right="960"/><w:rPr><w:snapToGrid w:val="0"/></w:rPr></w:pPr></w:p><w:p w14:paraId="5EB04B82" w14:textId="77777777" w:rsidR="00235C4A" w:rsidRDefault="00235C4A"><w:pPr><w:tabs><w:tab w:val="left" w:pos="1040"/><w:tab w:val="left" w:pos="1320"/><w:tab w:val="left" w:pos="2160"/><w:tab w:val="left" w:pos="2880"/><w:tab w:val="left" w:pos="3600"/><w:tab w:val="left" w:pos="4320"/><w:tab w:val="left" w:pos="5040"/><w:tab w:val="left" w:pos="5760"/><w:tab w:val="left" w:pos="6480"/><w:tab w:val="left" w:pos="7200"/><w:tab w:val="left" w:pos="7920"/><w:tab w:val="left" w:pos="8640"/><w:tab w:val="left" w:pos="9360"/></w:tabs><w:spacing w:line="240" w:lineRule="atLeast"/><w:ind w:left="1350" w:right="960" w:hanging="630"/><w:rPr><w:snapToGrid w:val="0"/></w:rPr></w:pPr><w:r><w:rPr><w:snapToGrid w:val="0"/></w:rPr><w:tab/><w:t>1.</w:t></w:r><w:r><w:rPr><w:snapToGrid w:val="0"/></w:rPr><w:tab/><w:t>Your household income is below the federal poverty level.  See the enclosed schedules and worksheet to determine if you qualify for this exemption.</w:t></w:r></w:p><w:p w14:paraId="2C4D98A3" w14:textId="77777777" w:rsidR="00235C4A" w:rsidRDefault="00235C4A"><w:pPr><w:tabs><w:tab w:val="left" w:pos="1040"/><w:tab w:val="left" w:pos="1320"/><w:tab w:val="left" w:pos="2160"/><w:tab w:val="left" w:pos="2880"/><w:tab w:val="left" w:pos="3600"/><w:tab w:val="left" w:pos="4320"/><w:tab w:val="left" w:pos="5040"/><w:tab w:val="left" w:pos="5760"/><w:tab w:val="left" w:pos="6480"/><w:tab w:val="left" w:pos="7200"/><w:tab w:val="left" w:pos="7920"/><w:tab w:val="left" w:pos="8640"/><w:tab w:val="left" w:pos="9360"/></w:tabs><w:spacing w:line="240" w:lineRule="atLeast"/><w:ind w:left="720" w:right="960"/><w:rPr><w:snapToGrid w:val="0"/></w:rPr></w:pPr></w:p><w:p w14:paraId="37E579F6" w14:textId="77777777" w:rsidR="00235C4A" w:rsidRDefault="00235C4A"><w:pPr><w:tabs><w:tab w:val="left" w:pos="1040"/><w:tab w:val="left" w:pos="1320"/><w:tab w:val="left" w:pos="2160"/><w:tab w:val="left" w:pos="2880"/><w:tab w:val="left" w:pos="3600"/><w:tab w:val="left" w:pos="4320"/><w:tab w:val="left" w:pos="5040"/><w:tab w:val="left" w:pos="5760"/><w:tab w:val="left" w:pos="6480"/><w:tab w:val="left" w:pos="7200"/><w:tab w:val="left" w:pos="7920"/><w:tab w:val="left" w:pos="8640"/><w:tab w:val="left" w:pos="9360"/></w:tabs><w:spacing w:line="240" w:lineRule="atLeast"/><w:ind w:left="1350" w:right="960" w:hanging="630"/><w:rPr><w:snapToGrid w:val="0"/></w:rPr></w:pPr><w:r><w:rPr><w:snapToGrid w:val="0"/></w:rPr><w:tab/><w:t>2.</w:t></w:r><w:r><w:rPr><w:snapToGrid w:val="0"/></w:rPr><w:tab/><w:t>You receive relief funded under public assistance, relief funded under Wis. Stats. §59.53(21), medical assistance, supplemental security income, food stamps, or veterans benefits based on need under USC 501 to 562 or §45.351(1)</w:t></w:r><w:smartTag w:uri="urn:schemas-microsoft-com:office:smarttags" w:element="State"><w:smartTag w:uri="urn:schemas-microsoft-com:office:smarttags" w:element="place"><w:r><w:rPr><w:snapToGrid w:val="0"/></w:rPr><w:t>Wis.</w:t></w:r></w:smartTag></w:smartTag><w:r><w:rPr><w:snapToGrid w:val="0"/></w:rPr><w:t xml:space="preserve"> Stats., or have received these benefits within the past 6 months, or are eligible but have not yet received these benefits. </w:t></w:r></w:p><w:p w14:paraId="7984968C" w14:textId="77777777" w:rsidR="00235C4A" w:rsidRDefault="00235C4A"><w:pPr><w:tabs><w:tab w:val="left" w:pos="1040"/><w:tab w:val="left" w:pos="1320"/><w:tab w:val="left" w:pos="2160"/><w:tab w:val="left" w:pos="2880"/><w:tab w:val="left" w:pos="3600"/><w:tab w:val="left" w:pos="4320"/><w:tab w:val="left" w:pos="5040"/><w:tab w:val="left" w:pos="5760"/><w:tab w:val="left" w:pos="6480"/><w:tab w:val="left" w:pos="7200"/><w:tab w:val="left" w:pos="7920"/><w:tab w:val="left" w:pos="8640"/><w:tab w:val="left" w:pos="9360"/></w:tabs><w:spacing w:line="240" w:lineRule="atLeast"/><w:ind w:left="720" w:right="960"/><w:rPr><w:snapToGrid w:val="0"/></w:rPr></w:pPr></w:p><w:p w14:paraId="6E90844C" w14:textId="77777777" w:rsidR="00235C4A" w:rsidRDefault="00235C4A"><w:pPr><w:tabs><w:tab w:val="left" w:pos="1040"/><w:tab w:val="left" w:pos="1320"/><w:tab w:val="left" w:pos="2160"/><w:tab w:val="left" w:pos="2880"/><w:tab w:val="left" w:pos="3600"/><w:tab w:val="left" w:pos="4320"/><w:tab w:val="left" w:pos="5040"/><w:tab w:val="left" w:pos="5760"/><w:tab w:val="left" w:pos="6480"/><w:tab w:val="left" w:pos="7200"/><w:tab w:val="left" w:pos="7920"/><w:tab w:val="left" w:pos="8640"/><w:tab w:val="left" w:pos="9360"/></w:tabs><w:spacing w:line="240" w:lineRule="atLeast"/><w:ind w:left="720" w:right="960"/><w:rPr><w:snapToGrid w:val="0"/></w:rPr></w:pPr><w:r><w:rPr><w:snapToGrid w:val="0"/></w:rPr><w:tab/><w:t>3.</w:t></w:r><w:r><w:rPr><w:snapToGrid w:val="0"/></w:rPr><w:tab/><w:t>At least 25% of your disposable earnings are assigned by court order for support.</w:t></w:r></w:p><w:p w14:paraId="39305929" w14:textId="77777777" w:rsidR="00235C4A" w:rsidRDefault="00235C4A"><w:pPr><w:tabs><w:tab w:val="left" w:pos="1040"/><w:tab w:val="left" w:pos="1320"/><w:tab w:val="left" w:pos="2160"/><w:tab w:val="left" w:pos="2880"/><w:tab w:val="left" w:pos="3600"/><w:tab w:val="left" w:pos="4320"/><w:tab w:val="left" w:pos="5040"/><w:tab w:val="left" w:pos="5760"/><w:tab w:val="left" w:pos="6480"/><w:tab w:val="left" w:pos="7200"/><w:tab w:val="left" w:pos="7920"/><w:tab w:val="left" w:pos="8640"/><w:tab w:val="left" w:pos="9360"/></w:tabs><w:spacing w:line="240" w:lineRule="atLeast"/><w:ind w:left="720" w:right="960"/><w:rPr><w:snapToGrid w:val="0"/></w:rPr></w:pPr></w:p><w:p w14:paraId="0ED955FC" w14:textId="77777777" w:rsidR="00235C4A" w:rsidRPr="00A41C99" w:rsidRDefault="00235C4A"><w:pPr><w:pStyle w:val="BlockText"/><w:ind w:left="720" w:firstLine="0"/></w:pPr><w:r w:rsidRPr="00A41C99"><w:t>If the garnishment in either situation below would result in the income of your household being below the poverty line, the garnishment is limited to the amount of your household’s income in excess of the poverty line.  Those two situations are:</w:t></w:r></w:p><w:p w14:paraId="42C46117" w14:textId="77777777" w:rsidR="00235C4A" w:rsidRPr="00A41C99" w:rsidRDefault="00235C4A"><w:pPr><w:pStyle w:val="BlockText"/><w:ind w:left="720" w:firstLine="0"/></w:pPr></w:p><w:p w14:paraId="02CD8035" w14:textId="77777777" w:rsidR="00235C4A" w:rsidRPr="00A41C99" w:rsidRDefault="00235C4A" w:rsidP="005A60F7"><w:pPr><w:pStyle w:val="BlockText"/><w:numPr><w:ilvl w:val="0"/><w:numId w:val="11"/></w:numPr></w:pPr><w:r w:rsidRPr="00A41C99"><w:t>Garnishment of 20% of your disposable earnings, or;</w:t></w:r></w:p><w:p w14:paraId="20BC245B" w14:textId="77777777" w:rsidR="00235C4A" w:rsidRPr="00A41C99" w:rsidRDefault="00235C4A" w:rsidP="005A60F7"><w:pPr><w:pStyle w:val="BlockText"/><w:numPr><w:ilvl w:val="0"/><w:numId w:val="11"/></w:numPr></w:pPr><w:r w:rsidRPr="00A41C99"><w:t xml:space="preserve">Garnishment of the amount by which disposable earnings exceed thirty times the federal minimum hourly wage.  </w:t></w:r></w:p><w:p w14:paraId="6CCB8C41" w14:textId="77777777" w:rsidR="00235C4A" w:rsidRDefault="00235C4A"><w:pPr><w:tabs><w:tab w:val="left" w:pos="1040"/><w:tab w:val="left" w:pos="1320"/><w:tab w:val="left" w:pos="2160"/><w:tab w:val="left" w:pos="2880"/><w:tab w:val="left" w:pos="3600"/><w:tab w:val="left" w:pos="4320"/><w:tab w:val="left" w:pos="5040"/><w:tab w:val="left" w:pos="5760"/><w:tab w:val="left" w:pos="6480"/><w:tab w:val="left" w:pos="7200"/><w:tab w:val="left" w:pos="7920"/><w:tab w:val="left" w:pos="8640"/><w:tab w:val="left" w:pos="9360"/></w:tabs><w:spacing w:line="240" w:lineRule="atLeast"/><w:ind w:left="720" w:right="960"/><w:rPr><w:snapToGrid w:val="0"/></w:rPr></w:pPr></w:p><w:p w14:paraId="57D0783F" w14:textId="77777777" w:rsidR="00235C4A" w:rsidRDefault="00235C4A" w:rsidP="005A60F7"><w:pPr><w:ind w:left="720" w:right="806"/><w:jc w:val="center"/><w:rPr><w:b/><w:i/><w:snapToGrid w:val="0"/></w:rPr></w:pPr><w:r><w:rPr><w:b/><w:i/><w:snapToGrid w:val="0"/></w:rPr><w:t>Continued on page 2</w:t></w:r></w:p><w:p w14:paraId="73A1F29C" w14:textId="77777777" w:rsidR="00235C4A" w:rsidRDefault="00235C4A" w:rsidP="005A60F7"><w:pPr><w:tabs><w:tab w:val="left" w:pos="1040"/><w:tab w:val="left" w:pos="1320"/><w:tab w:val="left" w:pos="2160"/><w:tab w:val="left" w:pos="2880"/><w:tab w:val="left" w:pos="3600"/><w:tab w:val="left" w:pos="4320"/><w:tab w:val="left" w:pos="5040"/><w:tab w:val="left" w:pos="5760"/><w:tab w:val="left" w:pos="6480"/><w:tab w:val="left" w:pos="7200"/><w:tab w:val="left" w:pos="7920"/><w:tab w:val="left" w:pos="8640"/><w:tab w:val="left" w:pos="9360"/></w:tabs><w:spacing w:line="240" w:lineRule="atLeast"/><w:ind w:left="720" w:right="960"/><w:jc w:val="center"/><w:rPr><w:snapToGrid w:val="0"/></w:rPr></w:pPr></w:p><w:p w14:paraId="26E52FD4" w14:textId="77777777" w:rsidR="00235C4A" w:rsidRDefault="00235C4A"><w:pPr><w:tabs><w:tab w:val="left" w:pos="1040"/><w:tab w:val="left" w:pos="1320"/><w:tab w:val="left" w:pos="2160"/><w:tab w:val="left" w:pos="2880"/><w:tab w:val="left" w:pos="3600"/><w:tab w:val="left" w:pos="4320"/><w:tab w:val="left" w:pos="5040"/><w:tab w:val="left" w:pos="5760"/><w:tab w:val="left" w:pos="6480"/><w:tab w:val="left" w:pos="7200"/><w:tab w:val="left" w:pos="7920"/><w:tab w:val="left" w:pos="8640"/><w:tab w:val="left" w:pos="9360"/></w:tabs><w:spacing w:line="240" w:lineRule="atLeast"/><w:ind w:left="720" w:right="960"/><w:rPr><w:snapToGrid w:val="0"/></w:rPr></w:pPr></w:p><w:p w14:paraId="416893E2" w14:textId="77777777" w:rsidR="00235C4A" w:rsidRDefault="00235C4A"><w:pPr><w:tabs><w:tab w:val="left" w:pos="1040"/><w:tab w:val="left" w:pos="1320"/><w:tab w:val="left" w:pos="2160"/><w:tab w:val="left" w:pos="2880"/><w:tab w:val="left" w:pos="3600"/><w:tab w:val="left" w:pos="4320"/><w:tab w:val="left" w:pos="5040"/><w:tab w:val="left" w:pos="5760"/><w:tab w:val="left" w:pos="6480"/><w:tab w:val="left" w:pos="7200"/><w:tab w:val="left" w:pos="7920"/><w:tab w:val="left" w:pos="8640"/><w:tab w:val="left" w:pos="9360"/></w:tabs><w:spacing w:line="240" w:lineRule="atLeast"/><w:ind w:left="720" w:right="960"/><w:rPr><w:snapToGrid w:val="0"/></w:rPr></w:pPr><w:r><w:rPr><w:snapToGrid w:val="0"/></w:rPr><w:lastRenderedPageBreak/><w:t>There are no exemptions to this garnishment if the debt arises out of one of the following obligations:</w:t></w:r></w:p><w:p w14:paraId="63FE23F5" w14:textId="77777777" w:rsidR="00235C4A" w:rsidRDefault="00235C4A"><w:pPr><w:tabs><w:tab w:val="left" w:pos="1040"/><w:tab w:val="left" w:pos="1320"/><w:tab w:val="left" w:pos="2160"/><w:tab w:val="left" w:pos="2880"/><w:tab w:val="left" w:pos="3600"/><w:tab w:val="left" w:pos="4320"/><w:tab w:val="left" w:pos="5040"/><w:tab w:val="left" w:pos="5760"/><w:tab w:val="left" w:pos="6480"/><w:tab w:val="left" w:pos="7200"/><w:tab w:val="left" w:pos="7920"/><w:tab w:val="left" w:pos="8640"/><w:tab w:val="left" w:pos="9360"/></w:tabs><w:spacing w:line="240" w:lineRule="atLeast"/><w:ind w:left="720" w:right="960"/><w:rPr><w:snapToGrid w:val="0"/></w:rPr></w:pPr></w:p><w:p w14:paraId="27B66C8F" w14:textId="77777777" w:rsidR="00235C4A" w:rsidRDefault="00235C4A"><w:pPr><w:tabs><w:tab w:val="left" w:pos="1040"/><w:tab w:val="left" w:pos="1320"/><w:tab w:val="left" w:pos="2160"/><w:tab w:val="left" w:pos="2880"/><w:tab w:val="left" w:pos="3600"/><w:tab w:val="left" w:pos="4320"/><w:tab w:val="left" w:pos="5040"/><w:tab w:val="left" w:pos="5760"/><w:tab w:val="left" w:pos="6480"/><w:tab w:val="left" w:pos="7200"/><w:tab w:val="left" w:pos="7920"/><w:tab w:val="left" w:pos="8640"/><w:tab w:val="left" w:pos="9360"/></w:tabs><w:spacing w:line="240" w:lineRule="atLeast"/><w:ind w:left="720" w:right="960"/><w:rPr><w:snapToGrid w:val="0"/></w:rPr></w:pPr><w:r><w:rPr><w:snapToGrid w:val="0"/></w:rPr><w:tab/><w:t>1.</w:t></w:r><w:r><w:rPr><w:snapToGrid w:val="0"/></w:rPr><w:tab/><w:t>A debt amortization under §128.21 or a bankruptcy order under 11 USC 1301 to 1330.</w:t></w:r></w:p><w:p w14:paraId="1C6F7BC6" w14:textId="77777777" w:rsidR="00235C4A" w:rsidRDefault="00235C4A"><w:pPr><w:tabs><w:tab w:val="left" w:pos="1040"/><w:tab w:val="left" w:pos="1320"/><w:tab w:val="left" w:pos="2160"/><w:tab w:val="left" w:pos="2880"/><w:tab w:val="left" w:pos="3600"/><w:tab w:val="left" w:pos="4320"/><w:tab w:val="left" w:pos="5040"/><w:tab w:val="left" w:pos="5760"/><w:tab w:val="left" w:pos="6480"/><w:tab w:val="left" w:pos="7200"/><w:tab w:val="left" w:pos="7920"/><w:tab w:val="left" w:pos="8640"/><w:tab w:val="left" w:pos="9360"/></w:tabs><w:spacing w:line="240" w:lineRule="atLeast"/><w:ind w:left="720" w:right="960"/><w:rPr><w:snapToGrid w:val="0"/></w:rPr></w:pPr><w:r><w:rPr><w:snapToGrid w:val="0"/></w:rPr><w:tab/><w:t>2.</w:t></w:r><w:r><w:rPr><w:snapToGrid w:val="0"/></w:rPr><w:tab/><w:t>For the support of any person; or,</w:t></w:r></w:p><w:p w14:paraId="7BEC1BE4" w14:textId="77777777" w:rsidR="00235C4A" w:rsidRDefault="00235C4A"><w:pPr><w:tabs><w:tab w:val="left" w:pos="1040"/><w:tab w:val="left" w:pos="1320"/><w:tab w:val="left" w:pos="2160"/><w:tab w:val="left" w:pos="2880"/><w:tab w:val="left" w:pos="3600"/><w:tab w:val="left" w:pos="4320"/><w:tab w:val="left" w:pos="5040"/><w:tab w:val="left" w:pos="5760"/><w:tab w:val="left" w:pos="6480"/><w:tab w:val="left" w:pos="7200"/><w:tab w:val="left" w:pos="7920"/><w:tab w:val="left" w:pos="8640"/><w:tab w:val="left" w:pos="9360"/></w:tabs><w:spacing w:line="240" w:lineRule="atLeast"/><w:ind w:left="720" w:right="960"/><w:rPr><w:snapToGrid w:val="0"/></w:rPr></w:pPr><w:r><w:rPr><w:snapToGrid w:val="0"/></w:rPr><w:tab/><w:t>3.</w:t></w:r><w:r><w:rPr><w:snapToGrid w:val="0"/></w:rPr><w:tab/><w:t>Unpaid taxes.</w:t></w:r></w:p><w:p w14:paraId="2BF6E62D" w14:textId="77777777" w:rsidR="00235C4A" w:rsidRDefault="00235C4A"><w:pPr><w:tabs><w:tab w:val="left" w:pos="1040"/><w:tab w:val="left" w:pos="1320"/><w:tab w:val="left" w:pos="2160"/><w:tab w:val="left" w:pos="2880"/><w:tab w:val="left" w:pos="3600"/><w:tab w:val="left" w:pos="4320"/><w:tab w:val="left" w:pos="5040"/><w:tab w:val="left" w:pos="5760"/><w:tab w:val="left" w:pos="6480"/><w:tab w:val="left" w:pos="7200"/><w:tab w:val="left" w:pos="7920"/><w:tab w:val="left" w:pos="8640"/><w:tab w:val="left" w:pos="9360"/></w:tabs><w:spacing w:line="240" w:lineRule="atLeast"/><w:ind w:left="720" w:right="960"/><w:rPr><w:snapToGrid w:val="0"/></w:rPr></w:pPr></w:p><w:p w14:paraId="39E91900" w14:textId="77777777" w:rsidR="00235C4A" w:rsidRPr="004A07AD" w:rsidRDefault="00235C4A"><w:pPr><w:tabs><w:tab w:val="left" w:pos="1040"/><w:tab w:val="left" w:pos="1320"/><w:tab w:val="left" w:pos="2160"/><w:tab w:val="left" w:pos="2880"/><w:tab w:val="left" w:pos="3600"/><w:tab w:val="left" w:pos="4320"/><w:tab w:val="left" w:pos="5040"/><w:tab w:val="left" w:pos="5760"/><w:tab w:val="left" w:pos="6480"/><w:tab w:val="left" w:pos="7200"/><w:tab w:val="left" w:pos="7920"/><w:tab w:val="left" w:pos="8640"/><w:tab w:val="left" w:pos="9360"/></w:tabs><w:spacing w:line="240" w:lineRule="atLeast"/><w:ind w:left="720" w:right="960"/><w:rPr><w:snapToGrid w:val="0"/></w:rPr></w:pPr><w:r w:rsidRPr="004A07AD"><w:rPr><w:snapToGrid w:val="0"/></w:rPr><w:t>If you qualify for a complete exemption or a limitation in the amount subject to garnishment, you must give or mail a copy of the completed enclosed debtor's answer form to the garnishee/employer.</w:t></w:r></w:p><w:p w14:paraId="3E70E7DF" w14:textId="77777777" w:rsidR="00235C4A" w:rsidRPr="004A07AD" w:rsidRDefault="00235C4A"><w:pPr><w:tabs><w:tab w:val="left" w:pos="1040"/><w:tab w:val="left" w:pos="1320"/><w:tab w:val="left" w:pos="2160"/><w:tab w:val="left" w:pos="2880"/><w:tab w:val="left" w:pos="3600"/><w:tab w:val="left" w:pos="4320"/><w:tab w:val="left" w:pos="5040"/><w:tab w:val="left" w:pos="5760"/><w:tab w:val="left" w:pos="6480"/><w:tab w:val="left" w:pos="7200"/><w:tab w:val="left" w:pos="7920"/><w:tab w:val="left" w:pos="8640"/><w:tab w:val="left" w:pos="9360"/></w:tabs><w:spacing w:line="240" w:lineRule="atLeast"/><w:ind w:left="720" w:right="960"/><w:rPr><w:snapToGrid w:val="0"/></w:rPr></w:pPr></w:p><w:p w14:paraId="0C7C2BCF" w14:textId="77777777" w:rsidR="00235C4A" w:rsidRPr="004A07AD" w:rsidRDefault="00235C4A"><w:pPr><w:ind w:left="720" w:right="806"/><w:rPr><w:snapToGrid w:val="0"/></w:rPr></w:pPr><w:r w:rsidRPr="004A07AD"><w:rPr><w:snapToGrid w:val="0"/></w:rPr><w:t>If your circumstances change while the garnishment is in effect, you may file a new answer form at any time.</w:t></w:r></w:p><w:p w14:paraId="12A956DB" w14:textId="77777777" w:rsidR="00235C4A" w:rsidRPr="004A07AD" w:rsidRDefault="00235C4A"><w:pPr><w:tabs><w:tab w:val="left" w:pos="1040"/><w:tab w:val="left" w:pos="1320"/><w:tab w:val="left" w:pos="2160"/><w:tab w:val="left" w:pos="2880"/><w:tab w:val="left" w:pos="3600"/><w:tab w:val="left" w:pos="4320"/><w:tab w:val="left" w:pos="5040"/><w:tab w:val="left" w:pos="5760"/><w:tab w:val="left" w:pos="6480"/><w:tab w:val="left" w:pos="7200"/><w:tab w:val="left" w:pos="7920"/><w:tab w:val="left" w:pos="8640"/><w:tab w:val="left" w:pos="9360"/></w:tabs><w:spacing w:line="240" w:lineRule="atLeast"/><w:ind w:left="720" w:right="960"/><w:rPr><w:snapToGrid w:val="0"/><w:color w:val="000000"/></w:rPr></w:pPr></w:p><w:p w14:paraId="0575BAF2" w14:textId="77777777" w:rsidR="00235C4A" w:rsidRPr="004A07AD" w:rsidRDefault="00235C4A"><w:pPr><w:tabs><w:tab w:val="left" w:pos="1040"/><w:tab w:val="left" w:pos="1320"/><w:tab w:val="left" w:pos="2160"/><w:tab w:val="left" w:pos="2880"/><w:tab w:val="left" w:pos="3600"/><w:tab w:val="left" w:pos="4320"/><w:tab w:val="left" w:pos="5040"/><w:tab w:val="left" w:pos="5760"/><w:tab w:val="left" w:pos="6480"/><w:tab w:val="left" w:pos="7200"/><w:tab w:val="left" w:pos="7920"/><w:tab w:val="left" w:pos="8640"/><w:tab w:val="left" w:pos="9360"/></w:tabs><w:spacing w:line="240" w:lineRule="atLeast"/><w:ind w:left="720" w:right="960"/><w:rPr><w:snapToGrid w:val="0"/></w:rPr></w:pPr><w:r w:rsidRPr="004A07AD"><w:rPr><w:snapToGrid w:val="0"/><w:color w:val="000000"/></w:rPr><w:t>If you do not qualify for a complete exemption or limitation but will not be able to acquire the necessities of life for yourself and your dependents if your earnings are reduced by this earnings garnishment, you may ask the court in which this earnings garnishment was filed to increase your exemption or grant you other relief.</w:t></w:r></w:p><w:p w14:paraId="10918FE9" w14:textId="77777777" w:rsidR="00235C4A" w:rsidRPr="004A07AD" w:rsidRDefault="00235C4A"><w:pPr><w:tabs><w:tab w:val="left" w:pos="1040"/><w:tab w:val="left" w:pos="1320"/><w:tab w:val="left" w:pos="2160"/><w:tab w:val="left" w:pos="2880"/><w:tab w:val="left" w:pos="3600"/><w:tab w:val="left" w:pos="4320"/><w:tab w:val="left" w:pos="5040"/><w:tab w:val="left" w:pos="5760"/><w:tab w:val="left" w:pos="6480"/><w:tab w:val="left" w:pos="7200"/><w:tab w:val="left" w:pos="7920"/><w:tab w:val="left" w:pos="8640"/><w:tab w:val="left" w:pos="9360"/></w:tabs><w:spacing w:line="240" w:lineRule="atLeast"/><w:ind w:left="720" w:right="960"/><w:rPr><w:snapToGrid w:val="0"/></w:rPr></w:pPr></w:p><w:p w14:paraId="3B4AA7C0" w14:textId="77777777" w:rsidR="00235C4A" w:rsidRPr="004A07AD" w:rsidRDefault="00235C4A"><w:pPr><w:tabs><w:tab w:val="left" w:pos="1040"/><w:tab w:val="left" w:pos="1320"/><w:tab w:val="left" w:pos="2160"/><w:tab w:val="left" w:pos="2880"/><w:tab w:val="left" w:pos="3600"/><w:tab w:val="left" w:pos="4320"/><w:tab w:val="left" w:pos="5040"/><w:tab w:val="left" w:pos="5760"/><w:tab w:val="left" w:pos="6480"/><w:tab w:val="left" w:pos="7200"/><w:tab w:val="left" w:pos="7920"/><w:tab w:val="left" w:pos="8640"/><w:tab w:val="left" w:pos="9360"/></w:tabs><w:spacing w:line="240" w:lineRule="atLeast"/><w:ind w:left="720" w:right="960"/><w:jc w:val="center"/><w:rPr><w:b/><w:snapToGrid w:val="0"/></w:rPr></w:pPr><w:r w:rsidRPr="004A07AD"><w:rPr><w:b/><w:snapToGrid w:val="0"/></w:rPr><w:t>IF YOU NEED ASSISTANCE, CONSULT AN ATTORNEY</w:t></w:r></w:p><w:p w14:paraId="3A123CE1" w14:textId="77777777" w:rsidR="00235C4A" w:rsidRPr="004A07AD" w:rsidRDefault="00235C4A"><w:pPr><w:tabs><w:tab w:val="left" w:pos="1040"/><w:tab w:val="left" w:pos="1320"/><w:tab w:val="left" w:pos="2160"/><w:tab w:val="left" w:pos="2880"/><w:tab w:val="left" w:pos="3600"/><w:tab w:val="left" w:pos="4320"/><w:tab w:val="left" w:pos="5040"/><w:tab w:val="left" w:pos="5760"/><w:tab w:val="left" w:pos="6480"/><w:tab w:val="left" w:pos="7200"/><w:tab w:val="left" w:pos="7920"/><w:tab w:val="left" w:pos="8640"/><w:tab w:val="left" w:pos="9360"/></w:tabs><w:spacing w:line="240" w:lineRule="atLeast"/><w:ind w:left="720" w:right="960"/><w:rPr><w:snapToGrid w:val="0"/></w:rPr></w:pPr></w:p><w:p w14:paraId="68B64C31" w14:textId="77777777" w:rsidR="00235C4A" w:rsidRPr="004A07AD" w:rsidRDefault="00235C4A"><w:pPr><w:tabs><w:tab w:val="left" w:pos="1040"/><w:tab w:val="left" w:pos="1320"/><w:tab w:val="left" w:pos="2160"/><w:tab w:val="left" w:pos="2880"/><w:tab w:val="left" w:pos="3600"/><w:tab w:val="left" w:pos="4320"/><w:tab w:val="left" w:pos="5040"/><w:tab w:val="left" w:pos="5760"/><w:tab w:val="left" w:pos="6480"/><w:tab w:val="left" w:pos="7200"/><w:tab w:val="left" w:pos="7920"/><w:tab w:val="left" w:pos="8640"/><w:tab w:val="left" w:pos="9360"/></w:tabs><w:spacing w:line="240" w:lineRule="atLeast"/><w:ind w:left="720" w:right="960"/><w:rPr><w:snapToGrid w:val="0"/></w:rPr></w:pPr><w:r w:rsidRPr="004A07AD"><w:rPr><w:snapToGrid w:val="0"/></w:rPr><w:t>If you have garnished earnings that are exempt, limited or subject to a defense, the sooner you file your answer form with the garnishee/employer or seek relief from the court, the sooner such relief can be provided.  This earnings garnishment affects your earnings in pay periods beginning within 13 weeks after it was served on the garnishee/employer.  You may agree in writing with the creditor to extend it for additional 13-week periods until the debt is paid.</w:t></w:r></w:p><w:p w14:paraId="3495E671" w14:textId="77777777" w:rsidR="00235C4A" w:rsidRPr="004A07AD" w:rsidRDefault="00235C4A"><w:pPr><w:tabs><w:tab w:val="left" w:pos="1040"/><w:tab w:val="left" w:pos="1320"/><w:tab w:val="left" w:pos="2160"/><w:tab w:val="left" w:pos="2880"/><w:tab w:val="left" w:pos="3600"/><w:tab w:val="left" w:pos="4320"/><w:tab w:val="left" w:pos="5040"/><w:tab w:val="left" w:pos="5760"/><w:tab w:val="left" w:pos="6480"/><w:tab w:val="left" w:pos="7200"/><w:tab w:val="left" w:pos="7920"/><w:tab w:val="left" w:pos="8640"/><w:tab w:val="left" w:pos="9360"/></w:tabs><w:spacing w:line="240" w:lineRule="atLeast"/><w:ind w:left="720" w:right="960"/><w:rPr><w:snapToGrid w:val="0"/></w:rPr></w:pPr></w:p><w:p w14:paraId="75B65371" w14:textId="77777777" w:rsidR="00235C4A" w:rsidRPr="000921F0" w:rsidRDefault="00235C4A"><w:pPr><w:tabs><w:tab w:val="left" w:pos="1040"/><w:tab w:val="left" w:pos="1320"/><w:tab w:val="left" w:pos="2160"/><w:tab w:val="left" w:pos="2880"/><w:tab w:val="left" w:pos="3600"/><w:tab w:val="left" w:pos="4320"/><w:tab w:val="left" w:pos="5040"/><w:tab w:val="left" w:pos="5760"/><w:tab w:val="left" w:pos="6480"/><w:tab w:val="left" w:pos="7200"/><w:tab w:val="left" w:pos="7920"/><w:tab w:val="left" w:pos="8640"/><w:tab w:val="left" w:pos="9360"/></w:tabs><w:spacing w:line="240" w:lineRule="atLeast"/><w:ind w:left="720" w:right="960"/><w:jc w:val="center"/><w:rPr><w:b/><w:snapToGrid w:val="0"/></w:rPr></w:pPr><w:r w:rsidRPr="004A07AD"><w:rPr><w:b/><w:snapToGrid w:val="0"/></w:rPr><w:t>PENALTIES</w:t></w:r></w:p><w:p w14:paraId="6EAC0072" w14:textId="77777777" w:rsidR="00235C4A" w:rsidRDefault="00235C4A"><w:pPr><w:tabs><w:tab w:val="left" w:pos="1040"/><w:tab w:val="left" w:pos="1320"/><w:tab w:val="left" w:pos="2160"/><w:tab w:val="left" w:pos="2880"/><w:tab w:val="left" w:pos="3600"/><w:tab w:val="left" w:pos="4320"/><w:tab w:val="left" w:pos="5040"/><w:tab w:val="left" w:pos="5760"/><w:tab w:val="left" w:pos="6480"/><w:tab w:val="left" w:pos="7200"/><w:tab w:val="left" w:pos="7920"/><w:tab w:val="left" w:pos="8640"/><w:tab w:val="left" w:pos="9360"/></w:tabs><w:spacing w:line="240" w:lineRule="atLeast"/><w:ind w:left="720" w:right="960"/><w:rPr><w:snapToGrid w:val="0"/></w:rPr></w:pPr></w:p><w:p w14:paraId="579A12EB" w14:textId="77777777" w:rsidR="00235C4A" w:rsidRDefault="00235C4A"><w:pPr><w:ind w:left="720" w:right="806"/><w:rPr><w:b/><w:snapToGrid w:val="0"/><w:color w:val="000000"/></w:rPr></w:pPr><w:r><w:rPr><w:snapToGrid w:val="0"/></w:rPr><w:t>If you wrongly claim an exemption or defense in bad faith, or if the creditor wrongly objects to your claim in bad faith, the court may order the person who acted in bad faith to pay court costs, actual damages and reasonable attorney fees.</w:t></w:r></w:p><w:sectPr w:rsidR="00235C4A"><w:headerReference w:type="even" r:id="rId7"/><w:headerReference w:type="default" r:id="rId8"/><w:footerReference w:type="default" r:id="rId9"/><w:footerReference w:type="first" r:id="rId10"/><w:type w:val="continuous"/><w:pgSz w:w="12240" w:h="15840"/><w:pgMar w:top="864" w:right="936" w:bottom="1008" w:left="936" w:header="864" w:footer="432" w:gutter="0"/><w:cols w:space="720"/><w:titlePg/></w:sectPr></w:body></w:document>