<?xml version="1.0" encoding="UTF-8" standalone="yes"?>
<w:hdr xmlns:wpc="http://schemas.microsoft.com/office/word/2010/wordprocessingCanvas" xmlns:cx="http://schemas.microsoft.com/office/drawing/2014/chartex" xmlns:cx1="http://schemas.microsoft.com/office/drawing/2015/9/8/chartex" xmlns:cx2="http://schemas.microsoft.com/office/drawing/2015/10/21/chartex" xmlns:cx3="http://schemas.microsoft.com/office/drawing/2016/5/9/chartex" xmlns:cx4="http://schemas.microsoft.com/office/drawing/2016/5/10/chartex" xmlns:cx5="http://schemas.microsoft.com/office/drawing/2016/5/11/chartex" xmlns:cx6="http://schemas.microsoft.com/office/drawing/2016/5/12/chartex" xmlns:cx7="http://schemas.microsoft.com/office/drawing/2016/5/13/chartex" xmlns:cx8="http://schemas.microsoft.com/office/drawing/2016/5/14/chartex" xmlns:mc="http://schemas.openxmlformats.org/markup-compatibility/2006" xmlns:aink="http://schemas.microsoft.com/office/drawing/2016/ink" xmlns:am3d="http://schemas.microsoft.com/office/drawing/2017/model3d" xmlns:o="urn:schemas-microsoft-com:office:office" xmlns:r="http://schemas.openxmlformats.org/officeDocument/2006/relationships" xmlns:m="http://schemas.openxmlformats.org/officeDocument/2006/math" xmlns:v="urn:schemas-microsoft-com:vml" xmlns:wp14="http://schemas.microsoft.com/office/word/2010/wordprocessingDrawing" xmlns:wp="http://schemas.openxmlformats.org/drawingml/2006/wordprocessingDrawing" xmlns:w10="urn:schemas-microsoft-com:office:word" xmlns:w="http://schemas.openxmlformats.org/wordprocessingml/2006/main" xmlns:w14="http://schemas.microsoft.com/office/word/2010/wordml" xmlns:w15="http://schemas.microsoft.com/office/word/2012/wordml" xmlns:w16cid="http://schemas.microsoft.com/office/word/2016/wordml/cid" xmlns:w16se="http://schemas.microsoft.com/office/word/2015/wordml/symex" xmlns:wpg="http://schemas.microsoft.com/office/word/2010/wordprocessingGroup" xmlns:wpi="http://schemas.microsoft.com/office/word/2010/wordprocessingInk" xmlns:wne="http://schemas.microsoft.com/office/word/2006/wordml" xmlns:wps="http://schemas.microsoft.com/office/word/2010/wordprocessingShape" mc:Ignorable="w14 w15 w16se w16cid wp14"><w:p w14:paraId="765B8CD6" w14:textId="77777777" w:rsidR="00684625" w:rsidRPr="006B6E63" w:rsidRDefault="0087726A" w:rsidP="000921F0"><w:pPr><w:pStyle w:val="Header"/><w:pBdr><w:bottom w:val="single" w:sz="4" w:space="1" w:color="auto"/></w:pBdr><w:tabs><w:tab w:val="clear" w:pos="4320"/><w:tab w:val="clear" w:pos="8640"/><w:tab w:val="left" w:pos="4950"/><w:tab w:val="left" w:pos="7200"/><w:tab w:val="left" w:pos="10260"/></w:tabs><w:ind w:right="18"/><w:rPr><w:snapToGrid w:val="0"/><w:sz w:val="16"/><w:szCs w:val="16"/></w:rPr></w:pPr><w:r><w:rPr><w:sz w:val="16"/><w:szCs w:val="16"/></w:rPr><w:t>Earnings Garnishment -</w:t></w:r><w:r w:rsidR="00684625" w:rsidRPr="006B6E63"><w:rPr><w:sz w:val="16"/><w:szCs w:val="16"/></w:rPr><w:t xml:space="preserve"> </w:t></w:r><w:r><w:rPr><w:sz w:val="16"/><w:szCs w:val="16"/></w:rPr><w:t>Exemption Notice</w:t></w:r><w:r w:rsidR="00684625" w:rsidRPr="006B6E63"><w:rPr><w:b/><w:sz w:val="16"/><w:szCs w:val="16"/></w:rPr><w:t xml:space="preserve"> </w:t></w:r><w:r w:rsidR="00684625" w:rsidRPr="006B6E63"><w:rPr><w:sz w:val="16"/><w:szCs w:val="16"/></w:rPr><w:tab/></w:r><w:r w:rsidR="00684625" w:rsidRPr="006B6E63"><w:rPr><w:snapToGrid w:val="0"/><w:sz w:val="16"/><w:szCs w:val="16"/></w:rPr><w:t xml:space="preserve">Page </w:t></w:r><w:r w:rsidR="00684625" w:rsidRPr="006B6E63"><w:rPr><w:snapToGrid w:val="0"/><w:sz w:val="16"/><w:szCs w:val="16"/></w:rPr><w:fldChar w:fldCharType="begin"/></w:r><w:r w:rsidR="00684625" w:rsidRPr="006B6E63"><w:rPr><w:snapToGrid w:val="0"/><w:sz w:val="16"/><w:szCs w:val="16"/></w:rPr><w:instrText xml:space="preserve"> PAGE </w:instrText></w:r><w:r w:rsidR="00684625" w:rsidRPr="006B6E63"><w:rPr><w:snapToGrid w:val="0"/><w:sz w:val="16"/><w:szCs w:val="16"/></w:rPr><w:fldChar w:fldCharType="separate"/></w:r><w:r w:rsidR="006152BA"><w:rPr><w:noProof/><w:snapToGrid w:val="0"/><w:sz w:val="16"/><w:szCs w:val="16"/></w:rPr><w:t>2</w:t></w:r><w:r w:rsidR="00684625" w:rsidRPr="006B6E63"><w:rPr><w:snapToGrid w:val="0"/><w:sz w:val="16"/><w:szCs w:val="16"/></w:rPr><w:fldChar w:fldCharType="end"/></w:r><w:r w:rsidR="00684625" w:rsidRPr="006B6E63"><w:rPr><w:snapToGrid w:val="0"/><w:sz w:val="16"/><w:szCs w:val="16"/></w:rPr><w:t xml:space="preserve"> of </w:t></w:r><w:r w:rsidR="00684625" w:rsidRPr="006B6E63"><w:rPr><w:snapToGrid w:val="0"/><w:sz w:val="16"/><w:szCs w:val="16"/></w:rPr><w:fldChar w:fldCharType="begin"/></w:r><w:r w:rsidR="00684625" w:rsidRPr="006B6E63"><w:rPr><w:snapToGrid w:val="0"/><w:sz w:val="16"/><w:szCs w:val="16"/></w:rPr><w:instrText xml:space="preserve"> NUMPAGES </w:instrText></w:r><w:r w:rsidR="00684625" w:rsidRPr="006B6E63"><w:rPr><w:snapToGrid w:val="0"/><w:sz w:val="16"/><w:szCs w:val="16"/></w:rPr><w:fldChar w:fldCharType="separate"/></w:r><w:r w:rsidR="006152BA"><w:rPr><w:noProof/><w:snapToGrid w:val="0"/><w:sz w:val="16"/><w:szCs w:val="16"/></w:rPr><w:t>2</w:t></w:r><w:r w:rsidR="00684625" w:rsidRPr="006B6E63"><w:rPr><w:snapToGrid w:val="0"/><w:sz w:val="16"/><w:szCs w:val="16"/></w:rPr><w:fldChar w:fldCharType="end"/></w:r><w:r w:rsidR="00684625" w:rsidRPr="006B6E63"><w:rPr><w:snapToGrid w:val="0"/><w:sz w:val="16"/><w:szCs w:val="16"/></w:rPr><w:tab/></w:r><w:r w:rsidR="00684625" w:rsidRPr="006B6E63"><w:rPr><w:sz w:val="16"/><w:szCs w:val="16"/></w:rPr><w:t>C</w:t></w:r><w:r w:rsidR="00684625" w:rsidRPr="006B6E63"><w:rPr><w:snapToGrid w:val="0"/><w:sz w:val="16"/><w:szCs w:val="16"/></w:rPr><w:t xml:space="preserve">ase No. </w:t></w:r><w:r w:rsidR="00E56B23"><w:rPr><w:rFonts w:ascii="Times New Roman" w:hAnsi="Times New Roman"/><w:u w:val="single"/></w:rPr><w:t>2015SC031731</w:t></w:r><w:r w:rsidR="00684625" w:rsidRPr="006B6E63"><w:rPr><w:snapToGrid w:val="0"/><w:sz w:val="16"/><w:szCs w:val="16"/><w:u w:val="single"/></w:rPr><w:tab/></w:r></w:p><w:p w14:paraId="3136F5D0" w14:textId="77777777" w:rsidR="00684625" w:rsidRDefault="00684625"><w:pPr><w:pStyle w:val="Header"/><w:tabs><w:tab w:val="clear" w:pos="4320"/><w:tab w:val="clear" w:pos="8640"/><w:tab w:val="center" w:pos="5220"/><w:tab w:val="right" w:pos="9540"/></w:tabs><w:ind w:right="360"/><w:rPr><w:sz w:val="12"/></w:rPr></w:pPr></w:p></w:hdr>