<?xml version="1.0" encoding="UTF-8" standalone="yes"?>
<Properties xmlns="http://schemas.openxmlformats.org/officeDocument/2006/extended-properties" xmlns:vt="http://schemas.openxmlformats.org/officeDocument/2006/docPropsVTypes"><Template>Normal</Template><TotalTime>3</TotalTime><Pages>1</Pages><Words>457</Words><Characters>2611</Characters><Application>Microsoft Office Word</Application><DocSecurity>0</DocSecurity><Lines>21</Lines><Paragraphs>6</Paragraphs><ScaleCrop>false</ScaleCrop><HeadingPairs><vt:vector size="2" baseType="variant"><vt:variant><vt:lpstr>Title</vt:lpstr></vt:variant><vt:variant><vt:i4>1</vt:i4></vt:variant></vt:vector></HeadingPairs><TitlesOfParts><vt:vector size="1" baseType="lpstr"><vt:lpstr>SC-518: Garnishee Answer to Creditor Earnings Garnishment (Small Claims)</vt:lpstr></vt:vector></TitlesOfParts><Company>Wisconsin State Courts</Company><LinksUpToDate>false</LinksUpToDate><CharactersWithSpaces>3062</CharactersWithSpaces><SharedDoc>false</SharedDoc><HyperlinksChanged>false</HyperlinksChanged><AppVersion>16.0000</AppVersion></Properties>