<?xml version="1.0" encoding="UTF-8" standalone="yes"?>
<w:document xmlns:wpc="http://schemas.microsoft.com/office/word/2010/wordprocessingCanvas" xmlns:cx="http://schemas.microsoft.com/office/drawing/2014/chartex" xmlns:cx1="http://schemas.microsoft.com/office/drawing/2015/9/8/chartex" xmlns:cx2="http://schemas.microsoft.com/office/drawing/2015/10/21/chartex" xmlns:cx3="http://schemas.microsoft.com/office/drawing/2016/5/9/chartex" xmlns:cx4="http://schemas.microsoft.com/office/drawing/2016/5/10/chartex" xmlns:cx5="http://schemas.microsoft.com/office/drawing/2016/5/11/chartex" xmlns:cx6="http://schemas.microsoft.com/office/drawing/2016/5/12/chartex" xmlns:cx7="http://schemas.microsoft.com/office/drawing/2016/5/13/chartex" xmlns:cx8="http://schemas.microsoft.com/office/drawing/2016/5/14/chartex" xmlns:mc="http://schemas.openxmlformats.org/markup-compatibility/2006" xmlns:aink="http://schemas.microsoft.com/office/drawing/2016/ink" xmlns:am3d="http://schemas.microsoft.com/office/drawing/2017/model3d" xmlns:o="urn:schemas-microsoft-com:office:office" xmlns:r="http://schemas.openxmlformats.org/officeDocument/2006/relationships" xmlns:m="http://schemas.openxmlformats.org/officeDocument/2006/math" xmlns:v="urn:schemas-microsoft-com:vml" xmlns:wp14="http://schemas.microsoft.com/office/word/2010/wordprocessingDrawing" xmlns:wp="http://schemas.openxmlformats.org/drawingml/2006/wordprocessingDrawing" xmlns:w10="urn:schemas-microsoft-com:office:word" xmlns:w="http://schemas.openxmlformats.org/wordprocessingml/2006/main" xmlns:w14="http://schemas.microsoft.com/office/word/2010/wordml" xmlns:w15="http://schemas.microsoft.com/office/word/2012/wordml" xmlns:w16cid="http://schemas.microsoft.com/office/word/2016/wordml/cid" xmlns:w16se="http://schemas.microsoft.com/office/word/2015/wordml/symex" xmlns:wpg="http://schemas.microsoft.com/office/word/2010/wordprocessingGroup" xmlns:wpi="http://schemas.microsoft.com/office/word/2010/wordprocessingInk" xmlns:wne="http://schemas.microsoft.com/office/word/2006/wordml" xmlns:wps="http://schemas.microsoft.com/office/word/2010/wordprocessingShape" mc:Ignorable="w14 w15 w16se w16cid wp14"><w:body><w:tbl><w:tblPr><w:tblW w:w="0" w:type="auto"/><w:tblBorders><w:bottom w:val="single" w:sz="4" w:space="0" w:color="auto"/></w:tblBorders><w:tblLayout w:type="fixed"/><w:tblLook w:val="0000" w:firstRow="0" w:lastRow="0" w:firstColumn="0" w:lastColumn="0" w:noHBand="0" w:noVBand="0"/></w:tblPr><w:tblGrid><w:gridCol w:w="918"/><w:gridCol w:w="4500"/><w:gridCol w:w="3150"/><w:gridCol w:w="1890"/></w:tblGrid><w:tr w:rsidR="009A537D" w:rsidRPr="00C37D29" w14:paraId="0875E216" w14:textId="77777777"><w:trPr><w:cantSplit/><w:trHeight w:val="240"/></w:trPr><w:tc><w:tcPr><w:tcW w:w="8568" w:type="dxa"/><w:gridSpan w:val="3"/><w:tcBorders><w:bottom w:val="single" w:sz="4" w:space="0" w:color="auto"/><w:right w:val="single" w:sz="4" w:space="0" w:color="auto"/></w:tcBorders><w:vAlign w:val="bottom"/></w:tcPr><w:p w14:paraId="4C302FBC" w14:textId="6BFBA2EC" w:rsidR="009A537D" w:rsidRPr="00C37D29" w:rsidRDefault="009A537D" w:rsidP="001F3F45"><w:pPr><w:tabs><w:tab w:val="right" w:pos="8280"/></w:tabs><w:spacing w:after="40"/><w:rPr><w:b/><w:sz w:val="24"/><w:u w:val="single"/></w:rPr></w:pPr><w:r w:rsidRPr="00C37D29"><w:rPr><w:b/></w:rPr><w:t>STATE OF WISCONSIN, CIRCUIT COURT,</w:t></w:r><w:r><w:rPr><w:b/><w:u w:val="single"/></w:rPr><w:t xml:space="preserve"> </w:t></w:r><w:r w:rsidR="007B6496"><w:rPr><w:b/><w:bCs/><w:noProof/><w:u w:val="single"/></w:rPr><w:t>JCOUNTY</w:t></w:r><w:r w:rsidRPr="00C37D29"><w:rPr><w:b/><w:u w:val="single"/></w:rPr><w:tab/></w:r><w:r w:rsidRPr="00C37D29"><w:rPr><w:b/></w:rPr><w:t xml:space="preserve"> COUNTY</w:t></w:r></w:p></w:tc><w:tc><w:tcPr><w:tcW w:w="1890" w:type="dxa"/><w:vMerge w:val="restart"/><w:tcBorders><w:left w:val="single" w:sz="4" w:space="0" w:color="auto"/><w:bottom w:val="single" w:sz="4" w:space="0" w:color="auto"/></w:tcBorders></w:tcPr><w:p w14:paraId="6FA42D97" w14:textId="77777777" w:rsidR="009A537D" w:rsidRPr="009B7DA0" w:rsidRDefault="009A537D"><w:pPr><w:pStyle w:val="Heading3"/><w:rPr><w:sz w:val="18"/><w:szCs w:val="18"/></w:rPr></w:pPr><w:r><w:rPr><w:sz w:val="18"/><w:szCs w:val="18"/></w:rPr><w:t>For Official Use</w:t></w:r></w:p></w:tc></w:tr><w:tr w:rsidR="009A537D" w:rsidRPr="00C37D29" w14:paraId="09C7CA46" w14:textId="77777777"><w:trPr><w:cantSplit/><w:trHeight w:hRule="exact" w:val="240"/></w:trPr><w:tc><w:tcPr><w:tcW w:w="918" w:type="dxa"/><w:tcBorders><w:top w:val="nil"/><w:bottom w:val="nil"/></w:tcBorders></w:tcPr><w:p w14:paraId="2D6F0C95" w14:textId="77777777" w:rsidR="009A537D" w:rsidRPr="00C37D29" w:rsidRDefault="009A537D"><w:pPr><w:pStyle w:val="Header"/><w:ind w:right="-108"/><w:rPr><w:sz w:val="18"/></w:rPr></w:pPr></w:p></w:tc><w:tc><w:tcPr><w:tcW w:w="4500" w:type="dxa"/><w:tcBorders><w:top w:val="single" w:sz="4" w:space="0" w:color="auto"/><w:bottom w:val="nil"/></w:tcBorders></w:tcPr><w:p w14:paraId="18427883" w14:textId="77777777" w:rsidR="009A537D" w:rsidRPr="00C37D29" w:rsidRDefault="009A537D"><w:pPr><w:pStyle w:val="Header"/><w:tabs><w:tab w:val="left" w:pos="4860"/></w:tabs><w:ind w:left="-108"/><w:rPr><w:sz w:val="16"/></w:rPr></w:pPr></w:p></w:tc><w:tc><w:tcPr><w:tcW w:w="3150" w:type="dxa"/><w:vMerge w:val="restart"/><w:tcBorders><w:top w:val="single" w:sz="4" w:space="0" w:color="auto"/><w:bottom w:val="nil"/><w:right w:val="single" w:sz="4" w:space="0" w:color="auto"/></w:tcBorders></w:tcPr><w:p w14:paraId="4915FEE6" w14:textId="77777777" w:rsidR="009A537D" w:rsidRPr="00C37D29" w:rsidRDefault="009A537D"><w:pPr><w:pStyle w:val="Header"/><w:jc w:val="center"/><w:rPr><w:b/><w:sz w:val="24"/></w:rPr></w:pPr></w:p><w:p w14:paraId="6BE09811" w14:textId="77777777" w:rsidR="009A537D" w:rsidRPr="00C37D29" w:rsidRDefault="009A537D"><w:pPr><w:jc w:val="center"/><w:rPr><w:b/><w:sz w:val="24"/></w:rPr></w:pPr><w:r><w:rPr><w:b/><w:sz w:val="24"/></w:rPr><w:t>Earnings Garnishment -</w:t></w:r></w:p><w:p w14:paraId="2236AE34" w14:textId="77777777" w:rsidR="009A537D" w:rsidRPr="00C37D29" w:rsidRDefault="009A537D"><w:pPr><w:tabs><w:tab w:val="left" w:pos="2934"/></w:tabs><w:ind w:left="-108"/><w:jc w:val="center"/><w:rPr><w:b/><w:sz w:val="24"/></w:rPr></w:pPr><w:r><w:rPr><w:b/><w:sz w:val="24"/></w:rPr><w:t>Debtor's Answer</w:t></w:r><w:r w:rsidRPr="00C37D29"><w:rPr><w:b/><w:sz w:val="24"/></w:rPr><w:t xml:space="preserve"> </w:t></w:r></w:p></w:tc><w:tc><w:tcPr><w:tcW w:w="1890" w:type="dxa"/><w:vMerge/><w:tcBorders><w:left w:val="single" w:sz="4" w:space="0" w:color="auto"/><w:bottom w:val="single" w:sz="4" w:space="0" w:color="auto"/></w:tcBorders></w:tcPr><w:p w14:paraId="26C5B544" w14:textId="77777777" w:rsidR="009A537D" w:rsidRPr="00C37D29" w:rsidRDefault="009A537D"/></w:tc></w:tr><w:tr w:rsidR="009A537D" w:rsidRPr="00C37D29" w14:paraId="797D0747" w14:textId="77777777"><w:trPr><w:cantSplit/><w:trHeight w:val="441"/></w:trPr><w:tc><w:tcPr><w:tcW w:w="918" w:type="dxa"/><w:tcBorders><w:top w:val="nil"/><w:bottom w:val="nil"/></w:tcBorders></w:tcPr><w:p w14:paraId="50A7875E" w14:textId="77777777" w:rsidR="009A537D" w:rsidRPr="00C37D29" w:rsidRDefault="009A537D"><w:pPr><w:pStyle w:val="Header"/><w:ind w:right="-108"/><w:rPr><w:sz w:val="16"/></w:rPr></w:pPr><w:r w:rsidRPr="00C37D29"><w:rPr><w:sz w:val="16"/></w:rPr><w:t>Creditor:</w:t></w:r></w:p></w:tc><w:tc><w:tcPr><w:tcW w:w="4500" w:type="dxa"/><w:tcBorders><w:top w:val="nil"/><w:bottom w:val="nil"/></w:tcBorders></w:tcPr><w:p w14:paraId="4600F3DF" w14:textId="76D3EA3B" w:rsidR="009A537D" w:rsidRPr="00C37D29" w:rsidRDefault="007B6496" w:rsidP="001F3F45"><w:pPr><w:pStyle w:val="Header"/><w:tabs><w:tab w:val="clear" w:pos="4320"/><w:tab w:val="left" w:pos="4194"/><w:tab w:val="left" w:pos="4860"/></w:tabs><w:ind w:left="-108"/><w:rPr><w:rFonts w:ascii="Times New Roman" w:hAnsi="Times New Roman"/><w:u w:val="single"/></w:rPr></w:pPr><w:r><w:rPr><w:rFonts w:ascii="Times New Roman" w:hAnsi="Times New Roman"/><w:noProof/><w:u w:val="single"/></w:rPr><w:t>CREDNAME</w:t></w:r><w:r w:rsidR="009A537D" w:rsidRPr="006D0B82"><w:rPr><w:rFonts w:ascii="Times New Roman" w:hAnsi="Times New Roman"/><w:u w:val="single"/></w:rPr><w:tab/></w:r></w:p></w:tc><w:tc><w:tcPr><w:tcW w:w="3150" w:type="dxa"/><w:vMerge/><w:tcBorders><w:top w:val="nil"/><w:bottom w:val="nil"/><w:right w:val="single" w:sz="4" w:space="0" w:color="auto"/></w:tcBorders></w:tcPr><w:p w14:paraId="2D9879DF" w14:textId="77777777" w:rsidR="009A537D" w:rsidRPr="00C37D29" w:rsidRDefault="009A537D"><w:pPr><w:pStyle w:val="Header"/><w:rPr><w:b/><w:sz w:val="24"/></w:rPr></w:pPr></w:p></w:tc><w:tc><w:tcPr><w:tcW w:w="1890" w:type="dxa"/><w:vMerge/><w:tcBorders><w:left w:val="single" w:sz="4" w:space="0" w:color="auto"/><w:bottom w:val="single" w:sz="4" w:space="0" w:color="auto"/></w:tcBorders></w:tcPr><w:p w14:paraId="4D881AE8" w14:textId="77777777" w:rsidR="009A537D" w:rsidRPr="00C37D29" w:rsidRDefault="009A537D"/></w:tc></w:tr><w:tr w:rsidR="009A537D" w:rsidRPr="00C37D29" w14:paraId="22E9CEBF" w14:textId="77777777"><w:trPr><w:cantSplit/><w:trHeight w:val="306"/></w:trPr><w:tc><w:tcPr><w:tcW w:w="918" w:type="dxa"/></w:tcPr><w:p w14:paraId="4C8D1632" w14:textId="77777777" w:rsidR="009A537D" w:rsidRPr="00C37D29" w:rsidRDefault="009A537D"><w:pPr><w:pStyle w:val="Header"/><w:tabs><w:tab w:val="clear" w:pos="4320"/><w:tab w:val="clear" w:pos="8640"/><w:tab w:val="left" w:pos="360"/></w:tabs><w:ind w:right="-108"/><w:rPr><w:sz w:val="16"/></w:rPr></w:pPr><w:r w:rsidRPr="00C37D29"><w:rPr><w:sz w:val="16"/></w:rPr><w:t>Debtor:</w:t></w:r></w:p></w:tc><w:tc><w:tcPr><w:tcW w:w="4500" w:type="dxa"/></w:tcPr><w:p w14:paraId="5B99491D" w14:textId="4F36B197" w:rsidR="009A537D" w:rsidRPr="00C37D29" w:rsidRDefault="007B6496" w:rsidP="00AB5222"><w:pPr><w:pStyle w:val="Header"/><w:tabs><w:tab w:val="clear" w:pos="4320"/><w:tab w:val="clear" w:pos="8640"/><w:tab w:val="left" w:pos="4194"/><w:tab w:val="left" w:pos="4860"/></w:tabs><w:ind w:left="-108"/><w:rPr><w:rFonts w:ascii="Times New Roman" w:hAnsi="Times New Roman"/><w:u w:val="single"/></w:rPr></w:pPr><w:r><w:rPr><w:rFonts w:ascii="Times New Roman" w:hAnsi="Times New Roman"/><w:noProof/><w:u w:val="single"/></w:rPr><w:t>DEBTORNAME</w:t></w:r><w:r w:rsidR="009A537D" w:rsidRPr="00C37D29"><w:rPr><w:rFonts w:ascii="Times New Roman" w:hAnsi="Times New Roman"/><w:u w:val="single"/></w:rPr><w:tab/></w:r></w:p></w:tc><w:tc><w:tcPr><w:tcW w:w="3150" w:type="dxa"/><w:vMerge/><w:tcBorders><w:bottom w:val="nil"/><w:right w:val="single" w:sz="4" w:space="0" w:color="auto"/></w:tcBorders></w:tcPr><w:p w14:paraId="2296CC48" w14:textId="77777777" w:rsidR="009A537D" w:rsidRPr="00C37D29" w:rsidRDefault="009A537D"><w:pPr><w:pStyle w:val="FormTitle"/></w:pPr></w:p></w:tc><w:tc><w:tcPr><w:tcW w:w="1890" w:type="dxa"/><w:vMerge/><w:tcBorders><w:left w:val="single" w:sz="4" w:space="0" w:color="auto"/><w:bottom w:val="single" w:sz="4" w:space="0" w:color="auto"/></w:tcBorders></w:tcPr><w:p w14:paraId="0E27AB78" w14:textId="77777777" w:rsidR="009A537D" w:rsidRPr="00C37D29" w:rsidRDefault="009A537D"/></w:tc></w:tr><w:tr w:rsidR="009A537D" w:rsidRPr="00C37D29" w14:paraId="6D8621C1" w14:textId="77777777"><w:trPr><w:cantSplit/><w:trHeight w:hRule="exact" w:val="240"/></w:trPr><w:tc><w:tcPr><w:tcW w:w="918" w:type="dxa"/><w:vAlign w:val="center"/></w:tcPr><w:p w14:paraId="7EAD390B" w14:textId="77777777" w:rsidR="009A537D" w:rsidRPr="00C37D29" w:rsidRDefault="009A537D"><w:pPr><w:pStyle w:val="Header"/><w:tabs><w:tab w:val="clear" w:pos="4320"/><w:tab w:val="clear" w:pos="8640"/></w:tabs><w:spacing w:line="180" w:lineRule="exact"/><w:ind w:right="-108"/><w:rPr><w:sz w:val="16"/></w:rPr></w:pPr><w:r w:rsidRPr="00C37D29"><w:rPr><w:sz w:val="16"/></w:rPr><w:t xml:space="preserve">          and</w:t></w:r></w:p></w:tc><w:tc><w:tcPr><w:tcW w:w="4500" w:type="dxa"/></w:tcPr><w:p w14:paraId="56725C06" w14:textId="77777777" w:rsidR="009A537D" w:rsidRPr="00C37D29" w:rsidRDefault="009A537D"><w:pPr><w:pStyle w:val="Header"/><w:tabs><w:tab w:val="clear" w:pos="4320"/><w:tab w:val="clear" w:pos="8640"/><w:tab w:val="left" w:pos="252"/></w:tabs><w:spacing w:line="200" w:lineRule="exact"/><w:ind w:left="-108"/><w:rPr><w:sz w:val="16"/></w:rPr></w:pPr></w:p></w:tc><w:tc><w:tcPr><w:tcW w:w="3150" w:type="dxa"/><w:vMerge/><w:tcBorders><w:bottom w:val="nil"/><w:right w:val="single" w:sz="4" w:space="0" w:color="auto"/></w:tcBorders></w:tcPr><w:p w14:paraId="7C4123EC" w14:textId="77777777" w:rsidR="009A537D" w:rsidRPr="00C37D29" w:rsidRDefault="009A537D"><w:pPr><w:pStyle w:val="FormTitle"/></w:pPr></w:p></w:tc><w:tc><w:tcPr><w:tcW w:w="1890" w:type="dxa"/><w:vMerge/><w:tcBorders><w:left w:val="single" w:sz="4" w:space="0" w:color="auto"/><w:bottom w:val="single" w:sz="4" w:space="0" w:color="auto"/></w:tcBorders></w:tcPr><w:p w14:paraId="6A0C1B74" w14:textId="77777777" w:rsidR="009A537D" w:rsidRPr="00C37D29" w:rsidRDefault="009A537D"/></w:tc></w:tr><w:tr w:rsidR="009A537D" w:rsidRPr="00C37D29" w14:paraId="3525C852" w14:textId="77777777"><w:trPr><w:cantSplit/><w:trHeight w:val="540"/></w:trPr><w:tc><w:tcPr><w:tcW w:w="918" w:type="dxa"/></w:tcPr><w:p w14:paraId="4DC9E98A" w14:textId="77777777" w:rsidR="009A537D" w:rsidRPr="00C37D29" w:rsidRDefault="009A537D"><w:pPr><w:pStyle w:val="Header"/><w:tabs><w:tab w:val="clear" w:pos="4320"/><w:tab w:val="clear" w:pos="8640"/></w:tabs><w:ind w:right="-108"/></w:pPr><w:r w:rsidRPr="00C37D29"><w:rPr><w:sz w:val="16"/></w:rPr><w:t>Garnishee:</w:t></w:r></w:p></w:tc><w:tc><w:tcPr><w:tcW w:w="4500" w:type="dxa"/></w:tcPr><w:p w14:paraId="561139DC" w14:textId="4710DDAF" w:rsidR="009A537D" w:rsidRPr="00C37D29" w:rsidRDefault="007B6496"><w:pPr><w:pStyle w:val="Header"/><w:tabs><w:tab w:val="clear" w:pos="4320"/><w:tab w:val="clear" w:pos="8640"/><w:tab w:val="left" w:pos="4194"/><w:tab w:val="left" w:pos="4860"/></w:tabs><w:ind w:left="-108"/><w:rPr><w:rFonts w:ascii="Times New Roman" w:hAnsi="Times New Roman"/><w:u w:val="single"/></w:rPr></w:pPr><w:r><w:rPr><w:rFonts w:ascii="Times New Roman" w:hAnsi="Times New Roman"/><w:noProof/><w:u w:val="single"/></w:rPr><w:t>EMPLOYERNAME1</w:t></w:r><w:r w:rsidR="009A537D" w:rsidRPr="00C37D29"><w:rPr><w:rFonts w:ascii="Times New Roman" w:hAnsi="Times New Roman"/><w:u w:val="single"/></w:rPr><w:tab/></w:r></w:p><w:p w14:paraId="6DE587E2" w14:textId="77777777" w:rsidR="009A537D" w:rsidRPr="00C37D29" w:rsidRDefault="009A537D"><w:pPr><w:pStyle w:val="Header"/><w:tabs><w:tab w:val="clear" w:pos="4320"/><w:tab w:val="clear" w:pos="8640"/><w:tab w:val="left" w:pos="4194"/><w:tab w:val="left" w:pos="4860"/></w:tabs><w:ind w:left="-108"/><w:rPr><w:rFonts w:ascii="Times New Roman" w:hAnsi="Times New Roman"/></w:rPr></w:pPr></w:p></w:tc><w:tc><w:tcPr><w:tcW w:w="3150" w:type="dxa"/><w:tcBorders><w:bottom w:val="single" w:sz="4" w:space="0" w:color="auto"/><w:right w:val="single" w:sz="4" w:space="0" w:color="auto"/></w:tcBorders></w:tcPr><w:p w14:paraId="199AD693" w14:textId="78F40F70" w:rsidR="009A537D" w:rsidRPr="00C37D29" w:rsidRDefault="009A537D" w:rsidP="001F3F45"><w:pPr><w:pStyle w:val="Header"/><w:tabs><w:tab w:val="clear" w:pos="4320"/><w:tab w:val="clear" w:pos="8640"/><w:tab w:val="left" w:pos="2934"/></w:tabs><w:ind w:left="-108"/></w:pPr><w:r w:rsidRPr="00C37D29"><w:t xml:space="preserve">Case No. </w:t></w:r><w:r w:rsidR="007B6496"><w:rPr><w:rFonts w:ascii="Times New Roman" w:hAnsi="Times New Roman"/><w:noProof/><w:u w:val="single"/></w:rPr><w:t>CASENO</w:t></w:r><w:bookmarkStart w:id="0" w:name="_GoBack"/><w:bookmarkEnd w:id="0"/><w:r w:rsidRPr="00C37D29"><w:rPr><w:u w:val="single"/></w:rPr><w:tab/></w:r></w:p></w:tc><w:tc><w:tcPr><w:tcW w:w="1890" w:type="dxa"/><w:vMerge/><w:tcBorders><w:left w:val="single" w:sz="4" w:space="0" w:color="auto"/><w:bottom w:val="single" w:sz="4" w:space="0" w:color="auto"/></w:tcBorders></w:tcPr><w:p w14:paraId="6426876A" w14:textId="77777777" w:rsidR="009A537D" w:rsidRPr="00C37D29" w:rsidRDefault="009A537D"/></w:tc></w:tr></w:tbl><w:p w14:paraId="0582D154" w14:textId="77777777" w:rsidR="009A537D" w:rsidRPr="00C37D29" w:rsidRDefault="009A537D" w:rsidP="00F77B7B"><w:pPr><w:spacing w:line="120" w:lineRule="exact"/><w:ind w:right="806"/><w:rPr><w:b/><w:snapToGrid w:val="0"/><w:color w:val="000000"/></w:rPr></w:pPr></w:p><w:p w14:paraId="06A52756" w14:textId="77777777" w:rsidR="009A537D" w:rsidRPr="004E3EB9" w:rsidRDefault="009A537D"><w:pPr><w:tabs><w:tab w:val="left" w:pos="420"/><w:tab w:val="left" w:pos="660"/><w:tab w:val="left" w:pos="1020"/><w:tab w:val="left" w:pos="1260"/><w:tab w:val="left" w:pos="1920"/></w:tabs><w:spacing w:line="240" w:lineRule="atLeast"/><w:rPr><w:snapToGrid w:val="0"/><w:color w:val="000000"/></w:rPr></w:pPr><w:r w:rsidRPr="00C37D29"><w:rPr><w:snapToGrid w:val="0"/><w:color w:val="000000"/></w:rPr><w:t xml:space="preserve">To </w:t></w:r><w:r w:rsidRPr="004E3EB9"><w:rPr><w:snapToGrid w:val="0"/><w:color w:val="000000"/></w:rPr><w:t>the garnishee/employer:</w:t></w:r></w:p><w:p w14:paraId="08E2BAFA" w14:textId="77777777" w:rsidR="009A537D" w:rsidRPr="004E3EB9" w:rsidRDefault="009A537D" w:rsidP="000B0410"><w:pPr><w:tabs><w:tab w:val="left" w:pos="90"/><w:tab w:val="left" w:pos="360"/><w:tab w:val="left" w:pos="600"/><w:tab w:val="left" w:pos="1020"/><w:tab w:val="left" w:pos="1260"/><w:tab w:val="left" w:pos="1920"/></w:tabs><w:spacing w:line="240" w:lineRule="atLeast"/><w:ind w:left="600" w:right="-702" w:hanging="600"/><w:rPr><w:snapToGrid w:val="0"/><w:color w:val="000000"/></w:rPr></w:pPr><w:r w:rsidRPr="004E3EB9"><w:rPr><w:snapToGrid w:val="0"/><w:color w:val="000000"/></w:rPr><w:tab/></w:r><w:r w:rsidRPr="004E3EB9"><w:rPr><w:snapToGrid w:val="0"/><w:color w:val="000000"/></w:rPr><w:fldChar w:fldCharType="begin"><w:ffData><w:name w:val="Check5"/><w:enabled/><w:calcOnExit w:val="0"/><w:statusText w:type="text" w:val="1. My earnings are completely exempt from earnings garnishment or limited in amount subject to garnishment because: "/><w:checkBox><w:sizeAuto/><w:default w:val="0"/></w:checkBox></w:ffData></w:fldChar></w:r><w:r w:rsidRPr="004E3EB9"><w:rPr><w:snapToGrid w:val="0"/><w:color w:val="000000"/></w:rPr><w:instrText xml:space="preserve"> FORMCHECKBOX </w:instrText></w:r><w:r w:rsidR="001754F1"><w:rPr><w:snapToGrid w:val="0"/><w:color w:val="000000"/></w:rPr></w:r><w:r w:rsidR="001754F1"><w:rPr><w:snapToGrid w:val="0"/><w:color w:val="000000"/></w:rPr><w:fldChar w:fldCharType="separate"/></w:r><w:r w:rsidRPr="004E3EB9"><w:rPr><w:snapToGrid w:val="0"/><w:color w:val="000000"/></w:rPr><w:fldChar w:fldCharType="end"/></w:r><w:r w:rsidRPr="004E3EB9"><w:rPr><w:snapToGrid w:val="0"/><w:color w:val="000000"/></w:rPr><w:tab/><w:t>1.</w:t></w:r><w:r w:rsidRPr="004E3EB9"><w:rPr><w:snapToGrid w:val="0"/><w:color w:val="000000"/></w:rPr><w:tab/><w:t xml:space="preserve">My earnings are </w:t></w:r><w:r w:rsidRPr="004E3EB9"><w:rPr><w:b/><w:snapToGrid w:val="0"/><w:color w:val="000000"/></w:rPr><w:t>completely</w:t></w:r><w:r w:rsidRPr="004E3EB9"><w:rPr><w:snapToGrid w:val="0"/><w:color w:val="000000"/></w:rPr><w:t xml:space="preserve"> exempt from earnings garnishment or limited in amount subject to garnishment because: </w:t></w:r></w:p><w:p w14:paraId="7D2BCD27" w14:textId="77777777" w:rsidR="009A537D" w:rsidRPr="004E3EB9" w:rsidRDefault="009A537D"><w:pPr><w:tabs><w:tab w:val="left" w:pos="420"/><w:tab w:val="left" w:pos="660"/><w:tab w:val="left" w:pos="1020"/><w:tab w:val="left" w:pos="1320"/><w:tab w:val="left" w:pos="1920"/></w:tabs><w:spacing w:line="240" w:lineRule="atLeast"/><w:rPr><w:snapToGrid w:val="0"/><w:color w:val="000000"/></w:rPr></w:pPr><w:r w:rsidRPr="004E3EB9"><w:rPr><w:snapToGrid w:val="0"/><w:color w:val="000000"/></w:rPr><w:tab/></w:r><w:r w:rsidRPr="004E3EB9"><w:rPr><w:snapToGrid w:val="0"/><w:color w:val="000000"/></w:rPr><w:tab/></w:r><w:r w:rsidRPr="004E3EB9"><w:rPr><w:snapToGrid w:val="0"/><w:color w:val="000000"/></w:rPr><w:fldChar w:fldCharType="begin"><w:ffData><w:name w:val="Check6"/><w:enabled/><w:calcOnExit w:val="0"/><w:statusText w:type="text" w:val="1a. The judgment has been paid."/><w:checkBox><w:sizeAuto/><w:default w:val="0"/></w:checkBox></w:ffData></w:fldChar></w:r><w:r w:rsidRPr="004E3EB9"><w:rPr><w:snapToGrid w:val="0"/><w:color w:val="000000"/></w:rPr><w:instrText xml:space="preserve"> FORMCHECKBOX </w:instrText></w:r><w:r w:rsidR="001754F1"><w:rPr><w:snapToGrid w:val="0"/><w:color w:val="000000"/></w:rPr></w:r><w:r w:rsidR="001754F1"><w:rPr><w:snapToGrid w:val="0"/><w:color w:val="000000"/></w:rPr><w:fldChar w:fldCharType="separate"/></w:r><w:r w:rsidRPr="004E3EB9"><w:rPr><w:snapToGrid w:val="0"/><w:color w:val="000000"/></w:rPr><w:fldChar w:fldCharType="end"/></w:r><w:r w:rsidRPr="004E3EB9"><w:rPr><w:snapToGrid w:val="0"/><w:color w:val="000000"/></w:rPr><w:tab/><w:t>a.</w:t></w:r><w:r w:rsidRPr="004E3EB9"><w:rPr><w:snapToGrid w:val="0"/><w:color w:val="000000"/></w:rPr><w:tab/><w:t>The judgment has been paid.</w:t></w:r></w:p><w:p w14:paraId="146A4430" w14:textId="77777777" w:rsidR="009A537D" w:rsidRPr="004E3EB9" w:rsidRDefault="009A537D"><w:pPr><w:tabs><w:tab w:val="left" w:pos="420"/><w:tab w:val="left" w:pos="660"/><w:tab w:val="left" w:pos="1020"/><w:tab w:val="left" w:pos="1320"/><w:tab w:val="left" w:pos="1920"/></w:tabs><w:spacing w:line="240" w:lineRule="atLeast"/><w:rPr><w:snapToGrid w:val="0"/><w:color w:val="000000"/></w:rPr></w:pPr><w:r w:rsidRPr="004E3EB9"><w:rPr><w:snapToGrid w:val="0"/><w:color w:val="000000"/></w:rPr><w:tab/></w:r><w:r w:rsidRPr="004E3EB9"><w:rPr><w:snapToGrid w:val="0"/><w:color w:val="000000"/></w:rPr><w:tab/></w:r><w:r w:rsidRPr="004E3EB9"><w:rPr><w:snapToGrid w:val="0"/><w:color w:val="000000"/></w:rPr><w:fldChar w:fldCharType="begin"><w:ffData><w:name w:val="Check7"/><w:enabled/><w:calcOnExit w:val="0"/><w:statusText w:type="text" w:val="1b. The judgment has been discharged in bankruptcy."/><w:checkBox><w:sizeAuto/><w:default w:val="0"/></w:checkBox></w:ffData></w:fldChar></w:r><w:r w:rsidRPr="004E3EB9"><w:rPr><w:snapToGrid w:val="0"/><w:color w:val="000000"/></w:rPr><w:instrText xml:space="preserve"> FORMCHECKBOX </w:instrText></w:r><w:r w:rsidR="001754F1"><w:rPr><w:snapToGrid w:val="0"/><w:color w:val="000000"/></w:rPr></w:r><w:r w:rsidR="001754F1"><w:rPr><w:snapToGrid w:val="0"/><w:color w:val="000000"/></w:rPr><w:fldChar w:fldCharType="separate"/></w:r><w:r w:rsidRPr="004E3EB9"><w:rPr><w:snapToGrid w:val="0"/><w:color w:val="000000"/></w:rPr><w:fldChar w:fldCharType="end"/></w:r><w:r w:rsidRPr="004E3EB9"><w:rPr><w:snapToGrid w:val="0"/><w:color w:val="000000"/></w:rPr><w:tab/><w:t>b.</w:t></w:r><w:r w:rsidRPr="004E3EB9"><w:rPr><w:snapToGrid w:val="0"/><w:color w:val="000000"/></w:rPr><w:tab/><w:t>The judgment has been discharged in bankruptcy.</w:t></w:r></w:p><w:p w14:paraId="4BC69205" w14:textId="77777777" w:rsidR="009A537D" w:rsidRPr="00C37D29" w:rsidRDefault="009A537D"><w:pPr><w:tabs><w:tab w:val="left" w:pos="420"/><w:tab w:val="left" w:pos="660"/><w:tab w:val="left" w:pos="1020"/><w:tab w:val="left" w:pos="1320"/><w:tab w:val="left" w:pos="1920"/></w:tabs><w:spacing w:line="240" w:lineRule="atLeast"/><w:rPr><w:snapToGrid w:val="0"/><w:color w:val="000000"/></w:rPr></w:pPr><w:r w:rsidRPr="004E3EB9"><w:rPr><w:snapToGrid w:val="0"/><w:color w:val="000000"/></w:rPr><w:tab/></w:r><w:r w:rsidRPr="004E3EB9"><w:rPr><w:snapToGrid w:val="0"/><w:color w:val="000000"/></w:rPr><w:tab/></w:r><w:r w:rsidRPr="004E3EB9"><w:rPr><w:snapToGrid w:val="0"/><w:color w:val="000000"/></w:rPr><w:fldChar w:fldCharType="begin"><w:ffData><w:name w:val="Check8"/><w:enabled/><w:calcOnExit w:val="0"/><w:statusText w:type="text" w:val="1c. I have filed bankruptcy and enforcement of the judgment has been stayed."/><w:checkBox><w:sizeAuto/><w:default w:val="0"/></w:checkBox></w:ffData></w:fldChar></w:r><w:r w:rsidRPr="004E3EB9"><w:rPr><w:snapToGrid w:val="0"/><w:color w:val="000000"/></w:rPr><w:instrText xml:space="preserve"> FORMCHECKBOX </w:instrText></w:r><w:r w:rsidR="001754F1"><w:rPr><w:snapToGrid w:val="0"/><w:color w:val="000000"/></w:rPr></w:r><w:r w:rsidR="001754F1"><w:rPr><w:snapToGrid w:val="0"/><w:color w:val="000000"/></w:rPr><w:fldChar w:fldCharType="separate"/></w:r><w:r w:rsidRPr="004E3EB9"><w:rPr><w:snapToGrid w:val="0"/><w:color w:val="000000"/></w:rPr><w:fldChar w:fldCharType="end"/></w:r><w:r w:rsidRPr="004E3EB9"><w:rPr><w:snapToGrid w:val="0"/><w:color w:val="000000"/></w:rPr><w:tab/><w:t>c.</w:t></w:r><w:r w:rsidRPr="004E3EB9"><w:rPr><w:snapToGrid w:val="0"/><w:color w:val="000000"/></w:rPr><w:tab/><w:t>I have filed bankruptcy</w:t></w:r><w:r w:rsidRPr="00C37D29"><w:rPr><w:snapToGrid w:val="0"/><w:color w:val="000000"/></w:rPr><w:t xml:space="preserve"> and enforcement of the judgment has been stayed.</w:t></w:r></w:p><w:p w14:paraId="1BDCA695" w14:textId="77777777" w:rsidR="009A537D" w:rsidRPr="00C37D29" w:rsidRDefault="009A537D"><w:pPr><w:tabs><w:tab w:val="left" w:pos="420"/><w:tab w:val="left" w:pos="660"/><w:tab w:val="left" w:pos="1020"/><w:tab w:val="left" w:pos="1320"/><w:tab w:val="left" w:pos="1920"/><w:tab w:val="left" w:pos="10200"/></w:tabs><w:spacing w:line="240" w:lineRule="atLeast"/><w:rPr><w:snapToGrid w:val="0"/><w:color w:val="000000"/></w:rPr></w:pPr><w:r w:rsidRPr="00C37D29"><w:rPr><w:snapToGrid w:val="0"/><w:color w:val="000000"/></w:rPr><w:tab/></w:r><w:r w:rsidRPr="00C37D29"><w:rPr><w:snapToGrid w:val="0"/><w:color w:val="000000"/></w:rPr><w:tab/></w:r><w:r w:rsidRPr="00C37D29"><w:rPr><w:snapToGrid w:val="0"/><w:color w:val="000000"/></w:rPr><w:tab/></w:r><w:r w:rsidRPr="00C37D29"><w:rPr><w:snapToGrid w:val="0"/><w:color w:val="000000"/></w:rPr><w:tab/><w:t xml:space="preserve">Name of bankruptcy court: </w:t></w:r><w:r><w:rPr><w:rFonts w:ascii="Times New Roman" w:hAnsi="Times New Roman"/><w:noProof/><w:snapToGrid w:val="0"/><w:color w:val="000000"/><w:u w:val="single"/></w:rPr><w:t xml:space="preserve">     </w:t></w:r><w:r w:rsidRPr="00C37D29"><w:rPr><w:snapToGrid w:val="0"/><w:color w:val="000000"/><w:u w:val="single"/></w:rPr><w:tab/></w:r><w:r w:rsidRPr="00C37D29"><w:rPr><w:snapToGrid w:val="0"/><w:color w:val="000000"/></w:rPr><w:t>.</w:t></w:r></w:p><w:p w14:paraId="7AEF50A8" w14:textId="77777777" w:rsidR="009A537D" w:rsidRPr="00C37D29" w:rsidRDefault="009A537D"><w:pPr><w:tabs><w:tab w:val="left" w:pos="420"/><w:tab w:val="left" w:pos="660"/><w:tab w:val="left" w:pos="1020"/><w:tab w:val="left" w:pos="1320"/><w:tab w:val="left" w:pos="1920"/><w:tab w:val="left" w:pos="8400"/></w:tabs><w:spacing w:line="240" w:lineRule="atLeast"/><w:rPr><w:snapToGrid w:val="0"/><w:color w:val="000000"/></w:rPr></w:pPr><w:r w:rsidRPr="00C37D29"><w:rPr><w:snapToGrid w:val="0"/><w:color w:val="000000"/></w:rPr><w:tab/></w:r><w:r w:rsidRPr="00C37D29"><w:rPr><w:snapToGrid w:val="0"/><w:color w:val="000000"/></w:rPr><w:tab/></w:r><w:r w:rsidRPr="00C37D29"><w:rPr><w:snapToGrid w:val="0"/><w:color w:val="000000"/></w:rPr><w:tab/></w:r><w:r w:rsidRPr="00C37D29"><w:rPr><w:snapToGrid w:val="0"/><w:color w:val="000000"/></w:rPr><w:tab/><w:t xml:space="preserve">Bankruptcy court file number: </w:t></w:r><w:r><w:rPr><w:rFonts w:ascii="Times New Roman" w:hAnsi="Times New Roman"/><w:noProof/><w:snapToGrid w:val="0"/><w:color w:val="000000"/><w:u w:val="single"/></w:rPr><w:t xml:space="preserve">     </w:t></w:r><w:r w:rsidRPr="00C37D29"><w:rPr><w:rFonts w:ascii="Times New Roman" w:hAnsi="Times New Roman"/><w:snapToGrid w:val="0"/><w:color w:val="000000"/><w:u w:val="single"/></w:rPr><w:tab/></w:r><w:r w:rsidRPr="00C37D29"><w:rPr><w:rFonts w:cs="Arial"/><w:snapToGrid w:val="0"/><w:color w:val="000000"/></w:rPr><w:t>.</w:t></w:r></w:p><w:p w14:paraId="49F63584" w14:textId="77777777" w:rsidR="009A537D" w:rsidRPr="00C37D29" w:rsidRDefault="009A537D"><w:pPr><w:tabs><w:tab w:val="left" w:pos="420"/><w:tab w:val="left" w:pos="660"/><w:tab w:val="left" w:pos="1020"/><w:tab w:val="left" w:pos="1320"/><w:tab w:val="left" w:pos="1920"/></w:tabs><w:spacing w:line="240" w:lineRule="atLeast"/><w:rPr><w:snapToGrid w:val="0"/><w:color w:val="000000"/></w:rPr></w:pPr><w:r w:rsidRPr="00C37D29"><w:rPr><w:snapToGrid w:val="0"/><w:color w:val="000000"/></w:rPr><w:tab/></w:r><w:r w:rsidRPr="00C37D29"><w:rPr><w:snapToGrid w:val="0"/><w:color w:val="000000"/></w:rPr><w:tab/></w:r><w:r w:rsidRPr="00C37D29"><w:rPr><w:snapToGrid w:val="0"/><w:color w:val="000000"/></w:rPr><w:fldChar w:fldCharType="begin"><w:ffData><w:name w:val="Check10"/><w:enabled/><w:calcOnExit w:val="0"/><w:statusText w:type="text" w:val="1d. The judgment is void."/><w:checkBox><w:sizeAuto/><w:default w:val="0"/></w:checkBox></w:ffData></w:fldChar></w:r><w:r w:rsidRPr="00C37D29"><w:rPr><w:snapToGrid w:val="0"/><w:color w:val="000000"/></w:rPr><w:instrText xml:space="preserve"> FORMCHECKBOX </w:instrText></w:r><w:r w:rsidR="001754F1"><w:rPr><w:snapToGrid w:val="0"/><w:color w:val="000000"/></w:rPr></w:r><w:r w:rsidR="001754F1"><w:rPr><w:snapToGrid w:val="0"/><w:color w:val="000000"/></w:rPr><w:fldChar w:fldCharType="separate"/></w:r><w:r w:rsidRPr="00C37D29"><w:rPr><w:snapToGrid w:val="0"/><w:color w:val="000000"/></w:rPr><w:fldChar w:fldCharType="end"/></w:r><w:r w:rsidRPr="00C37D29"><w:rPr><w:snapToGrid w:val="0"/><w:color w:val="000000"/></w:rPr><w:tab/><w:t>d.</w:t></w:r><w:r w:rsidRPr="00C37D29"><w:rPr><w:snapToGrid w:val="0"/><w:color w:val="000000"/></w:rPr><w:tab/><w:t>The judgment is void.</w:t></w:r></w:p><w:p w14:paraId="056FE5CB" w14:textId="77777777" w:rsidR="009A537D" w:rsidRPr="00C37D29" w:rsidRDefault="009A537D"><w:pPr><w:tabs><w:tab w:val="left" w:pos="420"/><w:tab w:val="left" w:pos="660"/><w:tab w:val="left" w:pos="1020"/><w:tab w:val="left" w:pos="1320"/><w:tab w:val="left" w:pos="1920"/></w:tabs><w:spacing w:line="240" w:lineRule="atLeast"/><w:ind w:left="1320" w:hanging="1320"/><w:rPr><w:snapToGrid w:val="0"/><w:color w:val="000000"/></w:rPr></w:pPr><w:r w:rsidRPr="00C37D29"><w:rPr><w:snapToGrid w:val="0"/><w:color w:val="000000"/></w:rPr><w:tab/></w:r><w:r w:rsidRPr="00C37D29"><w:rPr><w:snapToGrid w:val="0"/><w:color w:val="000000"/></w:rPr><w:tab/></w:r><w:r w:rsidRPr="00C37D29"><w:rPr><w:snapToGrid w:val="0"/><w:color w:val="000000"/></w:rPr><w:fldChar w:fldCharType="begin"><w:ffData><w:name w:val="Check11"/><w:enabled/><w:calcOnExit w:val="0"/><w:statusText w:type="text" w:val="1e. I receive, am eligible for, or have within 6 months received one or more of the following:"/><w:checkBox><w:sizeAuto/><w:default w:val="0"/></w:checkBox></w:ffData></w:fldChar></w:r><w:r w:rsidRPr="00C37D29"><w:rPr><w:snapToGrid w:val="0"/><w:color w:val="000000"/></w:rPr><w:instrText xml:space="preserve"> FORMCHECKBOX </w:instrText></w:r><w:r w:rsidR="001754F1"><w:rPr><w:snapToGrid w:val="0"/><w:color w:val="000000"/></w:rPr></w:r><w:r w:rsidR="001754F1"><w:rPr><w:snapToGrid w:val="0"/><w:color w:val="000000"/></w:rPr><w:fldChar w:fldCharType="separate"/></w:r><w:r w:rsidRPr="00C37D29"><w:rPr><w:snapToGrid w:val="0"/><w:color w:val="000000"/></w:rPr><w:fldChar w:fldCharType="end"/></w:r><w:r w:rsidRPr="00C37D29"><w:rPr><w:snapToGrid w:val="0"/><w:color w:val="000000"/></w:rPr><w:tab/><w:t>e.</w:t></w:r><w:r w:rsidRPr="00C37D29"><w:rPr><w:snapToGrid w:val="0"/><w:color w:val="000000"/></w:rPr><w:tab/><w:t>I receive, am eligible for, or have within 6 months received one or more of the following:</w:t></w:r></w:p><w:p w14:paraId="30CF523F" w14:textId="77777777" w:rsidR="009A537D" w:rsidRPr="004E3EB9" w:rsidRDefault="009A537D" w:rsidP="00735FBC"><w:pPr><w:tabs><w:tab w:val="left" w:pos="420"/><w:tab w:val="left" w:pos="660"/><w:tab w:val="left" w:pos="1020"/><w:tab w:val="left" w:pos="1440"/><w:tab w:val="left" w:pos="1800"/><w:tab w:val="left" w:pos="5670"/><w:tab w:val="left" w:pos="6030"/></w:tabs><w:spacing w:line="240" w:lineRule="atLeast"/><w:ind w:right="-162"/><w:rPr><w:snapToGrid w:val="0"/><w:color w:val="000000"/><w:sz w:val="18"/><w:szCs w:val="18"/></w:rPr></w:pPr><w:r w:rsidRPr="00C37D29"><w:rPr><w:snapToGrid w:val="0"/><w:color w:val="000000"/></w:rPr><w:tab/></w:r><w:r w:rsidRPr="00C37D29"><w:rPr><w:snapToGrid w:val="0"/><w:color w:val="000000"/></w:rPr><w:tab/></w:r><w:r w:rsidRPr="00C37D29"><w:rPr><w:snapToGrid w:val="0"/><w:color w:val="000000"/></w:rPr><w:tab/></w:r><w:r w:rsidRPr="00C37D29"><w:rPr><w:snapToGrid w:val="0"/><w:color w:val="000000"/></w:rPr><w:tab/></w:r><w:r w:rsidRPr="004E3EB9"><w:rPr><w:snapToGrid w:val="0"/><w:color w:val="000000"/><w:sz w:val="18"/><w:szCs w:val="18"/></w:rPr><w:fldChar w:fldCharType="begin"><w:ffData><w:name w:val="Check19"/><w:enabled/><w:calcOnExit w:val="0"/><w:statusText w:type="text" w:val="Relief funded under public assistance"/><w:checkBox><w:sizeAuto/><w:default w:val="0"/></w:checkBox></w:ffData></w:fldChar></w:r><w:r w:rsidRPr="004E3EB9"><w:rPr><w:snapToGrid w:val="0"/><w:color w:val="000000"/><w:sz w:val="18"/><w:szCs w:val="18"/></w:rPr><w:instrText xml:space="preserve"> FORMCHECKBOX </w:instrText></w:r><w:r w:rsidR="001754F1"><w:rPr><w:snapToGrid w:val="0"/><w:color w:val="000000"/><w:sz w:val="18"/><w:szCs w:val="18"/></w:rPr></w:r><w:r w:rsidR="001754F1"><w:rPr><w:snapToGrid w:val="0"/><w:color w:val="000000"/><w:sz w:val="18"/><w:szCs w:val="18"/></w:rPr><w:fldChar w:fldCharType="separate"/></w:r><w:r w:rsidRPr="004E3EB9"><w:rPr><w:snapToGrid w:val="0"/><w:color w:val="000000"/><w:sz w:val="18"/><w:szCs w:val="18"/></w:rPr><w:fldChar w:fldCharType="end"/></w:r><w:r w:rsidRPr="004E3EB9"><w:rPr><w:snapToGrid w:val="0"/><w:color w:val="000000"/><w:sz w:val="18"/><w:szCs w:val="18"/></w:rPr><w:tab/><w:t>Relief funded under public assistance</w:t></w:r><w:r w:rsidRPr="004E3EB9"><w:rPr><w:snapToGrid w:val="0"/><w:color w:val="000000"/><w:sz w:val="18"/><w:szCs w:val="18"/></w:rPr><w:tab/></w:r><w:r w:rsidRPr="004E3EB9"><w:rPr><w:snapToGrid w:val="0"/><w:color w:val="000000"/><w:sz w:val="18"/><w:szCs w:val="18"/></w:rPr><w:fldChar w:fldCharType="begin"><w:ffData><w:name w:val="Check14"/><w:enabled/><w:calcOnExit w:val="0"/><w:statusText w:type="text" w:val="Relief funded under Wis. Stats. §59.53(21) "/><w:checkBox><w:sizeAuto/><w:default w:val="0"/></w:checkBox></w:ffData></w:fldChar></w:r><w:r w:rsidRPr="004E3EB9"><w:rPr><w:snapToGrid w:val="0"/><w:color w:val="000000"/><w:sz w:val="18"/><w:szCs w:val="18"/></w:rPr><w:instrText xml:space="preserve"> FORMCHECKBOX </w:instrText></w:r><w:r w:rsidR="001754F1"><w:rPr><w:snapToGrid w:val="0"/><w:color w:val="000000"/><w:sz w:val="18"/><w:szCs w:val="18"/></w:rPr></w:r><w:r w:rsidR="001754F1"><w:rPr><w:snapToGrid w:val="0"/><w:color w:val="000000"/><w:sz w:val="18"/><w:szCs w:val="18"/></w:rPr><w:fldChar w:fldCharType="separate"/></w:r><w:r w:rsidRPr="004E3EB9"><w:rPr><w:snapToGrid w:val="0"/><w:color w:val="000000"/><w:sz w:val="18"/><w:szCs w:val="18"/></w:rPr><w:fldChar w:fldCharType="end"/></w:r><w:r w:rsidRPr="004E3EB9"><w:rPr><w:snapToGrid w:val="0"/><w:color w:val="000000"/><w:sz w:val="18"/><w:szCs w:val="18"/></w:rPr><w:tab/><w:t>Relief funded under §59.53(21), Wis. Stats.</w:t></w:r><w:r w:rsidRPr="004E3EB9"><w:rPr><w:snapToGrid w:val="0"/><w:color w:val="000000"/><w:sz w:val="18"/><w:szCs w:val="18"/></w:rPr><w:tab/></w:r><w:r w:rsidRPr="004E3EB9"><w:rPr><w:snapToGrid w:val="0"/><w:color w:val="000000"/><w:sz w:val="18"/><w:szCs w:val="18"/></w:rPr><w:tab/></w:r><w:r w:rsidRPr="004E3EB9"><w:rPr><w:snapToGrid w:val="0"/><w:color w:val="000000"/><w:sz w:val="18"/><w:szCs w:val="18"/></w:rPr><w:tab/></w:r><w:r w:rsidRPr="004E3EB9"><w:rPr><w:snapToGrid w:val="0"/><w:color w:val="000000"/><w:sz w:val="18"/><w:szCs w:val="18"/></w:rPr><w:tab/></w:r><w:r w:rsidRPr="004E3EB9"><w:rPr><w:snapToGrid w:val="0"/><w:color w:val="000000"/><w:sz w:val="18"/><w:szCs w:val="18"/></w:rPr><w:tab/></w:r><w:r w:rsidRPr="004E3EB9"><w:rPr><w:snapToGrid w:val="0"/><w:color w:val="000000"/><w:sz w:val="18"/><w:szCs w:val="18"/></w:rPr><w:fldChar w:fldCharType="begin"><w:ffData><w:name w:val="Check20"/><w:enabled/><w:calcOnExit w:val="0"/><w:statusText w:type="text" w:val="Medical assistance"/><w:checkBox><w:sizeAuto/><w:default w:val="0"/></w:checkBox></w:ffData></w:fldChar></w:r><w:r w:rsidRPr="004E3EB9"><w:rPr><w:snapToGrid w:val="0"/><w:color w:val="000000"/><w:sz w:val="18"/><w:szCs w:val="18"/></w:rPr><w:instrText xml:space="preserve"> FORMCHECKBOX </w:instrText></w:r><w:r w:rsidR="001754F1"><w:rPr><w:snapToGrid w:val="0"/><w:color w:val="000000"/><w:sz w:val="18"/><w:szCs w:val="18"/></w:rPr></w:r><w:r w:rsidR="001754F1"><w:rPr><w:snapToGrid w:val="0"/><w:color w:val="000000"/><w:sz w:val="18"/><w:szCs w:val="18"/></w:rPr><w:fldChar w:fldCharType="separate"/></w:r><w:r w:rsidRPr="004E3EB9"><w:rPr><w:snapToGrid w:val="0"/><w:color w:val="000000"/><w:sz w:val="18"/><w:szCs w:val="18"/></w:rPr><w:fldChar w:fldCharType="end"/></w:r><w:r w:rsidRPr="004E3EB9"><w:rPr><w:snapToGrid w:val="0"/><w:color w:val="000000"/><w:sz w:val="18"/><w:szCs w:val="18"/></w:rPr><w:tab/><w:t>Medical assistance</w:t></w:r><w:r w:rsidRPr="004E3EB9"><w:rPr><w:snapToGrid w:val="0"/><w:color w:val="000000"/><w:sz w:val="18"/><w:szCs w:val="18"/></w:rPr><w:tab/></w:r><w:r w:rsidRPr="004E3EB9"><w:rPr><w:snapToGrid w:val="0"/><w:color w:val="000000"/><w:sz w:val="18"/><w:szCs w:val="18"/></w:rPr><w:fldChar w:fldCharType="begin"><w:ffData><w:name w:val="Check25"/><w:enabled/><w:calcOnExit w:val="0"/><w:statusText w:type="text" w:val="Veterans benefits based on need under 38 USC 501-562 or Wis. Stats. 45.351(1)"/><w:checkBox><w:sizeAuto/><w:default w:val="0"/></w:checkBox></w:ffData></w:fldChar></w:r><w:r w:rsidRPr="004E3EB9"><w:rPr><w:snapToGrid w:val="0"/><w:color w:val="000000"/><w:sz w:val="18"/><w:szCs w:val="18"/></w:rPr><w:instrText xml:space="preserve"> FORMCHECKBOX </w:instrText></w:r><w:r w:rsidR="001754F1"><w:rPr><w:snapToGrid w:val="0"/><w:color w:val="000000"/><w:sz w:val="18"/><w:szCs w:val="18"/></w:rPr></w:r><w:r w:rsidR="001754F1"><w:rPr><w:snapToGrid w:val="0"/><w:color w:val="000000"/><w:sz w:val="18"/><w:szCs w:val="18"/></w:rPr><w:fldChar w:fldCharType="separate"/></w:r><w:r w:rsidRPr="004E3EB9"><w:rPr><w:snapToGrid w:val="0"/><w:color w:val="000000"/><w:sz w:val="18"/><w:szCs w:val="18"/></w:rPr><w:fldChar w:fldCharType="end"/></w:r><w:r w:rsidRPr="004E3EB9"><w:rPr><w:snapToGrid w:val="0"/><w:color w:val="000000"/><w:sz w:val="18"/><w:szCs w:val="18"/></w:rPr><w:tab/><w:t>Veterans benefits based on need</w:t></w:r><w:r w:rsidRPr="004E3EB9"><w:rPr><w:snapToGrid w:val="0"/><w:color w:val="000000"/><w:sz w:val="18"/><w:szCs w:val="18"/></w:rPr><w:tab/></w:r><w:r w:rsidRPr="004E3EB9"><w:rPr><w:snapToGrid w:val="0"/><w:color w:val="000000"/><w:sz w:val="18"/><w:szCs w:val="18"/></w:rPr><w:tab/></w:r><w:r w:rsidRPr="004E3EB9"><w:rPr><w:snapToGrid w:val="0"/><w:color w:val="000000"/><w:sz w:val="18"/><w:szCs w:val="18"/></w:rPr><w:tab/></w:r><w:r w:rsidRPr="004E3EB9"><w:rPr><w:snapToGrid w:val="0"/><w:color w:val="000000"/><w:sz w:val="18"/><w:szCs w:val="18"/></w:rPr><w:tab/></w:r><w:r w:rsidRPr="004E3EB9"><w:rPr><w:snapToGrid w:val="0"/><w:color w:val="000000"/><w:sz w:val="18"/><w:szCs w:val="18"/></w:rPr><w:tab/></w:r><w:r w:rsidRPr="004E3EB9"><w:rPr><w:snapToGrid w:val="0"/><w:color w:val="000000"/><w:sz w:val="18"/><w:szCs w:val="18"/></w:rPr><w:tab/></w:r><w:r w:rsidRPr="004E3EB9"><w:rPr><w:snapToGrid w:val="0"/><w:color w:val="000000"/><w:sz w:val="18"/><w:szCs w:val="18"/></w:rPr><w:fldChar w:fldCharType="begin"><w:ffData><w:name w:val="Check21"/><w:enabled/><w:calcOnExit w:val="0"/><w:statusText w:type="text" w:val="Food stamps"/><w:checkBox><w:sizeAuto/><w:default w:val="0"/></w:checkBox></w:ffData></w:fldChar></w:r><w:r w:rsidRPr="004E3EB9"><w:rPr><w:snapToGrid w:val="0"/><w:color w:val="000000"/><w:sz w:val="18"/><w:szCs w:val="18"/></w:rPr><w:instrText xml:space="preserve"> FORMCHECKBOX </w:instrText></w:r><w:r w:rsidR="001754F1"><w:rPr><w:snapToGrid w:val="0"/><w:color w:val="000000"/><w:sz w:val="18"/><w:szCs w:val="18"/></w:rPr></w:r><w:r w:rsidR="001754F1"><w:rPr><w:snapToGrid w:val="0"/><w:color w:val="000000"/><w:sz w:val="18"/><w:szCs w:val="18"/></w:rPr><w:fldChar w:fldCharType="separate"/></w:r><w:r w:rsidRPr="004E3EB9"><w:rPr><w:snapToGrid w:val="0"/><w:color w:val="000000"/><w:sz w:val="18"/><w:szCs w:val="18"/></w:rPr><w:fldChar w:fldCharType="end"/></w:r><w:r w:rsidRPr="004E3EB9"><w:rPr><w:snapToGrid w:val="0"/><w:color w:val="000000"/><w:sz w:val="18"/><w:szCs w:val="18"/></w:rPr><w:tab/><w:t>Food stamps/FoodShare</w:t></w:r><w:r w:rsidRPr="004E3EB9"><w:rPr><w:snapToGrid w:val="0"/><w:color w:val="000000"/><w:sz w:val="18"/><w:szCs w:val="18"/></w:rPr><w:tab/></w:r><w:r w:rsidRPr="004E3EB9"><w:rPr><w:snapToGrid w:val="0"/><w:color w:val="000000"/><w:sz w:val="18"/><w:szCs w:val="18"/></w:rPr><w:tab/><w:t>under 38 USC 501-562 or §45.40(1), Wis. Stats.</w:t></w:r><w:r w:rsidRPr="004E3EB9"><w:rPr><w:snapToGrid w:val="0"/><w:color w:val="000000"/><w:sz w:val="18"/><w:szCs w:val="18"/></w:rPr><w:tab/></w:r><w:r w:rsidRPr="004E3EB9"><w:rPr><w:snapToGrid w:val="0"/><w:color w:val="000000"/><w:sz w:val="18"/><w:szCs w:val="18"/></w:rPr><w:tab/></w:r><w:r w:rsidRPr="004E3EB9"><w:rPr><w:snapToGrid w:val="0"/><w:color w:val="000000"/><w:sz w:val="18"/><w:szCs w:val="18"/></w:rPr><w:tab/></w:r><w:r w:rsidRPr="004E3EB9"><w:rPr><w:snapToGrid w:val="0"/><w:color w:val="000000"/><w:sz w:val="18"/><w:szCs w:val="18"/></w:rPr><w:tab/></w:r><w:r><w:rPr><w:snapToGrid w:val="0"/><w:color w:val="000000"/><w:sz w:val="18"/><w:szCs w:val="18"/></w:rPr><w:tab/></w:r><w:r w:rsidRPr="004E3EB9"><w:rPr><w:snapToGrid w:val="0"/><w:color w:val="000000"/><w:sz w:val="18"/><w:szCs w:val="18"/></w:rPr><w:fldChar w:fldCharType="begin"><w:ffData><w:name w:val="Check26"/><w:enabled/><w:calcOnExit w:val="0"/><w:statusText w:type="text" w:val="Supplemental security income"/><w:checkBox><w:sizeAuto/><w:default w:val="0"/></w:checkBox></w:ffData></w:fldChar></w:r><w:r w:rsidRPr="004E3EB9"><w:rPr><w:snapToGrid w:val="0"/><w:color w:val="000000"/><w:sz w:val="18"/><w:szCs w:val="18"/></w:rPr><w:instrText xml:space="preserve"> FORMCHECKBOX </w:instrText></w:r><w:r w:rsidR="001754F1"><w:rPr><w:snapToGrid w:val="0"/><w:color w:val="000000"/><w:sz w:val="18"/><w:szCs w:val="18"/></w:rPr></w:r><w:r w:rsidR="001754F1"><w:rPr><w:snapToGrid w:val="0"/><w:color w:val="000000"/><w:sz w:val="18"/><w:szCs w:val="18"/></w:rPr><w:fldChar w:fldCharType="separate"/></w:r><w:r w:rsidRPr="004E3EB9"><w:rPr><w:snapToGrid w:val="0"/><w:color w:val="000000"/><w:sz w:val="18"/><w:szCs w:val="18"/></w:rPr><w:fldChar w:fldCharType="end"/></w:r><w:r w:rsidRPr="004E3EB9"><w:rPr><w:snapToGrid w:val="0"/><w:color w:val="000000"/><w:sz w:val="18"/><w:szCs w:val="18"/></w:rPr><w:tab/><w:t>Supplemental security income</w:t></w:r><w:r w:rsidRPr="004E3EB9"><w:rPr><w:snapToGrid w:val="0"/><w:color w:val="000000"/><w:sz w:val="18"/><w:szCs w:val="18"/></w:rPr><w:tab/></w:r><w:r w:rsidRPr="004E3EB9"><w:rPr><w:snapToGrid w:val="0"/><w:color w:val="000000"/><w:sz w:val="18"/><w:szCs w:val="18"/></w:rPr><w:tab/></w:r><w:r w:rsidRPr="004E3EB9"><w:rPr><w:snapToGrid w:val="0"/><w:color w:val="000000"/><w:sz w:val="18"/><w:szCs w:val="18"/></w:rPr><w:tab/></w:r></w:p><w:p w14:paraId="1C9308E4" w14:textId="77777777" w:rsidR="009A537D" w:rsidRPr="00C37D29" w:rsidRDefault="009A537D"><w:pPr><w:tabs><w:tab w:val="left" w:pos="420"/><w:tab w:val="left" w:pos="660"/><w:tab w:val="left" w:pos="1020"/><w:tab w:val="left" w:pos="1320"/><w:tab w:val="left" w:pos="1920"/></w:tabs><w:spacing w:line="240" w:lineRule="atLeast"/><w:rPr><w:snapToGrid w:val="0"/><w:color w:val="000000"/></w:rPr></w:pPr><w:r w:rsidRPr="00C37D29"><w:rPr><w:snapToGrid w:val="0"/><w:color w:val="000000"/></w:rPr><w:tab/></w:r><w:r w:rsidRPr="00C37D29"><w:rPr><w:snapToGrid w:val="0"/><w:color w:val="000000"/></w:rPr><w:tab/></w:r><w:r w:rsidRPr="00C37D29"><w:rPr><w:snapToGrid w:val="0"/><w:color w:val="000000"/></w:rPr><w:fldChar w:fldCharType="begin"><w:ffData><w:name w:val="Check12"/><w:enabled/><w:calcOnExit w:val="0"/><w:statusText w:type="text" w:val="1f. At least 25% of my disposable earnings are assigned for support by court order."/><w:checkBox><w:sizeAuto/><w:default w:val="0"/></w:checkBox></w:ffData></w:fldChar></w:r><w:r w:rsidRPr="00C37D29"><w:rPr><w:snapToGrid w:val="0"/><w:color w:val="000000"/></w:rPr><w:instrText xml:space="preserve"> FORMCHECKBOX </w:instrText></w:r><w:r w:rsidR="001754F1"><w:rPr><w:snapToGrid w:val="0"/><w:color w:val="000000"/></w:rPr></w:r><w:r w:rsidR="001754F1"><w:rPr><w:snapToGrid w:val="0"/><w:color w:val="000000"/></w:rPr><w:fldChar w:fldCharType="separate"/></w:r><w:r w:rsidRPr="00C37D29"><w:rPr><w:snapToGrid w:val="0"/><w:color w:val="000000"/></w:rPr><w:fldChar w:fldCharType="end"/></w:r><w:r w:rsidRPr="00C37D29"><w:rPr><w:snapToGrid w:val="0"/><w:color w:val="000000"/></w:rPr><w:tab/><w:t>f.</w:t></w:r><w:r w:rsidRPr="00C37D29"><w:rPr><w:snapToGrid w:val="0"/><w:color w:val="000000"/></w:rPr><w:tab/><w:t>At least 25% of my disposable earnings are assigned for support by court order.</w:t></w:r></w:p><w:p w14:paraId="4FC8C9AD" w14:textId="77777777" w:rsidR="009A537D" w:rsidRPr="00C37D29" w:rsidRDefault="009A537D"><w:pPr><w:tabs><w:tab w:val="left" w:pos="420"/><w:tab w:val="left" w:pos="660"/><w:tab w:val="left" w:pos="1020"/><w:tab w:val="left" w:pos="1320"/><w:tab w:val="left" w:pos="1920"/></w:tabs><w:spacing w:line="240" w:lineRule="atLeast"/><w:rPr><w:snapToGrid w:val="0"/><w:color w:val="000000"/></w:rPr></w:pPr><w:r w:rsidRPr="00C37D29"><w:rPr><w:snapToGrid w:val="0"/><w:color w:val="000000"/></w:rPr><w:tab/></w:r><w:r w:rsidRPr="00C37D29"><w:rPr><w:snapToGrid w:val="0"/><w:color w:val="000000"/></w:rPr><w:tab/></w:r><w:r w:rsidRPr="00C37D29"><w:rPr><w:snapToGrid w:val="0"/><w:color w:val="000000"/></w:rPr><w:fldChar w:fldCharType="begin"><w:ffData><w:name w:val="Check13"/><w:enabled/><w:calcOnExit w:val="0"/><w:statusText w:type="text" w:val="1g. My household income is below the federal poverty level."/><w:checkBox><w:sizeAuto/><w:default w:val="0"/></w:checkBox></w:ffData></w:fldChar></w:r><w:r w:rsidRPr="00C37D29"><w:rPr><w:snapToGrid w:val="0"/><w:color w:val="000000"/></w:rPr><w:instrText xml:space="preserve"> FORMCHECKBOX </w:instrText></w:r><w:r w:rsidR="001754F1"><w:rPr><w:snapToGrid w:val="0"/><w:color w:val="000000"/></w:rPr></w:r><w:r w:rsidR="001754F1"><w:rPr><w:snapToGrid w:val="0"/><w:color w:val="000000"/></w:rPr><w:fldChar w:fldCharType="separate"/></w:r><w:r w:rsidRPr="00C37D29"><w:rPr><w:snapToGrid w:val="0"/><w:color w:val="000000"/></w:rPr><w:fldChar w:fldCharType="end"/></w:r><w:r w:rsidRPr="00C37D29"><w:rPr><w:snapToGrid w:val="0"/><w:color w:val="000000"/></w:rPr><w:tab/><w:t>g.</w:t></w:r><w:r w:rsidRPr="00C37D29"><w:rPr><w:snapToGrid w:val="0"/><w:color w:val="000000"/></w:rPr><w:tab/><w:t>My household income is below the federal poverty level.</w:t></w:r></w:p><w:p w14:paraId="64EDCA30" w14:textId="77777777" w:rsidR="009A537D" w:rsidRPr="00C37D29" w:rsidRDefault="009A537D"><w:pPr><w:tabs><w:tab w:val="left" w:pos="420"/><w:tab w:val="left" w:pos="660"/><w:tab w:val="left" w:pos="1020"/><w:tab w:val="left" w:pos="1320"/><w:tab w:val="left" w:pos="1920"/></w:tabs><w:spacing w:line="240" w:lineRule="atLeast"/><w:ind w:left="1320" w:hanging="1320"/><w:rPr><w:snapToGrid w:val="0"/><w:color w:val="000000"/></w:rPr></w:pPr><w:r w:rsidRPr="00C37D29"><w:rPr><w:snapToGrid w:val="0"/><w:color w:val="000000"/></w:rPr><w:tab/></w:r><w:r w:rsidRPr="00C37D29"><w:rPr><w:snapToGrid w:val="0"/><w:color w:val="000000"/></w:rPr><w:tab/></w:r><w:r w:rsidRPr="00C37D29"><w:rPr><w:snapToGrid w:val="0"/><w:color w:val="000000"/></w:rPr><w:fldChar w:fldCharType="begin"><w:ffData><w:name w:val="Check23"/><w:enabled/><w:calcOnExit w:val="0"/><w:statusText w:type="text" w:val="1h. The garnishment of 20% of my disposable income would result in the income of my household being below the poverty line."/><w:checkBox><w:sizeAuto/><w:default w:val="0"/></w:checkBox></w:ffData></w:fldChar></w:r><w:r w:rsidRPr="00C37D29"><w:rPr><w:snapToGrid w:val="0"/><w:color w:val="000000"/></w:rPr><w:instrText xml:space="preserve"> FORMCHECKBOX </w:instrText></w:r><w:r w:rsidR="001754F1"><w:rPr><w:snapToGrid w:val="0"/><w:color w:val="000000"/></w:rPr></w:r><w:r w:rsidR="001754F1"><w:rPr><w:snapToGrid w:val="0"/><w:color w:val="000000"/></w:rPr><w:fldChar w:fldCharType="separate"/></w:r><w:r w:rsidRPr="00C37D29"><w:rPr><w:snapToGrid w:val="0"/><w:color w:val="000000"/></w:rPr><w:fldChar w:fldCharType="end"/></w:r><w:r w:rsidRPr="00C37D29"><w:rPr><w:snapToGrid w:val="0"/><w:color w:val="000000"/></w:rPr><w:tab/><w:t>h.</w:t></w:r><w:r w:rsidRPr="00C37D29"><w:rPr><w:snapToGrid w:val="0"/><w:color w:val="000000"/></w:rPr><w:tab/><w:t>The garnishment of 20% of my disposable income would result in the income of my household being below the poverty line.</w:t></w:r></w:p><w:p w14:paraId="11727333" w14:textId="77777777" w:rsidR="009A537D" w:rsidRDefault="009A537D"><w:pPr><w:tabs><w:tab w:val="left" w:pos="420"/><w:tab w:val="left" w:pos="660"/><w:tab w:val="left" w:pos="1020"/><w:tab w:val="left" w:pos="1320"/><w:tab w:val="left" w:pos="1920"/></w:tabs><w:spacing w:line="240" w:lineRule="atLeast"/><w:ind w:left="1320" w:hanging="1320"/><w:rPr><w:snapToGrid w:val="0"/><w:color w:val="000000"/></w:rPr></w:pPr><w:r w:rsidRPr="00C37D29"><w:rPr><w:snapToGrid w:val="0"/><w:color w:val="000000"/></w:rPr><w:tab/></w:r><w:r w:rsidRPr="00C37D29"><w:rPr><w:snapToGrid w:val="0"/><w:color w:val="000000"/></w:rPr><w:tab/></w:r><w:r w:rsidRPr="00C37D29"><w:rPr><w:snapToGrid w:val="0"/><w:color w:val="000000"/></w:rPr><w:fldChar w:fldCharType="begin"><w:ffData><w:name w:val="Check23"/><w:enabled/><w:calcOnExit w:val="0"/><w:statusText w:type="text" w:val="1h. The garnishment of 20% of my disposable income would result in the income of my household being below the poverty line."/><w:checkBox><w:sizeAuto/><w:default w:val="0"/></w:checkBox></w:ffData></w:fldChar></w:r><w:r w:rsidRPr="00C37D29"><w:rPr><w:snapToGrid w:val="0"/><w:color w:val="000000"/></w:rPr><w:instrText xml:space="preserve"> FORMCHECKBOX </w:instrText></w:r><w:r w:rsidR="001754F1"><w:rPr><w:snapToGrid w:val="0"/><w:color w:val="000000"/></w:rPr></w:r><w:r w:rsidR="001754F1"><w:rPr><w:snapToGrid w:val="0"/><w:color w:val="000000"/></w:rPr><w:fldChar w:fldCharType="separate"/></w:r><w:r w:rsidRPr="00C37D29"><w:rPr><w:snapToGrid w:val="0"/><w:color w:val="000000"/></w:rPr><w:fldChar w:fldCharType="end"/></w:r><w:r><w:rPr><w:snapToGrid w:val="0"/><w:color w:val="000000"/></w:rPr><w:tab/><w:t>i.</w:t></w:r><w:r><w:rPr><w:snapToGrid w:val="0"/><w:color w:val="000000"/></w:rPr><w:tab/></w:r><w:r w:rsidRPr="00C37D29"><w:rPr><w:snapToGrid w:val="0"/><w:color w:val="000000"/></w:rPr><w:t>The garnishment of my income that is over thirty times the federal minimum hourly wage would result in my household income being below the poverty line.</w:t></w:r></w:p><w:p w14:paraId="6EBA243F" w14:textId="77777777" w:rsidR="009A537D" w:rsidRPr="00C37D29" w:rsidRDefault="009A537D"><w:pPr><w:tabs><w:tab w:val="left" w:pos="420"/><w:tab w:val="left" w:pos="660"/><w:tab w:val="left" w:pos="1020"/><w:tab w:val="left" w:pos="1320"/><w:tab w:val="left" w:pos="1920"/></w:tabs><w:spacing w:line="240" w:lineRule="atLeast"/><w:ind w:left="1320" w:hanging="1320"/><w:rPr><w:snapToGrid w:val="0"/><w:color w:val="000000"/></w:rPr></w:pPr></w:p><w:p w14:paraId="760D71FB" w14:textId="77777777" w:rsidR="009A537D" w:rsidRPr="00C37D29" w:rsidRDefault="009A537D"><w:pPr><w:tabs><w:tab w:val="left" w:pos="90"/><w:tab w:val="left" w:pos="360"/><w:tab w:val="left" w:pos="630"/><w:tab w:val="left" w:pos="1020"/><w:tab w:val="left" w:pos="1260"/><w:tab w:val="left" w:pos="1920"/></w:tabs><w:spacing w:line="240" w:lineRule="atLeast"/><w:rPr><w:snapToGrid w:val="0"/><w:color w:val="000000"/></w:rPr></w:pPr><w:r w:rsidRPr="00C37D29"><w:rPr><w:snapToGrid w:val="0"/><w:color w:val="000000"/></w:rPr><w:tab/></w:r><w:r w:rsidRPr="00C37D29"><w:rPr><w:snapToGrid w:val="0"/><w:color w:val="000000"/></w:rPr><w:fldChar w:fldCharType="begin"><w:ffData><w:name w:val="Check2"/><w:enabled/><w:calcOnExit w:val="0"/><w:statusText w:type="text" w:val="2. Too much of my earnings are being garnished because:"/><w:checkBox><w:sizeAuto/><w:default w:val="0"/></w:checkBox></w:ffData></w:fldChar></w:r><w:r w:rsidRPr="00C37D29"><w:rPr><w:snapToGrid w:val="0"/><w:color w:val="000000"/></w:rPr><w:instrText xml:space="preserve"> FORMCHECKBOX </w:instrText></w:r><w:r w:rsidR="001754F1"><w:rPr><w:snapToGrid w:val="0"/><w:color w:val="000000"/></w:rPr></w:r><w:r w:rsidR="001754F1"><w:rPr><w:snapToGrid w:val="0"/><w:color w:val="000000"/></w:rPr><w:fldChar w:fldCharType="separate"/></w:r><w:r w:rsidRPr="00C37D29"><w:rPr><w:snapToGrid w:val="0"/><w:color w:val="000000"/></w:rPr><w:fldChar w:fldCharType="end"/></w:r><w:r w:rsidRPr="00C37D29"><w:rPr><w:snapToGrid w:val="0"/><w:color w:val="000000"/></w:rPr><w:tab/><w:t>2.</w:t></w:r><w:r w:rsidRPr="00C37D29"><w:rPr><w:snapToGrid w:val="0"/><w:color w:val="000000"/></w:rPr><w:tab/><w:t>Too much of my earnings are being garnished because:</w:t></w:r></w:p><w:p w14:paraId="7CDA9601" w14:textId="77777777" w:rsidR="009A537D" w:rsidRPr="00C37D29" w:rsidRDefault="009A537D"><w:pPr><w:tabs><w:tab w:val="left" w:pos="420"/><w:tab w:val="left" w:pos="660"/><w:tab w:val="left" w:pos="1020"/><w:tab w:val="left" w:pos="1320"/><w:tab w:val="left" w:pos="1920"/></w:tabs><w:spacing w:line="240" w:lineRule="atLeast"/><w:ind w:left="1320" w:hanging="1320"/><w:rPr><w:snapToGrid w:val="0"/><w:color w:val="000000"/></w:rPr></w:pPr><w:r w:rsidRPr="00C37D29"><w:rPr><w:snapToGrid w:val="0"/><w:color w:val="000000"/></w:rPr><w:tab/></w:r><w:r w:rsidRPr="00C37D29"><w:rPr><w:snapToGrid w:val="0"/><w:color w:val="000000"/></w:rPr><w:tab/></w:r><w:r w:rsidRPr="00C37D29"><w:rPr><w:snapToGrid w:val="0"/><w:color w:val="000000"/></w:rPr><w:fldChar w:fldCharType="begin"><w:ffData><w:name w:val="Check3"/><w:enabled/><w:calcOnExit w:val="0"/><w:statusText w:type="text" w:val="2a. I am paying child support or maintenance in an amount that is less than 25% of my disposable earnings.  The amount to be paid ..."/><w:checkBox><w:sizeAuto/><w:default w:val="0"/></w:checkBox></w:ffData></w:fldChar></w:r><w:r w:rsidRPr="00C37D29"><w:rPr><w:snapToGrid w:val="0"/><w:color w:val="000000"/></w:rPr><w:instrText xml:space="preserve"> FORMCHECKBOX </w:instrText></w:r><w:r w:rsidR="001754F1"><w:rPr><w:snapToGrid w:val="0"/><w:color w:val="000000"/></w:rPr></w:r><w:r w:rsidR="001754F1"><w:rPr><w:snapToGrid w:val="0"/><w:color w:val="000000"/></w:rPr><w:fldChar w:fldCharType="separate"/></w:r><w:r w:rsidRPr="00C37D29"><w:rPr><w:snapToGrid w:val="0"/><w:color w:val="000000"/></w:rPr><w:fldChar w:fldCharType="end"/></w:r><w:r w:rsidRPr="00C37D29"><w:rPr><w:snapToGrid w:val="0"/><w:color w:val="000000"/></w:rPr><w:tab/><w:t>a.</w:t></w:r><w:r w:rsidRPr="00C37D29"><w:rPr><w:snapToGrid w:val="0"/><w:color w:val="000000"/></w:rPr><w:tab/><w:t>I am paying child support or maintenance in an amount that is less than 25% of my disposable earnings.  The amount to be paid must be reduced so that the total of earnings assigned and garnished does not exceed 25% of my disposable earnings.</w:t></w:r></w:p><w:p w14:paraId="68B98CE3" w14:textId="77777777" w:rsidR="009A537D" w:rsidRPr="00C37D29" w:rsidRDefault="009A537D" w:rsidP="00E07716"><w:pPr><w:tabs><w:tab w:val="left" w:pos="420"/><w:tab w:val="left" w:pos="660"/><w:tab w:val="left" w:pos="1020"/><w:tab w:val="left" w:pos="1920"/></w:tabs><w:spacing w:line="240" w:lineRule="atLeast"/><w:ind w:left="1320" w:right="-342" w:hanging="1320"/><w:rPr><w:snapToGrid w:val="0"/><w:color w:val="000000"/></w:rPr></w:pPr><w:r w:rsidRPr="00C37D29"><w:rPr><w:snapToGrid w:val="0"/><w:color w:val="000000"/></w:rPr><w:tab/></w:r><w:r w:rsidRPr="00C37D29"><w:rPr><w:snapToGrid w:val="0"/><w:color w:val="000000"/></w:rPr><w:tab/></w:r><w:r w:rsidRPr="00C37D29"><w:rPr><w:snapToGrid w:val="0"/><w:color w:val="000000"/></w:rPr><w:fldChar w:fldCharType="begin"><w:ffData><w:name w:val="Check24"/><w:enabled/><w:calcOnExit w:val="0"/><w:statusText w:type="text" w:val="2b. The garnishment of 20% of my disposable income would result in my household income being below the poverty line and the amount to be.."/><w:checkBox><w:sizeAuto/><w:default w:val="0"/></w:checkBox></w:ffData></w:fldChar></w:r><w:r w:rsidRPr="00C37D29"><w:rPr><w:snapToGrid w:val="0"/><w:color w:val="000000"/></w:rPr><w:instrText xml:space="preserve"> FORMCHECKBOX </w:instrText></w:r><w:r w:rsidR="001754F1"><w:rPr><w:snapToGrid w:val="0"/><w:color w:val="000000"/></w:rPr></w:r><w:r w:rsidR="001754F1"><w:rPr><w:snapToGrid w:val="0"/><w:color w:val="000000"/></w:rPr><w:fldChar w:fldCharType="separate"/></w:r><w:r w:rsidRPr="00C37D29"><w:rPr><w:snapToGrid w:val="0"/><w:color w:val="000000"/></w:rPr><w:fldChar w:fldCharType="end"/></w:r><w:r w:rsidRPr="00C37D29"><w:rPr><w:snapToGrid w:val="0"/><w:color w:val="000000"/></w:rPr><w:tab/><w:t>b.</w:t></w:r><w:r w:rsidRPr="00C37D29"><w:rPr><w:snapToGrid w:val="0"/><w:color w:val="000000"/></w:rPr><w:tab/><w:t>The garnishment of 20% of my disposable income would result in my household income being below the poverty line and the amount to be paid must be reduced to an amount equal to the amount of my household income in excess of the poverty line.</w:t></w:r></w:p><w:p w14:paraId="315EC94A" w14:textId="77777777" w:rsidR="009A537D" w:rsidRPr="00C37D29" w:rsidRDefault="009A537D"><w:pPr><w:tabs><w:tab w:val="left" w:pos="420"/><w:tab w:val="left" w:pos="660"/><w:tab w:val="left" w:pos="1020"/><w:tab w:val="left" w:pos="1920"/></w:tabs><w:spacing w:line="240" w:lineRule="atLeast"/><w:ind w:left="1320" w:hanging="1320"/><w:rPr><w:snapToGrid w:val="0"/><w:color w:val="000000"/></w:rPr></w:pPr><w:r w:rsidRPr="00C37D29"><w:rPr><w:snapToGrid w:val="0"/><w:color w:val="000000"/></w:rPr><w:tab/></w:r><w:r w:rsidRPr="00C37D29"><w:rPr><w:snapToGrid w:val="0"/><w:color w:val="000000"/></w:rPr><w:tab/></w:r><w:r w:rsidRPr="00C37D29"><w:rPr><w:snapToGrid w:val="0"/><w:color w:val="000000"/></w:rPr><w:fldChar w:fldCharType="begin"><w:ffData><w:name w:val="Check23"/><w:enabled/><w:calcOnExit w:val="0"/><w:statusText w:type="text" w:val="1h. The garnishment of 20% of my disposable income would result in the income of my household being below the poverty line."/><w:checkBox><w:sizeAuto/><w:default w:val="0"/></w:checkBox></w:ffData></w:fldChar></w:r><w:r w:rsidRPr="00C37D29"><w:rPr><w:snapToGrid w:val="0"/><w:color w:val="000000"/></w:rPr><w:instrText xml:space="preserve"> FORMCHECKBOX </w:instrText></w:r><w:r w:rsidR="001754F1"><w:rPr><w:snapToGrid w:val="0"/><w:color w:val="000000"/></w:rPr></w:r><w:r w:rsidR="001754F1"><w:rPr><w:snapToGrid w:val="0"/><w:color w:val="000000"/></w:rPr><w:fldChar w:fldCharType="separate"/></w:r><w:r w:rsidRPr="00C37D29"><w:rPr><w:snapToGrid w:val="0"/><w:color w:val="000000"/></w:rPr><w:fldChar w:fldCharType="end"/></w:r><w:r w:rsidRPr="00C37D29"><w:rPr><w:snapToGrid w:val="0"/><w:color w:val="000000"/></w:rPr><w:tab/><w:t>c.</w:t></w:r><w:r w:rsidRPr="00C37D29"><w:rPr><w:snapToGrid w:val="0"/><w:color w:val="000000"/></w:rPr><w:tab/><w:t>The garnishment of my income that is over thirty times the federal minimum hourly wage would result in my household income being below the poverty line and the amount to be paid must be reduced to an amount equal to the amount of my household income in excess of the poverty line.</w:t></w:r></w:p><w:p w14:paraId="1C5CFA25" w14:textId="77777777" w:rsidR="009A537D" w:rsidRPr="00C37D29" w:rsidRDefault="009A537D" w:rsidP="00F269E1"><w:pPr><w:tabs><w:tab w:val="left" w:pos="420"/><w:tab w:val="left" w:pos="660"/><w:tab w:val="left" w:pos="1020"/><w:tab w:val="left" w:pos="1320"/><w:tab w:val="left" w:pos="1920"/><w:tab w:val="left" w:pos="10260"/></w:tabs><w:spacing w:line="240" w:lineRule="atLeast"/><w:ind w:left="1320" w:hanging="1320"/><w:rPr><w:snapToGrid w:val="0"/><w:color w:val="000000"/></w:rPr></w:pPr><w:r w:rsidRPr="00C37D29"><w:rPr><w:snapToGrid w:val="0"/><w:color w:val="000000"/></w:rPr><w:tab/></w:r><w:r w:rsidRPr="00C37D29"><w:rPr><w:snapToGrid w:val="0"/><w:color w:val="000000"/></w:rPr><w:tab/></w:r><w:r w:rsidRPr="00C37D29"><w:rPr><w:snapToGrid w:val="0"/><w:color w:val="000000"/></w:rPr><w:fldChar w:fldCharType="begin"><w:ffData><w:name w:val="Check4"/><w:enabled/><w:calcOnExit w:val="0"/><w:statusText w:type="text" w:val="2c. Other:"/><w:checkBox><w:sizeAuto/><w:default w:val="0"/></w:checkBox></w:ffData></w:fldChar></w:r><w:r w:rsidRPr="00C37D29"><w:rPr><w:snapToGrid w:val="0"/><w:color w:val="000000"/></w:rPr><w:instrText xml:space="preserve"> FORMCHECKBOX </w:instrText></w:r><w:r w:rsidR="001754F1"><w:rPr><w:snapToGrid w:val="0"/><w:color w:val="000000"/></w:rPr></w:r><w:r w:rsidR="001754F1"><w:rPr><w:snapToGrid w:val="0"/><w:color w:val="000000"/></w:rPr><w:fldChar w:fldCharType="separate"/></w:r><w:r w:rsidRPr="00C37D29"><w:rPr><w:snapToGrid w:val="0"/><w:color w:val="000000"/></w:rPr><w:fldChar w:fldCharType="end"/></w:r><w:r w:rsidRPr="00C37D29"><w:rPr><w:snapToGrid w:val="0"/><w:color w:val="000000"/></w:rPr><w:tab/><w:t>d.</w:t></w:r><w:r w:rsidRPr="00C37D29"><w:rPr><w:snapToGrid w:val="0"/><w:color w:val="000000"/></w:rPr><w:tab/><w:t xml:space="preserve">Other: </w:t></w:r><w:r><w:rPr><w:rFonts w:ascii="Times New Roman" w:hAnsi="Times New Roman"/><w:noProof/><w:u w:val="single"/></w:rPr><w:t xml:space="preserve">     </w:t></w:r><w:r><w:rPr><w:rFonts w:ascii="Times New Roman" w:hAnsi="Times New Roman"/><w:u w:val="single"/></w:rPr><w:tab/></w:r></w:p><w:p w14:paraId="35F52440" w14:textId="77777777" w:rsidR="009A537D" w:rsidRPr="00C37D29" w:rsidRDefault="009A537D"><w:pPr><w:tabs><w:tab w:val="left" w:pos="420"/><w:tab w:val="left" w:pos="660"/><w:tab w:val="left" w:pos="1020"/><w:tab w:val="left" w:pos="1260"/><w:tab w:val="left" w:pos="1920"/></w:tabs><w:spacing w:line="240" w:lineRule="atLeast"/><w:rPr><w:snapToGrid w:val="0"/><w:color w:val="000000"/></w:rPr></w:pPr></w:p><w:p w14:paraId="187C77AE" w14:textId="77777777" w:rsidR="009A537D" w:rsidRPr="00C37D29" w:rsidRDefault="009A537D" w:rsidP="000B0410"><w:pPr><w:tabs><w:tab w:val="left" w:pos="90"/><w:tab w:val="left" w:pos="360"/><w:tab w:val="left" w:pos="630"/><w:tab w:val="left" w:pos="1020"/><w:tab w:val="left" w:pos="1260"/><w:tab w:val="left" w:pos="1920"/></w:tabs><w:spacing w:line="240" w:lineRule="atLeast"/><w:rPr><w:i/><w:snapToGrid w:val="0"/><w:color w:val="000000"/></w:rPr></w:pPr><w:r w:rsidRPr="00C37D29"><w:rPr><w:snapToGrid w:val="0"/><w:color w:val="000000"/></w:rPr><w:tab/></w:r><w:r w:rsidRPr="00C37D29"><w:rPr><w:snapToGrid w:val="0"/><w:color w:val="000000"/></w:rPr><w:fldChar w:fldCharType="begin"><w:ffData><w:name w:val="Check1"/><w:enabled/><w:calcOnExit w:val="0"/><w:statusText w:type="text" w:val="3. I have another defense to this earnings garnishment (explain briefly):"/><w:checkBox><w:sizeAuto/><w:default w:val="0"/></w:checkBox></w:ffData></w:fldChar></w:r><w:r w:rsidRPr="00C37D29"><w:rPr><w:snapToGrid w:val="0"/><w:color w:val="000000"/></w:rPr><w:instrText xml:space="preserve"> FORMCHECKBOX </w:instrText></w:r><w:r w:rsidR="001754F1"><w:rPr><w:snapToGrid w:val="0"/><w:color w:val="000000"/></w:rPr></w:r><w:r w:rsidR="001754F1"><w:rPr><w:snapToGrid w:val="0"/><w:color w:val="000000"/></w:rPr><w:fldChar w:fldCharType="separate"/></w:r><w:r w:rsidRPr="00C37D29"><w:rPr><w:snapToGrid w:val="0"/><w:color w:val="000000"/></w:rPr><w:fldChar w:fldCharType="end"/></w:r><w:r w:rsidRPr="00C37D29"><w:rPr><w:snapToGrid w:val="0"/><w:color w:val="000000"/></w:rPr><w:tab/><w:t>3.</w:t></w:r><w:r w:rsidRPr="00C37D29"><w:rPr><w:snapToGrid w:val="0"/><w:color w:val="000000"/></w:rPr><w:tab/><w:t xml:space="preserve">I have another defense to this earnings garnishment: </w:t></w:r><w:r w:rsidRPr="00C37D29"><w:rPr><w:snapToGrid w:val="0"/><w:color w:val="000000"/><w:sz w:val="16"/><w:szCs w:val="16"/></w:rPr><w:t>(explain briefly)</w:t></w:r></w:p><w:tbl><w:tblPr><w:tblW w:w="0" w:type="auto"/><w:tblInd w:w="648" w:type="dxa"/><w:tblLayout w:type="fixed"/><w:tblLook w:val="0000" w:firstRow="0" w:lastRow="0" w:firstColumn="0" w:lastColumn="0" w:noHBand="0" w:noVBand="0"/></w:tblPr><w:tblGrid><w:gridCol w:w="9729"/></w:tblGrid><w:tr w:rsidR="009A537D" w:rsidRPr="00C37D29" w14:paraId="21C7FC82" w14:textId="77777777"><w:trPr><w:trHeight w:val="456"/></w:trPr><w:tc><w:tcPr><w:tcW w:w="9729" w:type="dxa"/><w:tcBorders><w:top w:val="single" w:sz="4" w:space="0" w:color="auto"/><w:left w:val="single" w:sz="4" w:space="0" w:color="auto"/><w:bottom w:val="single" w:sz="4" w:space="0" w:color="auto"/><w:right w:val="single" w:sz="4" w:space="0" w:color="auto"/></w:tcBorders></w:tcPr><w:p w14:paraId="7A080C2C" w14:textId="77777777" w:rsidR="009A537D" w:rsidRPr="00C37D29" w:rsidRDefault="009A537D" w:rsidP="000B0410"><w:pPr><w:tabs><w:tab w:val="left" w:pos="420"/><w:tab w:val="left" w:pos="660"/><w:tab w:val="left" w:pos="1020"/><w:tab w:val="left" w:pos="1260"/><w:tab w:val="left" w:pos="1920"/></w:tabs><w:spacing w:line="240" w:lineRule="atLeast"/><w:rPr><w:snapToGrid w:val="0"/><w:color w:val="000000"/></w:rPr></w:pPr><w:r><w:rPr><w:rFonts w:ascii="Times New Roman" w:hAnsi="Times New Roman"/><w:noProof/></w:rPr><w:t xml:space="preserve">     </w:t></w:r></w:p></w:tc></w:tr></w:tbl><w:p w14:paraId="102EB8E8" w14:textId="77777777" w:rsidR="009A537D" w:rsidRPr="00C37D29" w:rsidRDefault="009A537D" w:rsidP="000B0410"><w:pPr><w:tabs><w:tab w:val="left" w:pos="420"/><w:tab w:val="left" w:pos="660"/><w:tab w:val="left" w:pos="1020"/><w:tab w:val="left" w:pos="1260"/><w:tab w:val="left" w:pos="1920"/></w:tabs><w:spacing w:line="80" w:lineRule="exact"/><w:rPr><w:i/><w:snapToGrid w:val="0"/><w:color w:val="000000"/></w:rPr></w:pPr></w:p><w:p w14:paraId="6B78602A" w14:textId="77777777" w:rsidR="009A537D" w:rsidRPr="00C37D29" w:rsidRDefault="009A537D" w:rsidP="000B0410"><w:pPr><w:tabs><w:tab w:val="left" w:pos="420"/><w:tab w:val="left" w:pos="660"/><w:tab w:val="left" w:pos="1020"/><w:tab w:val="left" w:pos="1260"/><w:tab w:val="left" w:pos="1920"/></w:tabs><w:spacing w:line="240" w:lineRule="atLeast"/><w:ind w:left="630" w:hanging="630"/><w:rPr><w:snapToGrid w:val="0"/><w:color w:val="000000"/></w:rPr></w:pPr><w:r w:rsidRPr="00C37D29"><w:rPr><w:i/><w:snapToGrid w:val="0"/><w:color w:val="000000"/></w:rPr><w:tab/></w:r><w:r w:rsidRPr="00C37D29"><w:rPr><w:i/><w:snapToGrid w:val="0"/><w:color w:val="000000"/></w:rPr><w:tab/></w:r><w:r w:rsidRPr="00C37D29"><w:rPr><w:snapToGrid w:val="0"/><w:color w:val="000000"/></w:rPr><w:t>I understand that if I claim a complete exemption, limitation or defense in bad faith, I may be held liable to the creditor for actual damages, costs and reasonable attorneys’ fees.</w:t></w:r></w:p><w:p w14:paraId="040E1AD4" w14:textId="77777777" w:rsidR="009A537D" w:rsidRDefault="009A537D" w:rsidP="000B0410"><w:pPr><w:ind w:left="5400" w:right="806"/><w:rPr><w:rFonts w:cs="Arial"/><w:b/><w:snapToGrid w:val="0"/><w:color w:val="000000"/></w:rPr></w:pPr></w:p><w:p w14:paraId="2C27FC53" w14:textId="77777777" w:rsidR="009A537D" w:rsidRPr="00C37D29" w:rsidRDefault="009A537D" w:rsidP="000B0410"><w:pPr><w:ind w:left="5400" w:right="806"/><w:rPr><w:b/><w:snapToGrid w:val="0"/><w:color w:val="000000"/></w:rPr></w:pPr><w:r w:rsidRPr="00C37D29"><w:rPr><w:rFonts w:cs="Arial"/><w:b/><w:snapToGrid w:val="0"/><w:color w:val="000000"/></w:rPr><w:t>►</w:t></w:r></w:p><w:tbl><w:tblPr><w:tblW w:w="0" w:type="auto"/><w:jc w:val="center"/><w:tblLayout w:type="fixed"/><w:tblLook w:val="0000" w:firstRow="0" w:lastRow="0" w:firstColumn="0" w:lastColumn="0" w:noHBand="0" w:noVBand="0"/></w:tblPr><w:tblGrid><w:gridCol w:w="5057"/><w:gridCol w:w="270"/><w:gridCol w:w="4894"/></w:tblGrid><w:tr w:rsidR="009A537D" w:rsidRPr="00C37D29" w14:paraId="4718BD59" w14:textId="77777777"><w:trPr><w:cantSplit/><w:trHeight w:hRule="exact" w:val="480"/><w:jc w:val="center"/></w:trPr><w:tc><w:tcPr><w:tcW w:w="5057" w:type="dxa"/><w:vMerge w:val="restart"/><w:tcBorders><w:top w:val="single" w:sz="4" w:space="0" w:color="auto"/><w:left w:val="single" w:sz="4" w:space="0" w:color="auto"/><w:bottom w:val="single" w:sz="4" w:space="0" w:color="auto"/><w:right w:val="single" w:sz="4" w:space="0" w:color="auto"/></w:tcBorders></w:tcPr><w:p w14:paraId="1507D6AB" w14:textId="77777777" w:rsidR="009A537D" w:rsidRDefault="009A537D" w:rsidP="000B0410"><w:pPr><w:pStyle w:val="Header"/><w:tabs><w:tab w:val="clear" w:pos="4320"/><w:tab w:val="clear" w:pos="8640"/><w:tab w:val="left" w:pos="4841"/></w:tabs><w:spacing w:line="200" w:lineRule="exact"/><w:ind w:left="-14"/><w:rPr><w:rFonts w:cs="Arial"/><w:b/><w:bCs/><w:sz w:val="16"/><w:szCs w:val="16"/></w:rPr></w:pPr></w:p><w:p w14:paraId="68C321C7" w14:textId="77777777" w:rsidR="009A537D" w:rsidRPr="004E3EB9" w:rsidRDefault="009A537D" w:rsidP="000B0410"><w:pPr><w:pStyle w:val="Header"/><w:tabs><w:tab w:val="clear" w:pos="4320"/><w:tab w:val="clear" w:pos="8640"/><w:tab w:val="left" w:pos="4841"/></w:tabs><w:spacing w:line="200" w:lineRule="exact"/><w:ind w:left="-14"/><w:rPr><w:rFonts w:ascii="Times New Roman" w:hAnsi="Times New Roman"/></w:rPr></w:pPr><w:r w:rsidRPr="00C37D29"><w:rPr><w:rFonts w:cs="Arial"/><w:b/><w:bCs/><w:sz w:val="16"/><w:szCs w:val="16"/></w:rPr><w:t xml:space="preserve">THE DEBTOR IS REQUIRED TO </w:t></w:r><w:r><w:rPr><w:rFonts w:cs="Arial"/><w:b/><w:bCs/><w:sz w:val="16"/><w:szCs w:val="16"/></w:rPr><w:t>DELIVER</w:t></w:r><w:r w:rsidRPr="00C37D29"><w:rPr><w:rFonts w:cs="Arial"/><w:b/><w:bCs/><w:sz w:val="16"/><w:szCs w:val="16"/></w:rPr><w:t xml:space="preserve"> OR MAIL </w:t></w:r><w:r><w:rPr><w:rFonts w:cs="Arial"/><w:b/><w:bCs/><w:sz w:val="16"/><w:szCs w:val="16"/></w:rPr><w:t xml:space="preserve">A COPY OF </w:t></w:r><w:r w:rsidRPr="00C37D29"><w:rPr><w:rFonts w:cs="Arial"/><w:b/><w:bCs/><w:sz w:val="16"/><w:szCs w:val="16"/></w:rPr><w:t xml:space="preserve">THIS FORM TO </w:t></w:r><w:r w:rsidRPr="004E3EB9"><w:rPr><w:rFonts w:cs="Arial"/><w:b/><w:bCs/><w:sz w:val="16"/><w:szCs w:val="16"/></w:rPr><w:t xml:space="preserve">THE GARNISHEE/EMPLOYER AND FILL IN THE DATE OF DELIVERY OR MAILING.  </w:t></w:r><w:r w:rsidRPr="004E3EB9"><w:rPr><w:rFonts w:cs="Arial"/><w:sz w:val="18"/><w:szCs w:val="18"/></w:rPr><w:t>Date debtor delivered or mailed to garnishee/employer:</w:t></w:r><w:r w:rsidRPr="004E3EB9"><w:rPr><w:rFonts w:ascii="Times New Roman" w:hAnsi="Times New Roman"/></w:rPr><w:t xml:space="preserve">  </w:t></w:r><w:r><w:rPr><w:rFonts w:ascii="Times New Roman" w:hAnsi="Times New Roman"/><w:noProof/><w:u w:val="single"/></w:rPr><w:t xml:space="preserve">     </w:t></w:r><w:r w:rsidRPr="004E3EB9"><w:rPr><w:rFonts w:ascii="Times New Roman" w:hAnsi="Times New Roman"/><w:u w:val="single"/></w:rPr><w:tab/></w:r></w:p><w:p w14:paraId="20F3D052" w14:textId="77777777" w:rsidR="009A537D" w:rsidRPr="004E3EB9" w:rsidRDefault="009A537D" w:rsidP="000B0410"><w:pPr><w:pStyle w:val="Header"/><w:tabs><w:tab w:val="clear" w:pos="4320"/><w:tab w:val="clear" w:pos="8640"/><w:tab w:val="left" w:pos="4841"/></w:tabs><w:spacing w:line="200" w:lineRule="exact"/><w:ind w:left="-14"/><w:rPr><w:rFonts w:cs="Arial"/><w:b/><w:bCs/><w:sz w:val="16"/><w:szCs w:val="16"/></w:rPr></w:pPr></w:p><w:p w14:paraId="448BAB63" w14:textId="77777777" w:rsidR="009A537D" w:rsidRDefault="009A537D" w:rsidP="000B0410"><w:pPr><w:pStyle w:val="Header"/><w:tabs><w:tab w:val="clear" w:pos="4320"/><w:tab w:val="clear" w:pos="8640"/><w:tab w:val="left" w:pos="4841"/></w:tabs><w:spacing w:line="200" w:lineRule="exact"/><w:ind w:left="-14"/><w:rPr><w:sz w:val="18"/><w:szCs w:val="18"/></w:rPr></w:pPr><w:r w:rsidRPr="004E3EB9"><w:rPr><w:rFonts w:cs="Arial"/><w:b/><w:bCs/><w:caps/><w:sz w:val="16"/><w:szCs w:val="16"/></w:rPr><w:t xml:space="preserve">The garnishee/MPLOYER is required to mail a copy of this form to the creditor AND FILL IN THE DATE OF MAILING.  </w:t></w:r><w:r w:rsidRPr="004E3EB9"><w:rPr><w:sz w:val="18"/><w:szCs w:val="18"/></w:rPr><w:t>Date garnishee/employer mailed to creditor</w:t></w:r><w:r w:rsidRPr="00C37D29"><w:rPr><w:sz w:val="18"/><w:szCs w:val="18"/></w:rPr><w:t>:</w:t></w:r><w:r><w:rPr><w:sz w:val="18"/><w:szCs w:val="18"/></w:rPr><w:t xml:space="preserve"> </w:t></w:r></w:p><w:p w14:paraId="3D3AC763" w14:textId="77777777" w:rsidR="009A537D" w:rsidRPr="00C76D2A" w:rsidRDefault="009A537D" w:rsidP="000B0410"><w:pPr><w:pStyle w:val="Header"/><w:tabs><w:tab w:val="clear" w:pos="4320"/><w:tab w:val="clear" w:pos="8640"/><w:tab w:val="left" w:pos="4841"/></w:tabs><w:spacing w:line="200" w:lineRule="exact"/><w:ind w:left="-14"/><w:rPr><w:rFonts w:cs="Arial"/><w:b/><w:bCs/><w:caps/><w:sz w:val="16"/><w:szCs w:val="16"/></w:rPr></w:pPr><w:r><w:rPr><w:rFonts w:ascii="Times New Roman" w:hAnsi="Times New Roman"/><w:noProof/><w:u w:val="single"/></w:rPr><w:t xml:space="preserve">     </w:t></w:r><w:r w:rsidRPr="00C37D29"><w:rPr><w:rFonts w:ascii="Times New Roman" w:hAnsi="Times New Roman"/><w:u w:val="single"/></w:rPr><w:tab/></w:r></w:p></w:tc><w:tc><w:tcPr><w:tcW w:w="270" w:type="dxa"/><w:vMerge w:val="restart"/><w:tcBorders><w:left w:val="nil"/></w:tcBorders></w:tcPr><w:p w14:paraId="12FFF350" w14:textId="77777777" w:rsidR="009A537D" w:rsidRPr="00C37D29" w:rsidRDefault="009A537D" w:rsidP="000B0410"><w:pPr><w:pStyle w:val="Header"/><w:tabs><w:tab w:val="clear" w:pos="4320"/><w:tab w:val="clear" w:pos="8640"/></w:tabs><w:spacing w:line="180" w:lineRule="exact"/><w:ind w:left="-18"/><w:rPr><w:sz w:val="14"/></w:rPr></w:pPr></w:p></w:tc><w:tc><w:tcPr><w:tcW w:w="4894" w:type="dxa"/><w:tcBorders><w:top w:val="single" w:sz="4" w:space="0" w:color="auto"/></w:tcBorders></w:tcPr><w:p w14:paraId="00260F72" w14:textId="77777777" w:rsidR="009A537D" w:rsidRPr="00C37D29" w:rsidRDefault="009A537D" w:rsidP="000B0410"><w:pPr><w:pStyle w:val="Header"/><w:tabs><w:tab w:val="clear" w:pos="4320"/><w:tab w:val="clear" w:pos="8640"/></w:tabs><w:spacing w:after="60" w:line="180" w:lineRule="exact"/><w:ind w:left="-115"/><w:jc w:val="center"/><w:rPr><w:sz w:val="14"/></w:rPr></w:pPr><w:r w:rsidRPr="00C37D29"><w:rPr><w:sz w:val="14"/></w:rPr><w:t>Signature of Debtor</w:t></w:r></w:p><w:p w14:paraId="4F2B318D" w14:textId="77777777" w:rsidR="009A537D" w:rsidRPr="00C37D29" w:rsidRDefault="009A537D" w:rsidP="000B0410"><w:pPr><w:tabs><w:tab w:val="left" w:pos="371"/></w:tabs><w:spacing w:line="240" w:lineRule="auto"/><w:ind w:left="-108"/></w:pPr><w:r><w:rPr><w:rFonts w:ascii="Times New Roman" w:hAnsi="Times New Roman"/><w:noProof/></w:rPr><w:t xml:space="preserve">     </w:t></w:r></w:p></w:tc></w:tr><w:tr w:rsidR="009A537D" w:rsidRPr="00C37D29" w14:paraId="7371ECFF" w14:textId="77777777"><w:trPr><w:cantSplit/><w:trHeight w:hRule="exact" w:val="287"/><w:jc w:val="center"/></w:trPr><w:tc><w:tcPr><w:tcW w:w="5057" w:type="dxa"/><w:vMerge/><w:tcBorders><w:left w:val="single" w:sz="4" w:space="0" w:color="auto"/><w:bottom w:val="single" w:sz="4" w:space="0" w:color="auto"/><w:right w:val="single" w:sz="4" w:space="0" w:color="auto"/></w:tcBorders></w:tcPr><w:p w14:paraId="1B24E05E" w14:textId="77777777" w:rsidR="009A537D" w:rsidRPr="00C37D29" w:rsidRDefault="009A537D" w:rsidP="000B0410"><w:pPr><w:tabs><w:tab w:val="left" w:pos="371"/></w:tabs><w:spacing w:line="240" w:lineRule="auto"/><w:ind w:left="371" w:hanging="371"/></w:pPr></w:p></w:tc><w:tc><w:tcPr><w:tcW w:w="270" w:type="dxa"/><w:vMerge/><w:tcBorders><w:left w:val="nil"/></w:tcBorders></w:tcPr><w:p w14:paraId="70C0323D" w14:textId="77777777" w:rsidR="009A537D" w:rsidRPr="00C37D29" w:rsidRDefault="009A537D" w:rsidP="000B0410"><w:pPr><w:tabs><w:tab w:val="left" w:pos="371"/></w:tabs><w:spacing w:line="240" w:lineRule="auto"/><w:ind w:left="371" w:hanging="371"/></w:pPr></w:p></w:tc><w:tc><w:tcPr><w:tcW w:w="4894" w:type="dxa"/><w:tcBorders><w:top w:val="single" w:sz="4" w:space="0" w:color="auto"/></w:tcBorders></w:tcPr><w:p w14:paraId="185441ED" w14:textId="77777777" w:rsidR="009A537D" w:rsidRPr="00C37D29" w:rsidRDefault="009A537D" w:rsidP="000B0410"><w:pPr><w:pStyle w:val="Header"/><w:tabs><w:tab w:val="clear" w:pos="4320"/><w:tab w:val="clear" w:pos="8640"/></w:tabs><w:spacing w:line="180" w:lineRule="exact"/><w:ind w:left="-108"/><w:jc w:val="center"/><w:rPr><w:sz w:val="14"/></w:rPr></w:pPr><w:r w:rsidRPr="00C37D29"><w:rPr><w:sz w:val="14"/></w:rPr><w:t>Name Printed or Typed</w:t></w:r></w:p></w:tc></w:tr><w:tr w:rsidR="009A537D" w:rsidRPr="00C37D29" w14:paraId="417F21DF" w14:textId="77777777"><w:trPr><w:cantSplit/><w:trHeight w:hRule="exact" w:val="240"/><w:jc w:val="center"/></w:trPr><w:tc><w:tcPr><w:tcW w:w="5057" w:type="dxa"/><w:vMerge/><w:tcBorders><w:left w:val="single" w:sz="4" w:space="0" w:color="auto"/><w:bottom w:val="single" w:sz="4" w:space="0" w:color="auto"/><w:right w:val="single" w:sz="4" w:space="0" w:color="auto"/></w:tcBorders></w:tcPr><w:p w14:paraId="749DF2E9" w14:textId="77777777" w:rsidR="009A537D" w:rsidRPr="00C37D29" w:rsidRDefault="009A537D" w:rsidP="000B0410"><w:pPr><w:tabs><w:tab w:val="left" w:pos="371"/></w:tabs><w:spacing w:line="240" w:lineRule="auto"/><w:ind w:left="371" w:hanging="371"/></w:pPr></w:p></w:tc><w:tc><w:tcPr><w:tcW w:w="270" w:type="dxa"/><w:vMerge/><w:tcBorders><w:left w:val="single" w:sz="4" w:space="0" w:color="auto"/></w:tcBorders></w:tcPr><w:p w14:paraId="6A7CD3A5" w14:textId="77777777" w:rsidR="009A537D" w:rsidRPr="00C37D29" w:rsidRDefault="009A537D" w:rsidP="000B0410"><w:pPr><w:tabs><w:tab w:val="left" w:pos="371"/></w:tabs><w:spacing w:line="240" w:lineRule="auto"/><w:ind w:left="371" w:hanging="371"/></w:pPr></w:p></w:tc><w:tc><w:tcPr><w:tcW w:w="4894" w:type="dxa"/><w:tcBorders><w:bottom w:val="single" w:sz="4" w:space="0" w:color="auto"/></w:tcBorders><w:vAlign w:val="bottom"/></w:tcPr><w:p w14:paraId="51D05CA6" w14:textId="77777777" w:rsidR="009A537D" w:rsidRPr="00C37D29" w:rsidRDefault="009A537D" w:rsidP="000B0410"><w:pPr><w:pStyle w:val="Header"/><w:tabs><w:tab w:val="clear" w:pos="4320"/><w:tab w:val="clear" w:pos="8640"/></w:tabs><w:ind w:left="-108"/><w:rPr><w:sz w:val="14"/></w:rPr></w:pPr><w:r><w:rPr><w:rFonts w:ascii="Times New Roman" w:hAnsi="Times New Roman"/><w:noProof/></w:rPr><w:t xml:space="preserve">     </w:t></w:r></w:p></w:tc></w:tr><w:tr w:rsidR="009A537D" w:rsidRPr="00C37D29" w14:paraId="13768B98" w14:textId="77777777"><w:trPr><w:cantSplit/><w:trHeight w:hRule="exact" w:val="480"/><w:jc w:val="center"/></w:trPr><w:tc><w:tcPr><w:tcW w:w="5057" w:type="dxa"/><w:vMerge/><w:tcBorders><w:left w:val="single" w:sz="4" w:space="0" w:color="auto"/><w:bottom w:val="single" w:sz="4" w:space="0" w:color="auto"/><w:right w:val="single" w:sz="4" w:space="0" w:color="auto"/></w:tcBorders></w:tcPr><w:p w14:paraId="4543527C" w14:textId="77777777" w:rsidR="009A537D" w:rsidRPr="00C37D29" w:rsidRDefault="009A537D" w:rsidP="000B0410"><w:pPr><w:tabs><w:tab w:val="left" w:pos="371"/></w:tabs><w:spacing w:line="240" w:lineRule="auto"/><w:ind w:left="371" w:hanging="371"/></w:pPr></w:p></w:tc><w:tc><w:tcPr><w:tcW w:w="270" w:type="dxa"/><w:vMerge/><w:tcBorders><w:left w:val="single" w:sz="4" w:space="0" w:color="auto"/></w:tcBorders></w:tcPr><w:p w14:paraId="42C03D28" w14:textId="77777777" w:rsidR="009A537D" w:rsidRPr="00C37D29" w:rsidRDefault="009A537D" w:rsidP="000B0410"><w:pPr><w:tabs><w:tab w:val="left" w:pos="371"/></w:tabs><w:spacing w:line="240" w:lineRule="auto"/><w:ind w:left="371" w:hanging="371"/></w:pPr></w:p></w:tc><w:tc><w:tcPr><w:tcW w:w="4894" w:type="dxa"/><w:tcBorders><w:bottom w:val="single" w:sz="4" w:space="0" w:color="auto"/></w:tcBorders><w:vAlign w:val="bottom"/></w:tcPr><w:p w14:paraId="63F706C3" w14:textId="77777777" w:rsidR="009A537D" w:rsidRPr="00C37D29" w:rsidRDefault="009A537D" w:rsidP="000B0410"><w:pPr><w:pStyle w:val="Header"/><w:tabs><w:tab w:val="clear" w:pos="4320"/><w:tab w:val="clear" w:pos="8640"/></w:tabs><w:spacing w:after="60" w:line="180" w:lineRule="exact"/><w:ind w:left="-115"/><w:jc w:val="center"/><w:rPr><w:sz w:val="14"/></w:rPr></w:pPr><w:r w:rsidRPr="00C37D29"><w:rPr><w:sz w:val="14"/></w:rPr><w:t>Date</w:t></w:r></w:p><w:p w14:paraId="16CB61E0" w14:textId="77777777" w:rsidR="009A537D" w:rsidRPr="00C37D29" w:rsidRDefault="009A537D" w:rsidP="000B0410"><w:pPr><w:pStyle w:val="Header"/><w:tabs><w:tab w:val="clear" w:pos="4320"/><w:tab w:val="clear" w:pos="8640"/></w:tabs><w:ind w:left="-108"/><w:rPr><w:rFonts w:ascii="Times New Roman" w:hAnsi="Times New Roman"/></w:rPr></w:pPr><w:r><w:rPr><w:rFonts w:ascii="Times New Roman" w:hAnsi="Times New Roman"/><w:noProof/></w:rPr><w:t xml:space="preserve">     </w:t></w:r></w:p></w:tc></w:tr><w:tr w:rsidR="009A537D" w:rsidRPr="00C37D29" w14:paraId="49883DA9" w14:textId="77777777"><w:trPr><w:cantSplit/><w:trHeight w:hRule="exact" w:val="480"/><w:jc w:val="center"/></w:trPr><w:tc><w:tcPr><w:tcW w:w="5057" w:type="dxa"/><w:vMerge/><w:tcBorders><w:left w:val="single" w:sz="4" w:space="0" w:color="auto"/><w:bottom w:val="single" w:sz="4" w:space="0" w:color="auto"/><w:right w:val="single" w:sz="4" w:space="0" w:color="auto"/></w:tcBorders><w:vAlign w:val="bottom"/></w:tcPr><w:p w14:paraId="45D6090E" w14:textId="77777777" w:rsidR="009A537D" w:rsidRPr="00C37D29" w:rsidRDefault="009A537D" w:rsidP="000B0410"><w:pPr><w:tabs><w:tab w:val="left" w:pos="360"/><w:tab w:val="right" w:leader="underscore" w:pos="2340"/></w:tabs></w:pPr></w:p></w:tc><w:tc><w:tcPr><w:tcW w:w="270" w:type="dxa"/><w:vMerge/><w:tcBorders><w:left w:val="single" w:sz="4" w:space="0" w:color="auto"/></w:tcBorders><w:vAlign w:val="bottom"/></w:tcPr><w:p w14:paraId="3F2638D3" w14:textId="77777777" w:rsidR="009A537D" w:rsidRPr="00C37D29" w:rsidRDefault="009A537D" w:rsidP="000B0410"><w:pPr><w:tabs><w:tab w:val="left" w:pos="360"/><w:tab w:val="right" w:leader="underscore" w:pos="2340"/></w:tabs></w:pPr></w:p></w:tc><w:tc><w:tcPr><w:tcW w:w="4894" w:type="dxa"/><w:tcBorders><w:top w:val="single" w:sz="4" w:space="0" w:color="auto"/><w:bottom w:val="single" w:sz="4" w:space="0" w:color="auto"/></w:tcBorders><w:vAlign w:val="bottom"/></w:tcPr><w:p w14:paraId="385ECF38" w14:textId="77777777" w:rsidR="009A537D" w:rsidRPr="00C37D29" w:rsidRDefault="009A537D" w:rsidP="000B0410"><w:pPr><w:spacing w:after="60" w:line="160" w:lineRule="exact"/><w:jc w:val="center"/><w:rPr><w:sz w:val="14"/></w:rPr></w:pPr><w:r w:rsidRPr="00C37D29"><w:rPr><w:sz w:val="14"/></w:rPr><w:t>Address</w:t></w:r></w:p><w:p w14:paraId="284065A5" w14:textId="77777777" w:rsidR="009A537D" w:rsidRPr="00C37D29" w:rsidRDefault="009A537D" w:rsidP="000B0410"><w:pPr><w:pStyle w:val="Caption1"/><w:tabs><w:tab w:val="center" w:pos="2734"/></w:tabs><w:ind w:left="-115"/><w:rPr><w:sz w:val="20"/></w:rPr></w:pPr><w:r><w:rPr><w:rFonts w:ascii="Times New Roman" w:hAnsi="Times New Roman"/><w:noProof/><w:sz w:val="20"/></w:rPr><w:t xml:space="preserve">     </w:t></w:r></w:p></w:tc></w:tr><w:tr w:rsidR="009A537D" w14:paraId="43910200" w14:textId="77777777"><w:trPr><w:cantSplit/><w:trHeight w:val="206"/><w:jc w:val="center"/></w:trPr><w:tc><w:tcPr><w:tcW w:w="5057" w:type="dxa"/><w:vMerge/><w:tcBorders><w:left w:val="single" w:sz="4" w:space="0" w:color="auto"/><w:bottom w:val="single" w:sz="4" w:space="0" w:color="auto"/><w:right w:val="single" w:sz="4" w:space="0" w:color="auto"/></w:tcBorders></w:tcPr><w:p w14:paraId="0AB26A9E" w14:textId="77777777" w:rsidR="009A537D" w:rsidRPr="00C37D29" w:rsidRDefault="009A537D" w:rsidP="000B0410"/></w:tc><w:tc><w:tcPr><w:tcW w:w="270" w:type="dxa"/><w:vMerge/><w:tcBorders><w:left w:val="single" w:sz="4" w:space="0" w:color="auto"/></w:tcBorders></w:tcPr><w:p w14:paraId="79B0EA4A" w14:textId="77777777" w:rsidR="009A537D" w:rsidRPr="00C37D29" w:rsidRDefault="009A537D" w:rsidP="000B0410"/></w:tc><w:tc><w:tcPr><w:tcW w:w="4894" w:type="dxa"/><w:tcBorders><w:top w:val="single" w:sz="4" w:space="0" w:color="auto"/></w:tcBorders></w:tcPr><w:p w14:paraId="1319103F" w14:textId="77777777" w:rsidR="009A537D" w:rsidRDefault="009A537D" w:rsidP="000B0410"><w:pPr><w:pStyle w:val="Header"/><w:tabs><w:tab w:val="clear" w:pos="4320"/><w:tab w:val="clear" w:pos="8640"/></w:tabs><w:spacing w:line="180" w:lineRule="exact"/><w:ind w:left="-108"/><w:jc w:val="center"/><w:rPr><w:sz w:val="14"/></w:rPr></w:pPr><w:r w:rsidRPr="00C37D29"><w:rPr><w:sz w:val="14"/></w:rPr><w:t>Telephone Number</w:t></w:r></w:p></w:tc></w:tr></w:tbl><w:p w14:paraId="2D068DEC" w14:textId="77777777" w:rsidR="009A537D" w:rsidRDefault="009A537D" w:rsidP="000B0410"><w:pPr><w:pStyle w:val="Header"/><w:tabs><w:tab w:val="clear" w:pos="4320"/><w:tab w:val="clear" w:pos="8640"/></w:tabs><w:spacing w:line="20" w:lineRule="exact"/></w:pPr></w:p><w:p w14:paraId="6F7F5AFE" w14:textId="77777777" w:rsidR="009A537D" w:rsidRDefault="009A537D" w:rsidP="000B0410"><w:pPr><w:pStyle w:val="Header"/><w:tabs><w:tab w:val="clear" w:pos="4320"/><w:tab w:val="clear" w:pos="8640"/></w:tabs><w:spacing w:line="20" w:lineRule="exact"/></w:pPr></w:p><w:p w14:paraId="03D2AE53" w14:textId="77777777" w:rsidR="009A537D" w:rsidRDefault="009A537D" w:rsidP="000B0410"><w:pPr><w:pStyle w:val="Header"/><w:tabs><w:tab w:val="clear" w:pos="4320"/><w:tab w:val="clear" w:pos="8640"/></w:tabs><w:spacing w:line="20" w:lineRule="exact"/></w:pPr></w:p><w:sectPr w:rsidR="009A537D" w:rsidSect="00E07716"><w:headerReference w:type="even" r:id="rId7"/><w:headerReference w:type="default" r:id="rId8"/><w:footerReference w:type="default" r:id="rId9"/><w:footerReference w:type="first" r:id="rId10"/><w:type w:val="continuous"/><w:pgSz w:w="12240" w:h="15840"/><w:pgMar w:top="245" w:right="936" w:bottom="245" w:left="936" w:header="864" w:footer="432" w:gutter="0"/><w:cols w:space="720"/><w:titlePg/></w:sectPr></w:body></w:document>