<?xml version="1.0" encoding="UTF-8" standalone="yes"?>
<w:ftr xmlns:wpc="http://schemas.microsoft.com/office/word/2010/wordprocessingCanvas" xmlns:cx="http://schemas.microsoft.com/office/drawing/2014/chartex" xmlns:cx1="http://schemas.microsoft.com/office/drawing/2015/9/8/chartex" xmlns:cx2="http://schemas.microsoft.com/office/drawing/2015/10/21/chartex" xmlns:cx3="http://schemas.microsoft.com/office/drawing/2016/5/9/chartex" xmlns:cx4="http://schemas.microsoft.com/office/drawing/2016/5/10/chartex" xmlns:cx5="http://schemas.microsoft.com/office/drawing/2016/5/11/chartex" xmlns:cx6="http://schemas.microsoft.com/office/drawing/2016/5/12/chartex" xmlns:cx7="http://schemas.microsoft.com/office/drawing/2016/5/13/chartex" xmlns:cx8="http://schemas.microsoft.com/office/drawing/2016/5/14/chartex" xmlns:mc="http://schemas.openxmlformats.org/markup-compatibility/2006" xmlns:aink="http://schemas.microsoft.com/office/drawing/2016/ink" xmlns:am3d="http://schemas.microsoft.com/office/drawing/2017/model3d" xmlns:o="urn:schemas-microsoft-com:office:office" xmlns:r="http://schemas.openxmlformats.org/officeDocument/2006/relationships" xmlns:m="http://schemas.openxmlformats.org/officeDocument/2006/math" xmlns:v="urn:schemas-microsoft-com:vml" xmlns:wp14="http://schemas.microsoft.com/office/word/2010/wordprocessingDrawing" xmlns:wp="http://schemas.openxmlformats.org/drawingml/2006/wordprocessingDrawing" xmlns:w10="urn:schemas-microsoft-com:office:word" xmlns:w="http://schemas.openxmlformats.org/wordprocessingml/2006/main" xmlns:w14="http://schemas.microsoft.com/office/word/2010/wordml" xmlns:w15="http://schemas.microsoft.com/office/word/2012/wordml" xmlns:w16cid="http://schemas.microsoft.com/office/word/2016/wordml/cid" xmlns:w16se="http://schemas.microsoft.com/office/word/2015/wordml/symex" xmlns:wpg="http://schemas.microsoft.com/office/word/2010/wordprocessingGroup" xmlns:wpi="http://schemas.microsoft.com/office/word/2010/wordprocessingInk" xmlns:wne="http://schemas.microsoft.com/office/word/2006/wordml" xmlns:wps="http://schemas.microsoft.com/office/word/2010/wordprocessingShape" mc:Ignorable="w14 w15 w16se w16cid wp14"><w:p w14:paraId="1159EB4E" w14:textId="77777777" w:rsidR="00AC2AB7" w:rsidRDefault="00BF3A70" w:rsidP="00735FBC"><w:pPr><w:pStyle w:val="Footer"/><w:tabs><w:tab w:val="right" w:pos="10260"/></w:tabs><w:spacing w:line="240" w:lineRule="auto"/></w:pPr><w:r><w:t>CV-424</w:t></w:r><w:r w:rsidR="004C7DD3"><w:t>, 11</w:t></w:r><w:r w:rsidR="00AC2AB7"><w:t xml:space="preserve">/11 </w:t></w:r><w:r><w:t>Earnings Garnishment -</w:t></w:r><w:r w:rsidR="00AC2AB7"><w:t xml:space="preserve"> </w:t></w:r><w:r><w:t>Debtor's Answer</w:t></w:r><w:r w:rsidR="00AC2AB7"><w:t xml:space="preserve"> </w:t></w:r><w:r w:rsidR="00AC2AB7"><w:tab/><w:t xml:space="preserve">§§812.34(2), 812.37, 812.39(2), and 812.44(4) &amp; (5), </w:t></w:r><w:smartTag w:uri="urn:schemas-microsoft-com:office:smarttags" w:element="place"><w:r w:rsidR="00AC2AB7"><w:t>Wisconsin</w:t></w:r></w:smartTag><w:r w:rsidR="00AC2AB7"><w:t xml:space="preserve"> Statutes</w:t></w:r></w:p><w:p w14:paraId="41A4BCAB" w14:textId="77777777" w:rsidR="00AC2AB7" w:rsidRDefault="00AC2AB7"><w:pPr><w:pStyle w:val="Footer"/><w:spacing w:line="240" w:lineRule="auto"/><w:jc w:val="center"/><w:rPr><w:b/><w:sz w:val="16"/></w:rPr></w:pPr><w:r><w:rPr><w:b/><w:sz w:val="16"/></w:rPr><w:t>This form shall not be modified. It may be supplemented with additional material.</w:t></w:r></w:p><w:p w14:paraId="67E6C1D6" w14:textId="77777777" w:rsidR="00AC2AB7" w:rsidRDefault="00AC2AB7"><w:pPr><w:pStyle w:val="Footer"/><w:jc w:val="center"/></w:pPr><w:r><w:rPr><w:snapToGrid w:val="0"/></w:rPr><w:t xml:space="preserve">Page </w:t></w:r><w:r><w:rPr><w:snapToGrid w:val="0"/></w:rPr><w:fldChar w:fldCharType="begin"/></w:r><w:r><w:rPr><w:snapToGrid w:val="0"/></w:rPr><w:instrText xml:space="preserve"> PAGE </w:instrText></w:r><w:r><w:rPr><w:snapToGrid w:val="0"/></w:rPr><w:fldChar w:fldCharType="separate"/></w:r><w:r w:rsidR="001F3F45"><w:rPr><w:noProof/><w:snapToGrid w:val="0"/></w:rPr><w:t>2</w:t></w:r><w:r><w:rPr><w:snapToGrid w:val="0"/></w:rPr><w:fldChar w:fldCharType="end"/></w:r><w:r><w:rPr><w:snapToGrid w:val="0"/></w:rPr><w:t xml:space="preserve"> of </w:t></w:r><w:r><w:rPr><w:snapToGrid w:val="0"/></w:rPr><w:fldChar w:fldCharType="begin"/></w:r><w:r><w:rPr><w:snapToGrid w:val="0"/></w:rPr><w:instrText xml:space="preserve"> NUMPAGES </w:instrText></w:r><w:r><w:rPr><w:snapToGrid w:val="0"/></w:rPr><w:fldChar w:fldCharType="separate"/></w:r><w:r w:rsidR="001F3F45"><w:rPr><w:noProof/><w:snapToGrid w:val="0"/></w:rPr><w:t>2</w:t></w:r><w:r><w:rPr><w:snapToGrid w:val="0"/></w:rPr><w:fldChar w:fldCharType="end"/></w:r></w:p></w:ftr>